time,Marker ID,Tx_landpad,Ty_landpad,Tz_landpad,Roll_landpad,Pitch_landpad,Yaw_landpad
1724949663529913171,682,-0.5654423092342966,-0.146168104315047,1.6177918072671729,96.68083350985422,-2.988015506100324,179.76108298170314
1724949663651830932,682,-0.5795399806721914,-0.1457572726893148,1.6461860225328593,94.30217497954816,-10.115019422503057,172.7909389616129
1724949667498231868,272,-0.02377462450412149,-0.33572540359715225,1.4531123412828648,78.31064048278395,9.65977812656652,-177.8459988553601
1724949667628982337,272,0.0012336711803967726,-0.27748901431640655,1.5186895357197343,78.68362252245947,2.052541285898377,178.32281240943712
1724949667782271868,272,0.015277366082492333,-0.20578730678863744,1.5786023459640424,81.58483173196316,-6.998624281499663,155.15838471763504
1724949667931296659,682,0.03236598304835241,-0.09400355511266113,1.5356272172099985,82.12663103913846,-4.635641683732994,161.52205382490226
1724949671807131085,682,-0.023939306452486427,0.11972568481157023,1.4712366278516293,81.35737636102368,8.974258127590845,160.87188036852024
1724949672562119887,682,-0.08057009298964299,0.12306092517789427,1.4694371444327992,81.69328478567199,6.6951834733250095,160.35125068511772
1724949672717107647,682,-0.11979227345648152,0.12313869791614873,1.4859847515661608,83.24963493172538,5.453131073288789,167.19374441713063
1724949672847021553,682,-0.14935294756432918,0.11889892280250836,1.4661462233275007,81.7586740980549,7.257268936946696,162.54249360711796
1724949672975698168,682,-0.1717326109554579,0.12314572568782317,1.4631890530912375,84.78686588383626,-16.522206815801397,-176.46512825822302
1724949673106962959,682,-0.20867024200978918,0.10536310445967839,1.4874186838732424,84.04787789596438,5.480639691534517,168.5835561521324
1724949673223352907,682,-0.2147861444984665,0.09361432565322042,1.477788699504718,84.506781638842,4.681841253163327,168.56073483686154
1724949673339270147,682,-0.21773904263713917,0.08067080988102669,1.4839439950747704,83.97988246823078,5.389899283492028,170.03095140881322
1724949673458892386,682,-0.207261496793634,0.07358719908705062,1.4684516870483393,86.40857377795737,-3.071987982200698,163.626442727662
1724949673581109730,682,-0.20568310494147168,0.06060442831483111,1.4608437730130786,84.00149733836201,5.031264160159302,164.07356567627966
1724949673694374053,682,-0.23850104954052045,0.05170155641202686,1.480230058471145,84.40345136368327,0.274636856579322,173.16528951639856
1724949673813553272,682,-0.25765359253041537,0.04652840959089711,1.4757729651945934,84.51214702311844,7.331523632171075,172.32577736711156
1724949673944827386,682,-0.254880685736919,0.03415578851168406,1.4582491017585995,87.46787379869913,-11.186951958082362,168.85952250482532
1724949674060779626,682,-0.2585224014979288,0.016903108729170717,1.4791201755954655,82.96669847872835,12.589998758445105,168.2088006617786
1724949674183476240,682,-0.26607510472402385,0.003653924827482967,1.4706969561015797,82.98582370102218,9.647954524146874,164.80792803097816
1724949674297690303,682,-0.2713056530060739,-0.0042960701647555555,1.4720736500013725,82.35506440979437,13.193642058481819,168.38803991260528
1724949674414607542,682,-0.2760992576794373,-0.015844272717545828,1.468209317285672,83.62788162045922,4.55348896464077,165.19059185937334
1724949674535126761,682,-0.2823673149733275,-0.022969789450086556,1.476212122552275,84.04186371255928,9.896193646977956,174.98424151973538
1724949674676504521,682,-0.27984170977296896,-0.025329359358671505,1.4617430647493754,84.397642269785,10.455392995234918,-179.8994439371362
1724949674786935198,682,-0.28035111552261105,-0.03255392391350534,1.4813842259282304,83.73514480899087,13.007345581103602,175.9952610208447
1724949674916531657,682,-0.2817679959162779,-0.03992222903928004,1.4947556950306768,83.73679423096387,8.708375705581672,177.00631750445277
1724949675064510511,682,-0.278180467595079,-0.04166710378390982,1.4447941753160862,84.59009897299721,-0.24327890997077295,-175.7746428115142
1724949675177039938,682,-0.28183819691893314,-0.04421878818194029,1.4607758201285173,84.54145398340597,6.270186108169,179.15984622238906
1724949675299658063,682,-0.2865299829847549,-0.04879350568953616,1.4639934025660408,84.59607606823371,0.7350570183056204,178.08756628535298
1724949675440497907,682,-0.2896505361574334,-0.04903160225630982,1.4707203642676916,83.07363643917245,9.430229241536667,167.0332101340687
1724949675547255511,682,-0.28827726494330624,-0.056083087223190484,1.4504579117163285,86.67020067820897,-10.741159418087026,171.8106616114928
1724949675688276865,682,-0.29465799804351994,-0.0653189435191516,1.477543851200635,81.94221310885293,13.328043616100535,168.35170085191453
1724949675829686813,682,-0.291149247007528,-0.06459569205097586,1.4584689541777802,84.933882284438,2.174034978743926,164.32242050215106
1724949675962821135,682,-0.29545528213317435,-0.06559526068558424,1.4731037746490139,84.32374104261493,4.846928635528125,166.62379716654604
1724949676099207958,682,-0.29818805816979266,-0.07169050319539352,1.471278636272315,85.17958665085644,0.5031503559089741,176.48976528803013
1724949676216881865,682,-0.2903943002662461,-0.08339344165951737,1.4607651345174586,85.83832385588839,-0.8012946058967387,167.57636597422174
1724949676343709990,682,-0.2852320344170281,-0.08418571471706948,1.4730464040738962,83.7531459531723,8.904594935737956,169.84944518019114
1724949676476763062,682,-0.27693539860481153,-0.08640402576770326,1.4561992095685248,85.93237620940171,-3.794076325167599,170.8978254683516
1724949676597954625,682,-0.26755419424368865,-0.0858374716331037,1.4697913528604454,84.54365091684993,10.966929211326981,176.77987445292192
1724949676714898531,682,-0.26270692298183324,-0.08399638812948386,1.4766445889261313,84.05158010895533,9.166247893552102,173.46308103716214
1724949676832761343,682,-0.24710195972271398,-0.08980638261344612,1.464058465120475,85.87106050667494,-3.9544050828245285,172.89017387621982
1724949676965312958,682,-0.2450497236748991,-0.12035186426302336,1.443486543486848,85.21901855896733,4.5430387540547335,159.23757486904753
1724949677084085875,682,-0.2468769654176862,-0.10063182342967675,1.425684430803111,84.54076475636361,6.762039319566558,158.44941363436595
1724949677219940927,682,-0.2454244701056699,-0.08164906634702117,1.4380428867488941,85.26218178931482,5.956658026863985,-173.16113813640123
1724949677361160197,682,-0.24474673036645492,-0.05548909654418027,1.4746368315143576,85.16582428993404,6.657555057403103,177.7019434815535
1724949677460222333,682,-0.24502167299587427,-0.06278200317817925,1.4771455566671865,83.52678326944911,16.617444470195284,173.56133995099722
1724949677577493843,682,-0.23978530485993363,-0.06908004021864876,1.4708955578874683,84.29208917721552,9.423081191935209,168.77209351587754
1724949677707681239,682,-0.2378135324368985,-0.07389581676552825,1.4718063541562079,85.20741563914656,0.06283543784965838,175.96432754258373
1724949677840866864,682,-0.23391342448851532,-0.05028579030633361,1.452171813914817,85.63434939487433,3.1701333381852983,-176.34218233623278
1724949677977072072,682,-0.22892524125839114,-0.023002349622753826,1.4068021877436652,85.65909482953435,0.7061098166780129,157.05711580606294
1724949678103166656,682,-0.22175351765905754,0.043055184479299326,1.4047717335461767,85.53113496091753,1.7127223059087215,-169.21734790732248
1724949678227720874,682,-0.22260082863635683,0.11630502689342906,1.461245664232974,85.60140354391184,0.7271585565026342,179.7888277955442
1724949678346859833,682,-0.21874980090455445,0.1263664491004555,1.4331250180369266,84.5105140908783,-1.1284338201025828,160.55065986168634
1724949678479455510,682,-0.2235816428814179,0.12000799292045318,1.471368212711744,84.02341180243924,5.082529065951005,171.44249159017073
1724949678611564884,682,-0.2198519576910795,0.11869841736924636,1.4713985016333855,85.36002447608082,3.2947647159464277,175.77908647202756
1724949678728933530,682,-0.21296679770720392,0.10808992474593804,1.4669780568239423,84.25598141713685,0.5922970729480573,167.15931083507843
1724949678847265926,682,-0.2126129835920562,0.09365514069364268,1.4732341172957688,84.15005495584846,7.263706160847843,173.9755301710535
1724949678978522957,682,-0.20804064078556184,0.07542880775885324,1.463079565832136,85.10496368344657,1.6597306559445186,-177.66600770409912
1724949679107754363,682,-0.20856266548438682,0.10643966115716001,1.4678865121066607,83.77375209943601,6.4186754856993735,166.66637360127868
1724949679244844572,682,-0.20236062580526287,0.07922723536331017,1.489079947298236,83.38218826276558,17.243000420161785,172.9083953525332
1724949679362522020,682,-0.19391056337890855,0.05067875512656908,1.4864099668100978,83.88839565271927,12.345004063277745,175.57108772204683
1724949679481848113,682,-0.1879316301584186,0.025612240144424418,1.490256853863368,82.56754361372563,17.879183454140573,171.57840003331356
1724949679609074988,682,-0.1805409918384394,0.03160120155773169,1.4815785854588177,84.89261150990897,5.954838069781707,178.1278960394314
1724949679729914415,682,-0.17495378578028478,0.054742136523931416,1.4449406500679258,85.62534783543158,-1.0126064349189194,162.76793922180437
1724949679849071551,682,-0.17404771816366088,0.05224904405880187,1.4834505083144984,84.17916422925632,6.624424782663257,172.23717573358672
1724949679972003999,682,-0.16523249713602267,0.04785303492730081,1.474121064135067,84.6643568932671,5.380186753381989,167.86867023359756
1724949680087521915,682,-0.16266517370077066,0.03859641321466014,1.489565498896455,84.85301264848843,9.497644176237198,177.89624513440782
1724949680211682332,682,-0.1577697325450948,0.04324404446770719,1.4584769989587845,85.11252912570632,-1.0217473271610777,163.03512191495005
1724949680343739050,682,-0.15642680034686424,0.05040593848134038,1.4914656783846827,84.28871372221184,8.115639639163238,170.83786856620466
1724949680472226863,682,-0.15240791041838092,0.0409625111138992,1.5073220491158397,84.56412052986941,-0.6265071773176831,168.7723062805333
1724949680596480717,682,-0.15570099234087498,0.03513747629644756,1.5393245797314696,83.59663458400472,8.078245477037084,169.14999833344066
1724949680725426759,682,-0.16005026365500785,0.036407935799003165,1.5664759489776192,85.0671963685058,0.3376641171989786,166.40403958649833
1724949680854884102,682,-0.1658317624319473,0.03378605347585576,1.6408218028691386,85.0898933627111,5.4113700726172205,-179.41380368978741
1724949680975070404,682,-0.16964077502439548,0.03183703945377082,1.6516761626080392,84.42620797678825,4.319000935150823,167.08869708517187
1724949681099322852,682,-0.17608355620287403,0.03156217849453965,1.6956572410659434,84.50021011212738,7.968840053599795,178.8855006856578
1724949681217145977,682,-0.1774634548965076,0.04465333597115684,1.7165590217826814,85.10816533655489,4.618268788460869,-179.15036753102078
1724949681336145456,682,-0.18379373663852228,0.05005762815010661,1.7709357169387543,83.90214892818874,12.87957206280855,174.6337203624034
1724949681463569727,682,-0.17933805774510925,0.05178692057917156,1.765866327094783,84.20274590126469,4.795387072034052,164.2687384325795
1724949681595378113,682,-0.1812854176774755,0.061469527223333625,1.8402805853990352,83.87616939610854,3.826647042241725,170.1226064131462
1724949681716155925,682,-0.18300618382746792,0.07007682646172977,1.8686762831713692,84.1516486818264,9.556131023568861,171.04585760580042
1724949681849544414,682,-0.18676651197220945,0.07615217566451407,1.8576241942177647,85.57319748179346,-0.8307572813148355,-171.6687186156893
1724949681989544310,682,-0.18711631670448403,0.07653265032075554,1.8776083471646088,85.00158089145297,1.3051273625423074,164.51020715571056
1724949682107682800,682,-0.1929217001281871,0.08346129065179132,1.9061068188944308,82.8318835602906,4.636539604795992,160.30813274187508
1724949682229554831,682,-0.19944217210955675,0.09236716669823959,1.9789125483994137,85.56696935843854,0.572979370056902,-173.62233147354115
1724949682358904779,682,-0.19389064978988083,0.1038565596026203,1.9551066341721175,84.13379211999673,0.7217454949567086,159.85155912471927
1724949682487478008,682,-0.20462792323453985,0.11123136284443663,2.027196584905216,84.57213873615115,1.732886749760011,164.93588591518184
1724949682625556133,682,-0.21856531351074127,0.12288810839712927,2.079379905729141,84.62181616186375,1.4542459173699724,165.85585384425724
1724949682751547539,682,-0.22809217778513718,0.12818233471804724,2.1043926578972805,83.52464747727264,4.859329514520795,168.55937746392547
1724949682884133268,0,-0.2052086031534951,0.10347932264857373,2.2280610623725248,84.62662153641699,0.39801564579839843,164.59455867455569
1724949682884133268,682,-0.24387810774402535,0.13947115353205447,2.1707705138221725,83.81811366560467,7.4131195362889875,173.60936640544446
1724949683015131497,0,-0.21413614902070627,0.12802121250996187,2.086362314614407,84.70852874795733,0.41007292187890654,164.27246056015719
1724949683015131497,682,-0.24687375543906012,0.1475104297163577,2.136417343060828,84.4247352210118,-9.80038594889383,-172.8601675492751
1724949683153133841,0,-0.22839187202376393,0.14678559472998587,2.1456611128245076,84.18901958227066,1.6812380011800183,165.65679512751404
1724949683153133841,682,-0.2614762294875246,0.17026043143357092,2.218582874433157,86.09286098966865,3.884648872424643,-175.05553130567506
1724949683303658060,0,-0.24302586428531145,0.14545898127791976,2.182675099037784,84.49308807359458,-0.9430014156529017,167.70556839384008
1724949683303658060,682,-0.27763700156748505,0.16921472227942308,2.2413355700278115,82.85431957825966,9.591556331353146,166.68563607001138
1724949683431666497,0,-0.25891516473897713,0.13955177537974756,2.223569988151897,84.27384024366154,0.1451280696421005,168.88690273566394
1724949683431666497,682,-0.2929842776338686,0.16226917845312816,2.28455390106928,83.98609586023309,1.0995944827738435,167.15242015845013
1724949683551050247,0,-0.2719557657570425,0.14945022791734003,2.2506894888831637,84.13271840797961,2.2943230687979086,165.32272161025452
1724949683551050247,682,-0.3089493015393306,0.1698035109887001,2.3261185140705987,85.94447527404714,-15.582466112420793,175.05899818876827
1724949683683292122,0,-0.2897134839579555,0.14993293565220306,2.303820706491058,84.50749007528344,-2.2158700112996654,171.6780993483183
1724949683683292122,682,-0.3177704020320909,0.17446933368580042,2.3190097919847315,84.8540122643257,-4.488726294166883,-175.35020664636843
1724949683826113268,0,-0.2938333482833043,0.15274083156905366,2.308706279397414,84.22279255423665,1.1537401489320651,165.68040557096052
1724949683826113268,682,-0.3254032481025325,0.17400441823417453,2.333687052225271,84.55057561847238,-7.190283157261964,-174.724095375477
1724949683957950820,0,-0.31605390642871667,0.16023091947702384,2.3686190885454415,83.92756137691397,2.4284663938649604,166.48658343761608
1724949683957950820,682,-0.3486946807366369,0.17771982339556586,2.3941713208842,81.74359210134145,6.4644645455814445,162.2386342756904
1724949684096726862,0,-0.33080202914013535,0.15611726158715913,2.4118592021875402,84.23523963886412,0.8331344360487668,171.44454466825778
1724949684096726862,682,-0.3640299153945718,0.1759675983298102,2.450269017678726,82.9508679048132,7.39343143319856,169.5089389405423
1724949684236197695,0,-0.33536569081762285,0.15356831056580833,2.4118051152976854,84.31031822953645,-0.5618053608540837,167.47972160922617
1724949684236197695,682,-0.3571109228718376,0.17258008907927566,2.396554695424682,86.07421175079514,0.7308362020732754,-168.6914596372209
1724949684395898216,0,-0.3531731761419239,0.14661221283090156,2.483587475522538,84.41882972512873,-0.8612994292195757,172.6468159427779
1724949684395898216,682,-0.3835315419873018,0.17117805238080303,2.502865604721472,84.39102645032854,-0.2889445515372187,165.52938422042067
1724949684506075455,0,-0.3566336111855838,0.14213425204196403,2.4902871245151474,84.3324523347178,1.5190760607060692,167.22893460364094
1724949684506075455,682,-0.39633860047062497,0.16156062272828092,2.569505309345829,81.79846552946938,10.635529773542403,169.30479508968514
1724949684638703059,0,-0.37150190100891944,0.1315066389092071,2.6045074161497164,84.09135462437692,3.9412417625982172,-173.63334137749212
1724949684638703059,682,-0.40119138293548673,0.1555498647322687,2.591656804715098,82.8501581289588,13.72454515866774,171.51664277899826
1724949684762610663,0,-0.37937150529417707,0.125407986003565,2.5635684982271383,84.45249908097259,-0.201487200550412,169.95104709262154
1724949684762610663,682,-0.4026902460657143,0.14327268544950658,2.528480262208582,84.2348344052373,-9.789424564991547,-171.8390287120975
1724949684897267747,0,-0.3876905253491759,0.1238597180271789,2.573181248009824,84.41721003407223,-1.9165173871963137,169.26954979139722
1724949684897267747,682,-0.416042905667627,0.14725255396573292,2.603129138173476,84.98360434760586,6.380991399971389,-179.39211970928864
1724949685018843945,0,-0.3930630293549007,0.11914433576180308,2.66581294473098,83.76789152663213,3.4653339696686896,172.3854462278739
1724949685018843945,682,-0.4068912395092641,0.1374749582754412,2.6046718692234134,89.14472662264481,-16.74692245684498,161.10744781636296
1724949685152729101,0,-0.3954242095122432,0.12200130191092906,2.6787388098068345,83.64096348069202,1.9233796029545924,168.96545637645164
1724949685152729101,682,-0.4247547738495454,0.1446551611846938,2.7115053537646,82.42296122463188,4.492397481175253,163.38525284586512
1724949685292273997,0,-0.3952277547352813,0.12546510929146554,2.6931040228074576,84.3275331120373,-0.9031181832049324,166.73479415049994
1724949685292273997,682,-0.43881893591920385,0.14498345745997815,2.7901099437143353,84.94852197255894,-7.395864231647066,164.7626841717374
1724949685419812174,0,-0.40215382562815694,0.11696932867896509,2.745580240649879,84.08041399276777,-0.7938889324619496,167.51343655949046
1724949685419812174,682,-0.43120294315200547,0.13464924362457406,2.7509376360577833,85.8173190136359,-8.481149855000407,160.21524125802708
1724949685542526392,0,-0.40657818591110556,0.11029910193831441,2.789698851594304,83.67121652035995,0.5018775828649131,165.65180143322027
1724949685542526392,682,-0.44673832285804804,0.12637614474538758,2.8773932920765435,85.89588612856315,-22.70330403938973,174.2578451126266
1724949685671369048,0,-0.4202583774191233,0.10468726479357568,2.86724229614925,83.1507239925292,2.4502522686178594,165.806552168253
1724949685671369048,682,-0.46222058342259364,0.12403372580682825,2.9512048003139486,82.27205259188989,6.673949647844712,172.48510953752125
1724949685792835559,0,-0.43161398018219077,0.09876226204807703,2.894711564183971,83.45079189686956,0.27952056126659997,166.30587043615012
1724949685792835559,682,-0.4714906811087337,0.11450551051578156,2.984837272984639,83.10779276204062,5.780665340457927,175.66762509773997
1724949685936898736,0,-0.4376271347254639,0.07893740562788293,2.944992224977105,83.56200304691741,-0.300184278780894,166.50753763338057
1724949685936898736,682,-0.47645658109830025,0.09449455163759746,3.028274864575308,83.36605639599955,6.415900424050612,178.80542658139325
1724949686058912486,0,-0.4548238983256698,0.06203790172843071,3.0201852498422963,83.05806848462343,0.18086290162034638,169.04483561695872
1724949686058912486,682,-0.48290858931995884,0.08234511091639314,3.0253615182597446,83.4506216186489,-4.301123614065952,-173.37175582558683
1724949686173504205,0,-0.4815857802804112,0.05423333137908215,3.065032148605813,83.38918520791358,-1.414441200562144,168.93223453302397
1724949686173504205,682,-0.5186415882870007,0.0745285500629003,3.126648504807619,84.6302792587714,-11.807384390272116,174.77763836317257
1724949686302493892,0,-0.493364197481149,0.04270412102280405,3.114121601240727,83.84028350268211,-5.312397024500092,173.03238041340197
1724949686302493892,682,-0.526246733796533,0.06667901046644743,3.1727689088941196,85.58490863978409,-13.453147947173933,172.25137920253266
1724949686432576079,0,-0.48378506296989976,0.04069813582500825,3.1565467999735137,83.60707294708581,0.9033281269565336,168.0199708127478
1724949686432576079,682,-0.5235091713638935,0.059751048794890654,3.238272774923878,84.95760917619101,-7.293771284925759,177.14730571610215
1724949686568107486,0,-0.4823879332948029,0.02176321719674207,3.202761902689787,84.20723172630161,-2.6095660028685597,170.14724369943508
1724949686568107486,682,-0.5187366235011693,0.04011358928634972,3.2836855222646237,83.92390421608995,10.771640645103943,179.34512642169824
1724949686691741652,0,-0.49397360664338463,0.007044207702157745,3.2435072819653605,83.94625639661692,0.18339375463741897,168.14556056708923
1724949686691741652,682,-0.5267003117807593,0.024360319613692012,3.298489051051223,83.7462511248272,11.66536554609852,176.74416530791544
1724949686825155194,0,-0.5123389354730954,-0.004355205328694378,3.333993561303079,84.26632161197657,-2.0780023189893155,172.36895140533076
1724949686825155194,682,-0.5507131458306083,0.01964074476983995,3.4045555396778022,84.88257022740714,-11.289669102811532,174.44285737162073
1724949686947726704,0,-0.5021824606077583,-0.0022421934033905466,3.3124586082165814,84.47171033099353,0.528751244014728,162.85265558947054
1724949686947726704,682,-0.5279565252331685,0.014258601973715701,3.304654247924189,82.44327367963784,4.392953468530771,155.4933797192433
1724949686947726704,272,-0.5415534672115387,-0.00726887895240691,3.513997134155253,87.38761382625346,-17.354057419985708,164.85344414269483
1724949687076553944,0,-0.4971087334801324,-0.0065118612223663,3.358981595216246,85.1833622953293,-3.186584198026178,166.56919828643274
1724949687076553944,682,-0.5162627504780026,0.017686469398557024,3.3144272116734603,83.1802803205159,2.117002092593362,152.42187228818162
1724949687076553944,272,-0.5076215686714056,-0.014639815684088092,3.4207431519233764,83.04536487289282,6.174354215603772,172.81594529555966
1724949687206925454,0,-0.49874804293300284,0.00885906875475595,3.4831922227034005,84.53642828819818,-0.3050642994545717,170.69799348055275
1724949687206925454,682,-0.5317107141954905,0.03276090933045683,3.5429786586994845,82.17787694741206,16.73224301334832,169.42908954102745
1724949687330795350,0,-0.48161746486356505,0.0392966529042289,3.4083860214174866,84.30547054914695,3.238141165271499,160.93245962184818
1724949687330795350,682,-0.5147596816153412,0.0500633600151784,3.4722514061295686,84.93631641229175,-0.07660383859877253,-172.6344829747802
1724949687458145142,0,-0.47735876765854923,0.032215710957385624,3.4873566772715923,86.39120813712182,-8.592029765101737,168.6269928520141
1724949687458145142,682,-0.5067823862979723,0.05708589911901719,3.528359634765371,85.51974967924015,7.349773915120395,-172.09025031838533
1724949687586295037,0,-0.48688670043889226,0.051613330206791846,3.6844466917135468,83.85498446723146,4.836650519606075,-173.15434771152172
1724949687586295037,682,-0.5086666008073093,0.07952810208791557,3.6380174889828534,82.09560742258398,5.2164103373172095,158.3538035682391
1724949687712550037,0,-0.466886547160001,0.08141799038901351,3.615203120077734,85.51240728965155,-2.2214799069830895,166.14381967507742
1724949687712550037,682,-0.5072083201202017,0.09976220556784818,3.7319330180710617,84.94449511863527,19.443640840218265,179.34509108526808
1724949687844365141,0,-0.4497784303731227,0.10500380812061558,3.6399287699790657,84.84267724429012,-0.833960779191327,163.05280582231921
1724949687844365141,682,-0.47227511699147484,0.12242527792275101,3.6446091543028336,85.20384094595344,-2.044385246758804,157.46774168680855
1724949687969020037,0,-0.43926182077806675,0.10376690752213807,3.81008845844636,84.59340163000523,4.670148934498658,-168.9639367910832
1724949687969020037,682,-0.47740065380907976,0.12721256059485278,3.871847747628946,84.52310399536452,9.569909802761085,175.211440969626
1724949688107478787,0,-0.42160769248324875,0.11687954167807915,3.8090306200437554,85.44361592552289,-4.361342109102018,169.0918702794946
1724949688107478787,682,-0.43519710327358435,0.13659560236643237,3.7006576993292306,86.34911562598948,-5.062060267170785,154.81375074700367
1724949688249537225,0,-0.42594630200345884,0.14998072421452674,3.914160837239509,84.4369691867626,3.5546474588796144,-170.50777326145922
1724949688249537225,682,-0.4617634270088542,0.17670003835239287,3.981179741865191,87.32777650928125,-19.471239356366112,171.73671759377092
1724949688375536860,0,-0.43404952399153973,0.18604258348118322,3.979465127609382,84.67748836519014,2.2092111963413905,-171.38607053887984
1724949688375536860,682,-0.4683094682956509,0.21037450605359928,3.9983916777093347,80.77742481775226,10.150528270796197,160.79233987026691
1724949688504073527,0,-0.4186367103289518,0.20175446517314813,3.9400895334267325,85.5299697650927,-6.320699038651072,168.58249923330055
1724949688504073527,682,-0.44782599751820246,0.22416379700163755,3.9708831047236544,86.68157101018882,6.561024351755826,-172.01605923990334
1724949688629168110,0,-0.41560409826101535,0.22707328750502098,4.035595600502945,83.64035690020715,1.8345284368571793,168.0860577510752
1724949688629168110,682,-0.45176808223612863,0.25839802073833307,4.174541366488112,83.90075426739466,7.831163045531423,170.81439609593758
1724949688754834881,0,-0.4067277618725167,0.24898911035817914,3.975727147019637,83.98516516723795,0.5181317363152859,161.85651461426858
1724949688754834881,682,-0.4526842848157677,0.2712621173590136,4.182376143150232,83.66471913478495,9.575954956054773,173.1796820458297
1724949688889819985,0,-0.4303306653524951,0.2690024152277242,4.254527589923732,83.50358585031654,4.434843846610853,176.52121257320906
1724949688889819985,682,-0.4350143663914282,0.2868708377498545,4.038538135373835,86.09495513625656,-8.566350571845243,155.85939347040417
1724949689012924985,0,-0.40973987591024125,0.2999204287268948,4.051857720151833,83.92628032525491,-1.4742165320039662,161.82165465271376
1724949689012924985,682,-0.4593245463874769,0.32741788986483294,4.312537171623994,86.11795458423508,-19.620587660400965,174.11676941309472
1724949689148387068,0,-0.4268714375998567,0.3293365089503776,4.244131742944113,84.23968600377272,-0.8202971970851484,168.35121058722203
1724949689148387068,682,-0.4728659763925013,0.35906933246290607,4.411770994363227,83.21751262193729,-4.680388696446895,178.15202735284524
1724949689279113839,0,-0.4307813739588882,0.3477347304102626,4.225287519560588,84.01168576979245,-3.7908030036334535,165.90025732620165
1724949689279113839,682,-0.4722577735701867,0.3762086738316125,4.374014992844551,83.77536445244102,10.576932899103392,175.1962841489006
1724949689409159672,0,-0.4442973270860745,0.3766862919083435,4.406375492662843,84.39702129811374,-5.236440590885827,-179.6189815725999
1724949689539146287,0,-0.4331898801753513,0.37463215238932,4.4109612567109195,84.16684782378731,-4.143628491597197,173.57199135006687
1724949689666553578,0,-0.4406366758706928,0.379089559568763,4.339078376220866,84.35609048140039,-2.315675239724888,163.93680014447065
1724949689793832745,0,-0.4714460589579027,0.3993210034322969,4.550895540825398,84.07829010995847,-4.842188540539891,-177.83280386557115
1724949689924984880,0,-0.47029728859066044,0.4080579890312949,4.571578805796763,84.3699465398784,-4.353211841185198,-172.72880210621776
1724949690062047120,0,-0.4952323867159567,0.42928819199113516,4.62482804300081,83.69211997319447,0.3166372584849541,170.15290579642965
1724949690218810609,0,-0.5169081062261127,0.41808056035850094,4.665373245002026,84.67268079416543,-5.52524576960149,-175.19246639790467
1724949690372665817,0,-0.5366346294326276,0.4189888934116931,4.71292172307504,84.11431524786197,-0.4933705575606245,169.19967629398005
1724949690504867067,0,-0.5562884818954628,0.43380538616276965,4.770230426626696,84.35653698882768,3.4647225551289336,170.30894668180352
1724949690643174880,0,-0.5762360076259962,0.44213621603399234,4.822984914123736,84.48677358331737,-5.212746578507478,-173.80834034406297
1724949690784444672,0,-0.587359733261801,0.43842402823234433,4.830509796668958,86.1634364422423,-9.116426100332133,170.50703666837077
1724949690935041703,0,-0.6077263131399662,0.4144645960021044,4.932528025957232,84.42643395508935,-5.901641349696951,-176.15660149635966
1724949690935041703,682,-0.6420223986235944,0.4417515501443481,5.002536180268987,83.73349048502106,11.983560880246012,173.60320530199348
1724949691093335817,0,-0.6006604451045482,0.3893380697875395,4.878538873321569,83.97460490774682,-9.799444562723037,-172.5794441384403
1724949691093335817,682,-0.6216043862145005,0.41708312541322107,4.935424659510962,87.49954030815917,-8.385402255229385,159.10404675795039
1724949691238861963,0,-0.6204588571737555,0.4245155852479196,4.907502918486736,84.96131809907413,-4.67146548379928,-170.1058530686242
1724949691389559932,0,-0.6543459426885967,0.4405282861996973,5.000978463195399,86.4770253228499,-8.890720057571414,174.740593994537
1724949691519708682,0,-0.6527536556695611,0.3955286196689352,5.095196269755934,85.22263486246332,9.084339567825612,176.7356401729704
1724949691519708682,682,-0.6890474328645622,0.42567408211494523,5.112334612020763,83.10723322396855,6.193191254282567,161.8017908168304
1724949691654994619,0,-0.6603827091772516,0.36772620154617724,5.03381024747808,85.47756455038594,-7.454613406385124,-175.99025295964583
1724949691654994619,682,-0.6940789352268689,0.3937964301675392,5.104730305701037,86.88053436993094,1.5986148083523792,-178.1851712234787
1724949691795529307,0,-0.6851576214432843,0.34497079382789325,5.072616311001578,85.23200603622959,-6.991251032720066,-179.3298436650103
1724949691795529307,682,-0.7167700095375877,0.37051479303672413,5.117782296686567,87.05232612989867,-20.348709719250195,178.65404579920408
1724949691942197379,0,-0.6969351368806807,0.3325920460392905,5.072616642546001,85.27287081163628,-2.6701999891142094,166.24871244182359
1724949691942197379,682,-0.7308111243733975,0.3608797805507072,5.121885709621341,86.13168838437515,15.709215353684616,-179.75854838803266
1724949692071609931,0,-0.7103604804159522,0.3353624172354813,5.0331113463575345,84.9855727684556,-3.6628436320061213,164.5367742372162
1724949692071609931,682,-0.7517374548493367,0.35914317676248314,5.133113754002379,85.66272290522198,-25.087442951028155,-179.02879068409555
1724949692226177692,0,-0.7035193079953759,0.32079983201292833,5.073999370134611,86.03933417783509,-7.25439562842157,167.73271466871756
1724949692226177692,682,-0.7584786111444644,0.3457233794631012,5.273726330782646,82.65044826146986,8.00897278651497,164.59137428044605
1724949692378185452,0,-0.7007921093841463,0.30826977295296143,5.088939442423206,84.0085587992818,-1.60897625062744,167.2228031514296
1724949692378185452,682,-0.737317860069984,0.32910329190622845,5.169405414726332,84.01038015965449,-4.2639374776805585,174.0013222917198
1724949692508568004,0,-0.7248070423751471,0.31615436366061395,5.1881173987770115,83.72478412059743,0.5693445385750711,-174.3408503047511
1724949692508568004,682,-0.785034813553189,0.34827229359281436,5.378347204405304,85.30835917243932,-8.132643374821559,172.64349103294307
1724949692669684410,0,-0.7218572295013961,0.3251129767438281,5.205200062750352,82.67986535044577,4.710898106777633,168.9675771889972
1724949692669684410,682,-0.6939811612307282,0.32963800568148244,4.864991444917335,86.57013559589325,-8.627314846227385,149.46665216181896
1724949692806380452,0,-0.704945797032825,0.3333968052217145,5.124597765065838,84.54358563174407,-9.556131380930083,170.79467651351874
1724949692806380452,682,-0.7537899741237319,0.3667969767137852,5.290089066318804,79.72625954041217,17.425294143893296,165.30129311262212
1724949692955760452,682,-0.7726809544533604,0.34938938662277774,5.211037942471106,81.5493738614702,6.917440190146631,161.16315170947252
1724949692955760452,0,-0.7356459480891322,0.3279648809363195,5.138043575282681,83.96912956426638,1.909411745842027,166.46930773413595
1724949693097620400,0,-0.7376205197713979,0.3373356333662451,5.108707928256461,85.42608079818153,-4.918508105793254,164.83311068623848
1724949693097620400,682,-0.7789214236607017,0.35921435765454,5.175038322227502,88.56896117824512,-25.755119093987147,171.4623700044319
1724949693225999618,0,-0.7554298386076052,0.3651721411508976,5.13266890084986,84.46658756898997,0.9876352025096967,166.17745167900762
1724949693225999618,682,-0.7783116586944749,0.3859461730417079,5.152277426871166,83.31365820678299,3.700988521065884,165.3712394877985
1724949693364958160,682,-0.8005329235966799,0.3795096960727878,5.1140429703104395,83.71888834889073,0.9288784907298141,156.76348251286439
1724949693364958160,0,-0.7889457554148943,0.36526305063802494,5.16602825743062,85.32743524188295,-3.595718756980965,-177.79398490880968
1724949693499508108,0,-0.7874392770585723,0.3728206991408601,5.085857267219948,86.17347333251122,-2.310917913466471,165.31030518024292
1724949693499508108,682,-0.8409852006874484,0.4034095381000069,5.262139754152585,86.90693073423569,-13.382822120811165,178.41280187677157
1724949693668512639,682,-0.8507793853719051,0.4335797574797103,5.238154129087141,89.05197987235881,-10.162501495876612,162.7732882972148
1724949693668512639,0,-0.814050732859539,0.4016402213721626,5.154429892872198,86.29392450036191,-1.9874762535247086,-176.5546897768829
1724949693815455660,682,-0.8522663041474228,0.41984803991841313,5.106856713207372,86.8570108921657,-3.4280186330572504,-173.06925412058578
1724949693815455660,0,-0.8348228451812152,0.3938312334030257,5.136776746977638,87.06062131543038,-12.440027807630395,176.80151947114905
1724949693952503108,682,-0.8977343661695667,0.4366843734016648,5.316181519719392,84.81518595737569,4.104122983212948,163.95805820786913
1724949693952503108,0,-0.859510978742974,0.39964930322355524,5.235524929494931,86.03635258444827,4.7796706539402365,179.23762187062488
1724949694097084566,0,-0.8019511553505764,0.4541158420410581,4.910824106750766,87.31004386616601,-3.3961152866267272,157.0620067967371
1724949694523196545,0,-0.9091903236663282,0.5668359258379301,5.115968737175516,89.74785588760564,-16.040263044041716,172.63699623168642
1724949694663945087,0,-0.8979490723441211,0.5294952655698686,5.092860038236623,90.46896464782631,-15.114486742410982,172.81044047546396
1724949694794886597,0,-0.9030126698729892,0.5428868364052537,5.083169825838553,89.61684573038399,-5.173893509001794,-174.33947001597699
1724949694942525295,0,-0.9172871832480477,0.5125962064760622,5.109062366155749,91.59965703014474,-6.160108528358393,167.18511504002944
1724949695076978993,682,-0.9621653162052446,0.4732570246633319,5.287254348099646,92.87791775180516,9.921423917577071,178.52377493663104
1724949695076978993,0,-0.8897291748510487,0.43843173126632445,5.0222920212222455,93.87733065002504,-7.494394653896726,161.9070058937509
1724949695231527170,682,-0.9025978449626206,0.3695991838866042,5.012174668808856,94.36774181352234,-6.600661548288967,150.025460140145
1724949695231527170,0,-0.9100749934252219,0.36254341257845196,5.174139151128983,90.83229255657072,5.423587814793663,165.43909723676336
1724949695365086076,682,-0.9529827827041587,0.41173206887248087,5.218657090307704,92.96462265678059,13.446778009214853,179.47333210336964
1724949695365086076,0,-0.9009376107401589,0.3736802642495045,5.0875458376147416,92.50066221566362,-0.2687503218520223,-172.7297673636237
1724949695492889774,682,-0.9541448904792155,0.4410707071522797,5.20419039165058,94.81332350158316,-15.384589995566845,171.7301723770099
1724949695492889774,0,-0.9180470776790315,0.41347043769092773,5.152224569878549,92.34159225193703,-0.48061641945142547,-177.80751495249268
1724949695621780190,682,-0.9345601654758082,0.4638243869134159,5.203520408210182,96.65909567117349,-24.436866331738667,170.0731117054279
1724949695621780190,0,-0.8801750323316333,0.43544316965213087,5.0021811320789045,91.41121765491363,1.454080191571627,157.51667078933704
1724949695777199826,682,-0.9244662560160557,0.463659817708128,5.213330583030031,91.91586028223554,-5.9801823821506845,171.35669630982952
1724949695777199826,0,-0.8941456776757649,0.431679532057307,5.13682765052579,92.06973631162495,-8.911669836346613,177.66230544869563
1724949695907422222,682,-0.9106266775678173,0.43383530405778004,5.101405678280464,92.91230599905475,-5.8387787028530145,-172.40032384617967
1724949695907422222,0,-0.8959223439959999,0.41312411006691396,5.159474371209915,91.69016502784629,4.218224977619056,-178.2414579766892
1724949696048859357,682,-0.941886666977793,0.4296902275436933,5.266237252849329,92.0275437620176,11.576127279190944,175.81266584562982
1724949696048859357,0,-0.8874662633167563,0.39870384763506767,5.113397397901227,92.40756453177812,-5.298077402344918,166.80602037397406
1724949696182181128,682,-0.9204438497751193,0.4300981444931439,5.171855308551611,91.28864377521896,-4.073275353020476,172.54381004889498
1724949696182181128,0,-0.8967121505234954,0.39728654535183927,5.142537456941622,91.80427621033454,-9.728245952883789,174.32742740889273
1724949696326438419,682,-0.9037804379975655,0.41564608373144535,5.298423800247261,90.78673072564686,3.8560653909083396,172.3010229524516
1724949696326438419,0,-0.8699331201501438,0.38779172898792236,5.225307676826602,90.42827467323067,2.400373934689161,167.25882049524114
1724949696463316232,682,-0.9065684470175903,0.40310990819051284,5.349527122536399,92.88858618162506,-20.228205052316742,171.68321898238182
1724949696463316232,0,-0.866079318748916,0.3694137626207842,5.236025018899159,91.71827706076157,-11.210795770120647,172.45579833082968
1724949696603677951,682,-0.8987256858420856,0.40943107161697756,5.3114186012688,89.81920484624457,1.7666688088886124,159.42035328880496
1724949696603677951,0,-0.8646475497193612,0.3832822462568399,5.254675629405994,90.15720340508678,1.383679725472547,164.56569238881843
1724949696747797013,682,-0.9357018945109208,0.4140523229057981,5.513138007530102,91.4159594796407,-7.955340013844557,177.4708622454034
1724949696747797013,0,-0.8616143202410788,0.3802803395471492,5.228299449854427,90.8747406969879,-2.6252711753025992,163.321002689333
1724949696898023940,682,-0.9150891068898317,0.3783586917698919,5.391290183145342,91.61689780814383,-4.711005200725459,160.27636630475104
1724949696898023940,0,-0.8823192640885347,0.34986125615162156,5.371398145527916,90.36511480354996,4.655843588210221,-174.40351909653057
1724949697044831648,682,-0.9153101915369626,0.3837006573614789,5.470132290059834,93.91619381690805,-10.169725542843624,157.75064766830204
1724949697044831648,0,-0.879559705100853,0.3622465224269491,5.360670380623276,89.50932309379408,0.42445730704190904,162.20353099042455
1724949697196859825,682,-0.9110415803039676,0.40157803526474617,5.485830375604713,93.0460974155187,-9.348958900011525,162.06050260970866
1724949697196859825,0,-0.8652183127637227,0.3782038728127322,5.331080278277735,89.80859645178539,-1.0299394849477344,160.53544842576298
1724949697330652742,682,-0.9552334691621277,0.4172435519898327,5.61578170673576,89.3390385208373,-15.33280427420962,178.1945877163931
1724949697330652742,0,-0.9102961744147268,0.3813524056167541,5.459664429970181,88.92968316551945,-11.158983076917076,-178.33536175000808
1724949697463572586,682,-0.9539259151116585,0.40035443813466265,5.515185995551608,90.41658083596951,-1.6339513030381865,156.96014835339838
1724949697463572586,0,-0.9170104886392317,0.379516923287905,5.458241727666558,90.07220584344446,3.6268024413491786,-171.67691957712952
1724949697624818940,682,-1.0009447508968259,0.41412548736270605,5.735515153259417,89.75914934738162,-4.685103964133984,171.81893268007627
1724949697624818940,0,-0.9437019641133557,0.38168356785569896,5.574720027666719,90.1343747466275,-0.2679521922013287,-177.0794218036806
1724949697762676127,0,-0.9811732241604495,0.3820706782106673,5.619918992839911,88.70261846774247,5.538919333010003,169.1867589831109
1724949697762676127,682,-0.9340056311512013,0.38339411740139073,5.223131031010656,92.76979401926843,-0.49065695399478787,-163.54620357618577
1724949697915497117,682,-1.145027010073799,0.4647082839163086,6.356972656601502,88.62198049900378,-0.4964378593889816,170.0070267435918
1724949697915497117,0,-0.9966250525487232,0.3879833040993026,5.623001707707536,90.2533408291412,-7.1796120981488425,176.45768096557958
1724949698063443940,682,-1.047424577310892,0.45463792343343334,5.8102423580532,88.71350297201964,8.296709328653948,168.0998495651055
1724949698063443940,0,-0.9992772002117005,0.41583105860637604,5.654417574148838,91.13677672210807,-10.75385322639977,174.1065404806285
1724949698199684304,682,-1.0562374499200933,0.43426522770757553,5.729402588481525,91.9161442519485,14.4165303003774,179.85598143965828
1724949698199684304,0,-1.0201864676029957,0.4121088425145662,5.675492048590911,92.74725525280601,-10.459821193107915,167.19075341165484
1724949698328918887,682,-1.0953540251124796,0.4243472311417107,5.866869717841829,87.26525794139039,11.870757553822063,165.25568445808898
1724949698328918887,0,-1.035231982894155,0.39643151939791155,5.70590742075084,90.67919283892904,0.622333957427924,-174.8670503248518
1724949698463479044,682,-1.1126962702233085,0.46227899796494804,6.0455962162553,91.70218454887907,8.347141313607304,178.39274184617042
1724949698463479044,0,-1.0250656708006156,0.4204515889290026,5.697994345524485,91.3699065449136,-4.289688515764753,163.33745823970855
1724949699206822845,682,-0.9857570255219764,0.43212852997221596,5.553765956617042,92.20140953323812,3.851230539170447,-167.98038875071563
1724949699206822845,0,-1.0292307988820846,0.4241999194580305,5.93590602625104,88.4001499310491,10.713074346328055,172.74515435562074
1724949699343019252,682,-1.054814255156706,0.4711762952319054,6.006034729349061,92.57991219798632,-5.274928547255969,159.88232524488927
1724949699343019252,0,-1.0201671838643223,0.4321990751928686,5.881869569673779,90.0170671848225,-9.757527223492255,177.76501870623954
1724949699499464356,682,-1.0826884437490978,0.44634507110434246,6.064647842513563,86.8767181554251,10.360519502021837,162.28995173852678
1724949699499464356,0,-1.0364431281018371,0.4171746350646559,5.977925850052276,89.76785436226326,4.13030955666938,178.55271528515584
1724949699634099824,0,-1.033282912563531,0.35697703447325985,6.000824919946791,89.61811098692075,-1.0788858205450071,178.02488598010257
1724949699634099824,682,-0.9822340100971947,0.3594235366443026,5.605718768904973,92.47188129788138,-1.0349450114412166,-164.0535895545331
1724949699785594720,682,-1.031046624275921,0.40351015404804186,6.074815785894833,91.16141694705861,8.392506483254111,-176.56006505224923
1724949699785594720,0,-1.027055441781228,0.3867926660818487,6.132290937694946,89.86595974922152,-6.8861019688733345,177.50919003697055
1724949699930713314,682,-0.9965206787762683,0.3871396201651898,6.016141841961922,89.42321099065447,-8.461365118882568,-169.14693507482366
1724949699930713314,0,-0.9922461982401006,0.37206539733563815,6.1765201787163155,91.7226174431772,-8.40289682011521,168.2208637301918
1724949700067944251,682,-1.0243405303047262,0.4058359483901897,6.17532515239878,92.49924287249365,-4.076788806448491,153.8311645383332
1724949700067944251,0,-1.0158631203760473,0.3799962698207052,6.21411800712472,87.54042465686646,7.167364679815099,163.5187305329679
1724949700222798574,0,-1.0084127348701994,0.3871996134998309,6.192066322082661,90.14686286736324,0.16183840908774524,-174.19977978001918
1724949700222798574,682,-1.01937786182746,0.40371564096550105,6.103466256632564,90.67076526092477,-7.015810634172903,-171.8693195423917
1724949700370542532,682,-1.0069103989312922,0.40052154963681774,6.120359365759753,90.99630951173137,-4.434520993719683,-169.7132645344924
1724949700370542532,0,-1.0050216644347685,0.3883678082730773,6.258738229282027,90.2922742102106,-1.2276062045041694,-174.86656752391985
1724949700511449668,682,-0.9862673929457315,0.39939355860483056,6.017222433537996,92.06229612333009,2.7376341815738625,-165.0413524432215
1724949700511449668,0,-0.9944338492246919,0.3965501628999447,6.2142360817748425,91.50758558781831,-2.823844141633992,162.63073282065963
1724949700664277584,0,-1.035187572369982,0.37723462727352713,6.4789359877533155,87.24221668489027,11.09216394792524,166.24310731617874
1724949700664277584,682,-1.1064981045056186,0.43570805087478826,6.773640054979702,90.04140089488756,-10.727932976539213,173.44312276470788
1724949700818972584,682,-1.0183741900141683,0.41082327753454084,6.261644234333873,90.62791865612206,-2.0095593253065873,151.4560606644107
1724949700818972584,0,-1.0154094840726544,0.39567905137235637,6.336130618548683,89.69722890116628,-6.087180286677576,-175.9572119196255
1724949700965073886,0,-0.9955876099833542,0.4127662748055221,6.417198495661634,92.31120090189263,-9.514222531099106,170.75764792029582
1724949700965073886,682,-1.0346343439567676,0.43878523653975127,6.484472803719123,91.17506647279893,4.993475324121493,-174.95994172974991
1724949701107292063,682,-1.0343882624631604,0.44339625004214106,6.556079954101244,94.69249063084739,-21.426302274157514,171.54235796457155
1724949701107292063,0,-0.9835178677402655,0.4168362937987918,6.399841161254375,90.59304292757683,-1.655913393735961,164.38888016442263
1724949701257056022,682,-1.0868784462007874,0.4691809518647421,6.835340835107127,90.05288224054677,-8.854291388164846,175.4460951669084
1724949701257056022,0,-1.0066003759905133,0.4323941126425885,6.568632483654519,90.95284184630931,3.582793684039167,-175.99341751045657
1724949701411574407,682,-1.0715422507637964,0.46017888762145814,6.703490874182959,95.01753620943326,-22.714644242107845,176.12256479199132
1724949701411574407,0,-1.0178151985279347,0.4270768093944521,6.530963172183261,92.23681320614948,-12.35827036758641,173.1300056850286
1724949701561369876,0,-1.0659272284360366,0.6487621606969173,6.2554061243934695,90.89616919993787,-3.837596145563913,-167.22171087867818
1724949701692137428,0,-1.0708782790490918,0.6332864114712728,6.45359580764766,95.8012759508998,-18.628910176720563,164.24420381875342
1724949701763793574,682,-1.0227199454628992,0.4558264569372396,6.685730075178896,97.8088814938303,-19.525498960230124,163.00726259945674
1724949701763793574,0,-0.9897329479122488,0.41650226013574976,6.610171325318638,93.7531601406114,-20.0369579562936,171.31913898427422
1724949701887050032,682,-0.9817847172383598,0.41567475114798125,6.547579491379659,93.84898516987005,-1.6722531375584946,-170.8021827727807
1724949701887050032,0,-0.9820769217267515,0.39365206834595584,6.702649975036496,90.28678985823632,5.9106316670750765,165.59191995304977
1724949702017193938,682,-1.0076117002489213,0.4664700813981937,6.642099394325488,97.56088790205648,-14.144159433036469,156.88382703609463
1724949702017193938,0,-0.9935954406818309,0.45396106204733333,6.7469551771738,92.05180077699636,3.4797545680860535,-175.5648871021073
1724949702153935657,682,-1.040895334896379,0.5049699575711188,6.909053675439854,93.30507553022328,-13.871760102970855,178.2945601548706
1724949702153935657,0,-0.9972938174578163,0.4718419907246238,6.856328532828146,91.96347984878778,4.546974277648738,-177.7296903083109
1724949702283726646,682,-0.9741077916119042,0.44524814100394655,6.5570816732451815,91.82258759681889,-4.511138303226318,-168.15940643131157
1724949702283726646,0,-0.9916698926034253,0.43487813045048573,6.755983565966304,91.34774610760708,-12.488021098405826,-176.96069169624946
1724949702410281438,682,-1.0230011314663612,0.42799094260713966,6.924780247843397,94.19130821684531,-1.7957584472991373,175.63908774902518
1724949702410281438,0,-0.999788461690247,0.39883899867239625,6.945317295855491,91.30189586570216,4.051152471175071,178.1296579264691
1724949702556851594,682,-1.0406085272206436,0.38980220685495215,7.061921966212597,94.58502587191755,-15.296423983668117,172.39317261228868
1724949702556851594,0,-0.9647851582787602,0.3638457884136797,6.770038977172354,92.52686616175036,2.580838779281504,-172.29462803239764
1724949702702443886,682,-1.0527768514973932,0.37411197593183676,7.010972988071581,92.5153597956293,-7.766782555571466,-175.71604826942837
1724949702702443886,0,-1.0220764889330902,0.3447780074021519,6.994389007105673,91.1360654797705,8.587836488711075,173.00738255426623
1724949702819006959,682,-1.0623286865294481,0.3477699014363764,7.0730153825328586,89.48012008336426,19.56512290816154,168.6027327495983
1724949702819006959,0,-0.9893476667417553,0.3197707388036939,6.834181548246397,93.02489698818643,7.802246911627032,-171.43415701125963
1724949702952178625,682,-1.0359003754714438,0.31593522623113723,6.948289962555775,91.86383345166823,-3.1337231382216113,-173.1856468931766
1724949702952178625,272,-1.0276010787243628,0.2879343679340847,6.956465066609745,91.1791058884252,14.441674387540672,177.4988498926616
1724949702952178625,0,-0.9931794496692591,0.28801764620098474,6.738474917006396,90.89906109156661,-5.451478165893161,-170.63427401793533
1724949703087528625,682,-1.073190520030674,0.3585336144911912,7.174502956222003,91.4149728703366,-2.257885794009403,168.8325132630727
1724949703087528625,0,-0.9992663621169479,0.3172045785618833,6.7787400044799195,90.39440376951701,-5.7702248119860995,-168.05947767576882
1724949703220307740,682,-1.0397441946997243,0.365324849565406,7.086542398629806,92.33596692588868,5.710138608732047,-177.9146382092398
1724949703220307740,0,-1.010546297474562,0.3323533320562351,6.960625017200052,91.69096726790828,-12.4024147022668,179.85246209140394
1724949703375515865,0,-0.9879965363256924,0.3313152177277336,6.969431655771438,91.22571588192937,-1.5620360759368772,-174.3950966985017
1724949703375515865,682,-1.0437953141566225,0.35674824878551054,7.198800471055482,90.58955947591207,19.45249647826742,173.7772692919833
1724949703483867115,0,-1.01769389935928,0.33705020316011086,7.023144930629487,92.35155144599433,-8.610280068614411,168.25213263060456
1724949703483867115,682,-1.0245748482726478,0.3596852799395691,6.919564514889156,95.34138033054839,7.933689755043322,-166.83819406582384
1724949703619690187,682,-1.0324265400876111,0.35574291458873675,6.999624896630852,93.24191163350267,-6.861976929371825,155.4898110183507
1724949703619690187,0,-1.0195926396983448,0.3215207430359276,7.068666169218544,93.40768845942536,-16.716550466913507,169.25589547561515
1724949703754543521,682,-1.0328568952251473,0.3467386003822837,7.152007711605861,92.22896043716666,0.7518078542622169,-175.99723478162426
1724949703754543521,272,-1.058364597642979,0.3302661902777982,7.372346392646723,94.9070689386578,-17.84007400828782,162.07388787802375
1724949703754543521,0,-1.0038874244283214,0.32150804204643557,7.14704958841658,91.17658858956725,1.8153483144308227,-177.48765010596787
1724949703879991229,682,-1.0057904478347715,0.3376014590384243,7.115976870567338,93.44890678525518,4.45735213473849,-168.16031747329018
1724949703879991229,272,-1.0123412187088843,0.31470378866229903,7.288522785232587,90.24965310657188,0.31916335271055407,169.55651947145319
1724949703879991229,0,-0.9984261453580574,0.3179064282636664,7.238585373861953,89.81678020758986,3.9683693934680186,168.65724392879167
1724949704026336750,0,-1.0060233829509344,0.3206598864894258,7.330674679252573,90.4468804260152,5.979133931898684,178.55097234608525
1724949704026336750,682,-1.000241022746424,0.34056442245104723,7.077017418298666,93.12646335420388,6.7349209739416835,-172.91582515302747
1724949704026336750,272,-0.9989455734498751,0.32030752993789563,7.23625114656735,86.9761617811871,6.111454033192956,160.95664729006518
1724949704168923937,0,-1.048000818343732,0.46980061379248766,7.01694253233263,90.05375249470958,-1.8389184817552555,-169.77847804215193
1724949704168923937,682,-1.126377940929239,0.5120848943105938,7.321823717083672,82.40868297308182,16.156020470658635,157.38892955122793
1724949704308238104,682,-1.1224149356944142,0.44611581542368767,7.387477198771958,94.9932705360579,-22.197540344333426,171.55224566585838
1724949704308238104,0,-1.0775725063099366,0.41935449976572536,7.175599422828795,89.72804359593168,-7.834686105421318,-177.0779828029124
1724949704440158885,682,-1.05719004219544,0.3490249575853254,7.516420658439125,91.45633207815504,-1.957944019009201,171.67496002771122
1724949704440158885,272,-1.029998485359665,0.301712961447725,7.321216607464762,91.49523652368958,11.644066868339872,-178.329157807707
1724949704440158885,0,-1.0178491931783549,0.3013029541140936,7.253162605726035,88.83327183829277,-10.146850139164284,-176.62180230218286
1724949704567779197,682,-1.0439891449899619,0.3199329266017822,7.513546597022825,90.82083371791003,12.608670157202248,178.63362242188887
1724949704567779197,272,-1.034582703932485,0.2972318021110745,7.469021869124922,95.88829863356304,-20.291251163134106,163.09034871166278
1724949704567779197,0,-0.997632977961097,0.2847619629349591,7.2666640829695925,89.14784146878947,-5.286763377609969,-173.98912420370732
1724949704698238520,682,-1.0221951501144206,0.32897311271063273,7.270846950148159,88.68946630626115,7.512864433584593,160.29269743135208
1724949704698238520,272,-1.0177086279474377,0.2961463523458045,7.37099165231913,90.51894590151228,-3.565439196965861,179.96778552211842
1724949704698238520,0,-1.013706506844524,0.2921480866591349,7.363744819695974,91.72187368789393,-15.46751438561589,172.53513095114684
1724949704846642010,682,-1.1264743702722801,0.381144807782673,8.007509279710026,92.64910193045398,-3.1113962400768886,172.47395525364726
1724949704846642010,272,-1.0425743195828858,0.3320966630890052,7.492962045216452,87.8792849947787,9.443405661413445,168.8325857515084
1724949704846642010,0,-0.9687436841457502,0.3315738373526568,7.047185841754216,91.71755027105392,-3.2322421035700435,155.9691871357544
1724949705017041072,0,-1.0212602689370633,0.32441239820115647,7.446232310371887,90.5209549925714,-7.746738881201723,176.32069137203416
1724949705017041072,682,-1.0135729787734336,0.34622484120189106,7.256895085996751,90.73988765887103,-1.1503550871014583,156.6166135709724
1724949705017041072,272,-1.0244659707897925,0.32830297671597997,7.4718431175729165,88.32177060897476,13.12483519094037,172.55433678638877
1724949705143213729,272,-1.029522572378076,0.3089528505594378,7.530656606501442,86.85707427053077,6.927254749008181,163.9480774929086
1724949705143213729,0,-1.0226338302774571,0.31996260635203255,7.499445328712527,90.77608872635918,-0.557102457472113,172.39968280757932
1724949705143213729,682,-1.066735506923473,0.3398138756247031,7.662418617368202,89.18438203366479,18.03863153336549,176.88993635462805
1724949705232807947,0,-1.0324392518769199,0.27099351866044386,7.496764225970211,90.68996592290665,-3.3450439309911655,168.96131441013856
1724949705232807947,682,-1.0931190034240585,0.3052711604689902,7.772508489682101,91.53836325101844,8.002227818154983,176.6822846655073
1724949705232807947,272,-1.024708708727002,0.2614849981333696,7.488184986790194,86.09388213928735,8.727537596148347,158.3722847494409
1724949705349857739,682,-1.0644686166880637,0.2933577735781259,7.596365253926438,93.2058226764007,-4.652244398203508,159.7265418621236
1724949705349857739,272,-1.000816473850088,0.243398944189121,7.360067760274394,85.81168214010812,4.841244700661514,153.98964882338214
1724949705349857739,0,-1.0117523713165228,0.25533113607507923,7.426378148845048,94.06893055474347,-14.78853116119672,165.87087445708946
1724949705489005135,682,-1.0839957323620402,0.27192811333129574,7.801956718758535,85.87902504676651,20.704247224849794,168.76784819166636
1724949705489005135,272,-0.9852856228749979,0.2024213433884232,7.166253729380866,92.21474570290749,-5.487512336554056,148.2364932488242
1724949705489005135,0,-1.0382296443017243,0.24209107274524488,7.706426234407979,89.58857522982377,12.315209330768308,178.1177721415288
1724949705621526697,0,-1.0183279845794027,0.24559499342621866,7.650199022379708,89.06938980151386,3.4469664108223146,168.2195817656013
1724949705621526697,682,-1.0531846258917212,0.2761584427274526,7.750966321268035,91.11321191892864,-2.62761755710529,179.63235678046678
1724949705621526697,272,-1.040826073717959,0.24320365877465372,7.748156996185328,91.15947939847017,-4.110815236309974,161.4908011318717
1724949705751908207,682,-1.0798058316647046,0.2500961296533241,8.040563799844055,89.66560105947798,-7.570031570280816,177.16926586533427
1724949705751908207,272,-1.0341237449471647,0.2192677024492118,7.697281760530076,94.3750493396002,-17.276152183492414,162.0219708883118
1724949705751908207,0,-1.0095051896039493,0.22425863699545895,7.675632102724112,89.47288746706674,2.8354950036540245,-176.62085292699948
1724949705880645655,682,-1.0258284532695676,0.2296075889302313,7.729263839522947,92.29087190310818,-4.428944829002648,159.72944614248874
1724949705880645655,272,-1.0225694878329217,0.19936786930421432,7.699841764024999,90.3289863213315,15.376172014135594,176.56287373702227
1724949705880645655,0,-1.0085322426941075,0.2004079427671698,7.655431381795453,89.15635749421675,-5.76360808797599,-178.23836917169962
1724949706015932582,0,-0.98420911731673,0.1670865368647592,7.6595092960230495,89.0205167051295,-7.372578908612963,-175.86898735245333
1724949706015932582,682,-1.0282516278446707,0.2027870542434761,7.889144869834966,92.05890650476769,-2.271888384512658,179.39187559015244
1724949706015932582,272,-0.9933371355846077,0.16749266895983458,7.636444071464571,90.60842624298802,13.768715439834457,-179.24618560437736
1724949706160363364,682,-1.0213143763938077,0.21831666729504787,7.901235189673032,92.2494399225884,-11.281708553525005,-175.53443112346756
1724949706160363364,272,-0.9841993413663875,0.1628648771725879,7.6743138184747615,91.05546242586023,3.798095043489497,-174.43885230153552
1724949706160363364,0,-0.9836865433261179,0.18241259861427594,7.834414293654631,90.24566095675078,1.0968880877458986,175.01658073388566
1724949706301535186,272,-0.9985007384299087,0.20001480281528827,8.018259167731474,94.06095137614325,-15.654960388244382,165.70723877085567
1724949706301535186,0,-0.9582295047070253,0.1964377440300618,7.790390992913715,88.73256727657143,4.201761855176726,169.36824877867346
1724949706301535186,682,-0.9891333700868019,0.2187174766627739,7.890306548173525,90.52357817524496,2.4834065097543743,-173.94908866135094
1724949706454685707,272,-0.9243571302502611,0.18519259944315783,7.814082815484219,85.09869922860744,13.339594286649916,165.37099058103692
1724949706454685707,0,-0.8851206170526192,0.18895044594555732,7.424840480555061,90.57633081830586,-2.611798098436616,156.3563844403691
1724949706454685707,682,-0.9691977441023342,0.2120486731924554,7.946685202938563,91.29183666745533,12.752783679266757,-175.19718134826815
1724949706593434770,272,-0.910941188386589,0.18517209606604568,7.444684771020419,88.64951897705956,-0.27043938423581537,149.80388990853712
1724949706593434770,0,-0.952961673777737,0.20957603297063523,7.885091620152524,91.01609515753742,-10.100384804958505,172.67297531119297
1724949706593434770,682,-0.9984975632815414,0.25183130000031084,7.995810046982054,92.91505989213572,-16.889715974555337,-179.3413383073428
1724949706735194457,682,-1.0626488767913256,0.32815678866787434,8.018647024845395,89.60991527669788,8.780971920198219,166.21362322254558
1724949706735194457,272,-1.040412572175566,0.2948461041822751,7.970814122278856,87.31732664233505,4.04246402153831,164.96766030837875
1724949706735194457,0,-1.0190863811090702,0.29498826075703943,7.824698322278281,91.4490938299973,-11.018014644449956,172.59143911069975
1724949706876203259,682,-0.9863279900627416,0.20571480361701386,8.206156612121836,90.90048293037357,8.529051393610732,178.81995958482477
1724949706876203259,272,-0.9363030929774732,0.15017391973081506,7.8824834235932375,93.45369469230485,-9.071817112180586,157.49714490399467
1724949706876203259,0,-0.9120180049928232,0.1636987622899023,7.830467793317361,92.8236788889044,-13.156573309049952,167.2202206666003
1724949707025903207,272,-0.9081640342147974,0.14743225557540945,8.008344720981809,90.3536612674602,2.9609383889697014,-179.34682567622437
1724949707025903207,0,-0.8856267822030055,0.15047778682770957,7.915519538722665,88.99103423935588,-1.4710030722534309,-173.21316663988046
1724949707025903207,682,-0.927912982349261,0.16858848883974042,8.087900329361146,90.51372482298753,-14.279540096235039,173.90889817840167
1724949707158085707,682,-0.9499509423136937,0.20989554473592925,8.101936491813493,89.44620028401502,12.257669926688086,172.76616668304473
1724949707158085707,0,-0.9108958754799431,0.1783011215615374,7.948263154602807,88.88577813490026,2.678227228936273,165.30624966332525
1724949707158085707,272,-0.9276341446270202,0.17569396519258562,8.077851460276891,88.01494250955153,4.180149916996685,165.7903182398648
1724949707287554665,682,-0.9320395003026359,0.2065856988146831,8.083923212584047,92.40284582105114,12.985179565661168,-174.67763603267707
1724949707287554665,272,-0.9027145641274735,0.1775827919925028,8.02478553531914,88.9759405915232,-10.610967592566963,-177.48365480384044
1724949707287554665,0,-0.9097809914315595,0.17542715636548525,7.959605620901895,88.56316639963417,-7.729493503611377,-174.97294814926406
1724949707425346384,272,-0.9198346058464414,0.18683936241525945,8.073709694655703,90.62255745410563,12.723993829734198,179.03725337009072
1724949707425346384,0,-0.9042267608012154,0.18740086410191492,8.086139728635985,88.51451365798752,3.38152612112819,168.92437302469344
1724949707425346384,682,-0.9332651347907148,0.21789631790311892,8.205819640282566,91.1132364634642,-1.7835522432290165,174.74228537046932
1724949707577305915,682,-0.9654922619564122,0.2335743563511275,8.346310379726088,91.28173708064512,-3.184353268341838,174.03491348299661
1724949707577305915,272,-0.9258514431959186,0.19167754109556123,8.064733406129898,90.9386366129442,6.034705309032143,-176.37850454292072
1724949707577305915,0,-0.8935984131994772,0.19835092168630664,7.955384311543996,89.35702732606846,0.9872490628705608,-168.593749619616
1724949707716790186,682,-0.9680663597641481,0.23831548239756067,8.330840135603307,84.31791683920855,12.405244273886039,160.66042902326373
1724949707716790186,272,-0.9287090854727176,0.1891902349794123,8.123834795727445,91.50749591104015,-6.090782429261925,158.9019821808869
1724949707716790186,0,-0.8978753181633109,0.19804919122321862,8.129426943478512,90.99868266259138,14.41827686755697,-172.98060040944267
1724949707861498988,682,-0.9323424688829461,0.27927047473928346,8.365351322785685,93.0886522982123,7.508336354439069,-174.3487416464565
1724949707861498988,272,-0.8841653520690165,0.24367200090037905,8.158616789767056,86.88943562390689,8.631351503312265,168.58562852899934
1724949707861498988,0,-0.8675730812988796,0.24643816265503332,7.939417263387769,88.93561765851808,-1.488534503268939,-168.19725657835383
1724949707996831175,272,-0.9075817852722182,0.2600930915123243,8.33468466114237,89.16707894845399,-17.70373974436121,-179.39357733093192
1724949707996831175,0,-0.8953250270909532,0.2563020262555782,8.213468934540535,90.29998424662189,-7.260097173406801,172.8340385850146
1724949707996831175,682,-0.9237597447187762,0.28454000551170644,8.287057049260572,92.35974265521133,-4.792059699340573,160.1834373990671
1724949708133824144,682,-0.9445583854330181,0.25702972387697753,8.471067714213763,87.9929016575458,-22.925586805948562,-179.71292906872964
1724949708133824144,272,-0.8444940055217626,0.18873240011915726,7.737729765839547,89.81573413749649,-1.4010533047332494,-164.6839283283657
1724949708133824144,0,-0.8678795535694179,0.22642154747801574,8.151019127817666,92.29547486788678,-8.116277748660973,165.0174782398495
1724949708276196957,682,-0.9216182187083554,0.2671024312262892,8.225863601448832,92.03876944705847,7.345328379542028,-174.32332712504123
1724949708276196957,272,-0.8841403632289075,0.24405872408899784,8.143672631872594,85.83031528368217,4.66452201866732,156.94116171930617
1724949708276196957,0,-0.8963835154430375,0.24790929793716993,8.282660119469568,90.62208048138275,-3.139996235376382,169.59714875990684
1724949708422061696,682,-0.932281732173907,0.2848819929760962,8.280548297181673,84.77546595016894,17.218784263969702,163.7410388804134
1724949708422061696,272,-0.9319508983006741,0.2622601259961753,8.373698914775929,93.79776775410168,-14.891981580806508,160.67324227259604
1724949708422061696,0,-0.8486306674912458,0.2658360683917385,7.881516994792317,91.96752947545863,-5.198412481345006,157.56456854624696
1724949708561033050,272,-0.9172120913419904,0.21589795723228414,8.286669628957373,89.62522407988291,-4.15026201647385,157.56386634578362
1724949708561033050,0,-0.8841958844263761,0.23652075127579686,8.119383369959898,91.07316704466548,6.018574258227789,-168.4696530664288
1724949708561033050,682,-0.9912292472980199,0.26471701626024435,8.701394057888486,86.57099038400032,19.1620434303711,172.8976001988652
1724949708678484977,682,-0.9760829140795746,0.22748808071560359,8.621108365106652,91.12401804062105,-1.6714374579209512,-178.51365455386556
1724949708678484977,272,-0.9269137183223115,0.19762829527563497,8.394048699172188,87.09101741513977,11.062224059683707,171.24396056397634
1724949708678484977,0,-0.9115884636167394,0.19886485078619992,8.241889589282234,89.08901694975256,0.2732229707777553,163.49487436606256
1724949708757772842,682,-0.9626466757737309,0.2088352799737931,8.484686766956049,90.39490536866231,14.2652733406348,-178.96864288242952
1724949708757772842,272,-0.9176322106816888,0.18324643495261483,8.365097904903791,85.57512649829734,10.069685939015946,161.90454618130215
1724949708757772842,0,-0.8990634721425698,0.19002342957629437,8.13895943185421,90.7195289346299,-0.4352374562057936,161.99096820507276
1724949708890046175,0,-0.8841233437903817,0.1445305704316438,8.069021641917102,90.4410841935978,2.9046862803050093,-162.8109222162033
1724949708890046175,682,-0.9670646803357911,0.15507478351209247,8.522817392082148,92.34209465425566,-21.277141114592208,173.5935680269249
1724949708890046175,272,-0.9279995834488048,0.12952669931906402,8.381358980320135,86.73956721732463,13.76477260888559,169.39289466940912
1724949709033792112,272,-0.9369348108883587,0.06868126046754564,8.256382732345255,91.21137737498489,5.194083723575727,-172.64898067454158
1724949709033792112,0,-0.9491562518758024,0.08144267701800731,8.504450546105529,89.00941946903298,5.190662058736771,-178.45678708465474
1724949709033792112,682,-0.9738423201757506,0.11141506978634907,8.481529465592796,90.26376210496872,-21.88481182951758,179.44987224882587
1724949709175107373,272,-0.9263957456848138,0.006079272725548729,8.513073373466042,85.46232110295654,15.39918870570813,166.02586306214826
1724949709175107373,0,-0.9307257179299121,0.0005733510933960129,8.534712001499921,91.07923507499154,-11.093132145021974,174.67502941038106
1724949709175107373,682,-0.9333357163532059,0.02880966451613707,8.326866884348501,91.70180876256605,2.731649802375312,-165.92943795248758
1724949709313770758,0,-0.8954208713959002,-0.04210493971893925,8.4525884695261,89.23046456390138,3.4521100232851833,165.1419753201728
1724949709313770758,682,-0.9351671514602699,-0.021244506056078506,8.621745039715073,89.32890862707114,16.344394707405662,166.11291169785372
1724949709313770758,272,-0.9243370846853552,-0.05026391951216211,8.512281635923477,94.0013717671816,-10.9180479850547,157.97773729355976
1724949709446836071,682,-0.9038710375045198,-0.006301116377751978,8.357183819093326,85.3895395113238,14.100969568581823,157.22826582463347
1724949709446836071,272,-0.9018951328216778,-0.04573818958534606,8.326100414704184,91.9707269113921,9.150786149141306,-170.23401837713104
1724949709446836071,0,-0.9037010668133594,-0.03538989492869976,8.67447138568747,90.92156682281231,2.2685531925594846,175.30182154652914
1724949709589590914,272,-0.9050357562258671,0.009254838741811211,8.569272757762686,87.4345323604554,5.395722206869536,162.69175914887657
1724949709589590914,0,-0.8627602681894002,0.02039535121222663,8.201005122082444,90.8916143185306,-1.5392811913233282,159.26252746931863
1724949709589590914,682,-0.9733480817974003,0.026949198564423415,8.959348116434345,94.32837099973901,-9.818804675235656,167.91177714933443
1724949709747349873,682,-0.9661465551517082,0.17129672567405965,8.76944194819762,92.75278690061113,3.2033567554138527,-172.30315728769398
1724949709747349873,272,-0.9360713424281083,0.1480589132854394,8.61414937901526,88.66573791908762,12.398612938081461,175.85184674719952
1724949709747349873,0,-0.8876434127372592,0.13989780961033663,8.212750008402805,88.33847193136178,-1.670169800489551,-162.2905269337033
1724949709885163727,682,-0.9707105414650529,0.1347289378290744,8.705266973742486,88.44241789602297,23.104564401590785,175.95030569011323
1724949709885163727,272,-0.983963039176714,0.11017932004275727,8.97722895889919,90.1801987332569,-4.867806081566525,172.47276789445266
1724949709885163727,0,-0.9165443852387816,0.1242961170462453,8.438214695155722,89.87227791868887,2.519534793789032,161.92290907431857
1724949710044647425,272,-0.9423236361319484,0.07620379165376207,8.4873063205649,91.81904737965573,14.912651683994353,-172.76270444618848
1724949710044647425,0,-0.9217094637620388,0.08064182885129764,8.382980897654356,88.48011988076975,-3.6009158283567366,-168.1943298651315
1724949710044647425,682,-0.982201656701024,0.10112756429994446,8.841371353906332,93.67548659933483,-14.001683246153974,173.7716353402096
1724949710191566591,682,-1.0146758074884346,0.12383873838902885,8.980833290221351,89.30843492051714,-4.028975569564645,173.63282893163796
1724949710191566591,272,-0.9563124662198463,0.07859557209022244,8.6080642101796,90.69388881843435,-3.2036179379201375,157.36727119891623
1724949710191566591,0,-0.9599060649400178,0.09755994343658905,8.818712501543192,91.62728184928835,1.6858256711852813,175.31785365969347
1724949710331946070,682,-1.0143543841756075,0.11825813224725529,9.013431541271524,86.81214392528703,17.724666543499158,169.69058567098645
1724949710331946070,272,-0.954048235185949,0.07195402024399145,8.531792276774842,91.1707145058783,-2.74058392805873,153.62820696575105
1724949710331946070,0,-0.958709461302387,0.09934278106884295,8.778039215013889,90.11344883257983,3.891436725215108,-174.80004522262865
1724949710479717268,272,-0.974264429233706,0.0482600658550435,8.845001081937546,90.44840545376834,-9.742411972429183,178.44141130788412
1724949710479717268,0,-0.9779158456935906,0.04580967015867654,8.860359076888479,90.16709538357021,-8.571206862432375,178.4051872422417
1724949710479717268,682,-0.9711833045847132,0.07478423384472363,8.63268696952328,91.452939210406,15.5781197183661,-178.65590711943327
1724949710612658154,272,-0.9938262681331631,0.0430675661136668,8.905725167340602,91.22483556095298,-1.6792207886590074,173.01538145114245
1724949710612658154,0,-0.9602958061293538,0.04815522295037672,8.735252070826446,90.48187612969019,3.5169347735556413,-171.48690204861273
1724949710612658154,682,-1.0228338062957498,0.06649335614183309,9.00950324807557,89.02193836379432,18.39555410064414,169.97324637646548
1724949710764716851,682,-1.0485931002593445,0.06961025683326218,9.021322551065552,85.93774101739056,23.83305826921175,170.01058606849435
1724949710764716851,272,-0.9664794348240181,0.025941502414823958,8.504924460497874,90.43284169948166,-0.8909744358209295,-168.57239532589378
1724949710764716851,0,-0.9651269402787535,0.05494756621014535,8.658261005165128,93.00674408900427,-5.8314599043348085,162.20890233892783
1724949710901730237,682,-1.0719523478363384,0.03368620184897464,9.17503501471983,92.51246733834813,-21.392032205694385,173.19820954114823
1724949710901730237,272,-1.029547816623267,-0.005504282096983226,8.86834769562964,91.27180396494232,-2.4074859090265677,-174.59360435274033
1724949710901730237,0,-1.0168892294896488,0.016265575174218228,8.864899071578424,90.5759393393081,2.6240406821226188,-177.6678540372255
1724949711046036487,272,-1.0709785072358484,-0.0852875578966534,9.056542365030955,92.69244579944741,-7.789069274877919,168.379666293848
1724949711046036487,0,-1.0181913777891376,-0.07591256003826358,8.676482373666387,87.19074329822755,10.31865138206486,158.87751341211836
1724949711046036487,682,-1.083773550309695,-0.058092181944071286,9.1463900891454,90.9865501396607,11.379705720408074,179.67092270703932
1724949711194786487,272,-1.0317916857865281,-0.11725082449833929,8.584087669251604,92.48329105814263,5.582637254075765,-169.32264294564592
1724949711194786487,0,-0.9988977287646382,-0.0789743729816107,8.582689959338467,92.82258210079215,-2.9863367905178793,157.74465074979403
1724949711194786487,682,-1.0939443057810603,-0.0745452038934977,9.075271125376362,85.18142397664356,20.656581801793987,163.08754281202926
1724949711339775289,0,-1.0734492921473098,-0.10999193800810098,9.037403466779223,89.26534675021895,5.9026483377814865,170.05146901167973
1724949711339775289,682,-1.1046441155047435,-0.08419884061034351,9.139106802507078,88.68540181909329,11.422074727548381,167.1556416946525
1724949711339775289,272,-1.075654812507392,-0.11175887028923526,8.9522320004625,88.14648616174406,16.52587994886244,173.42466396453207
1724949711471969195,0,-1.0454884722222757,-0.09099261861276203,8.815046479376743,90.14298344449277,0.583587230199235,161.14739135375817
1724949711471969195,682,-1.1174136825817746,-0.08694013666322695,9.167148340069867,92.60281340178966,-20.692283586529108,172.77860578261158
1724949711471969195,272,-1.0189062726929259,-0.11451256470950094,8.459463618811103,91.12574627253777,2.982878168933952,-165.5386359877818
1724949711625635757,272,-1.091152697355311,-0.08746869072086808,9.016866591498466,88.42618377061262,-15.117718371165347,-177.75645699070566
1724949711625635757,0,-1.0861856432556052,-0.08774234065081776,8.884491226413802,87.86678366942928,6.0684731802232905,160.69034216671588
1724949711625635757,682,-1.09843835939698,-0.06353754020597734,8.859681428173799,93.88588104249617,-5.072015490694964,154.5523161912377
1724949711733832476,682,-1.152040594243261,-0.07762329446216959,9.064431630225544,91.96825437089204,21.500594866404718,-177.39582093989495
1724949711733832476,272,-1.0810435022593399,-0.11215150024690429,8.63483530524069,88.64381890482314,-7.188482031527808,-166.63065912326195
1724949711733832476,0,-1.1379496700626532,-0.10536683937766989,9.01972021313753,89.03815863607542,-9.318120294909022,-179.75687346053638
1724949711863338205,272,-1.0675491984684,-0.1236339676631372,8.853493511444457,90.0511238779706,-1.2345246933854748,-170.58463127828773
1724949711863338205,0,-1.0660393882373784,-0.09147252243271142,8.921387501755355,90.14526760401075,0.5479887179095101,161.04483966280137
1724949711863338205,682,-1.14763085407639,-0.08563359695501653,9.35781581145359,88.81376111719871,19.747392522717902,176.5230268935666
1724949711996264872,272,-1.0642686855582433,-0.11812605384505576,9.229479779973378,84.80094662520601,18.431657856935562,167.74545337003272
1724949711996264872,0,-1.0736956085125733,-0.13084933564278095,9.172718449910215,87.25172397504322,12.252314833108937,169.05932978484321
1724949711996264872,682,-1.070577962032986,-0.10111051303152144,9.060608624883685,93.60743777515114,7.499771765628061,-167.68236868161338
1724949712125092997,682,-1.1488857383311872,-0.1053951492626895,9.505537178788815,91.00133394666719,12.008052598530174,179.66022428238242
1724949712125092997,272,-1.037370586729768,-0.13822570408194026,8.741749772481572,86.6647663445953,6.785684772343602,151.2833101018109
1724949712125092997,0,-1.1003673092419965,-0.13123725434175282,9.262075268575682,88.54189338123703,5.923803648789874,170.11074580989595
1724949712198104715,682,-1.1477382082140073,-0.07354728531019034,9.439672503269675,87.2339175610076,-16.128363640345253,-178.4870092333793
1724949712198104715,272,-1.0823810005163168,-0.10705952565387958,8.998187076355892,90.5753238159323,3.4020455341852136,-174.08670492837882
1724949712198104715,0,-1.0506336193070707,-0.08094005601676874,8.936219309373707,91.9890170146127,-4.264728236906015,159.38868064057704
1724949712324522892,0,-1.1650532622278709,-0.05465787624669688,9.255498631853017,85.55235906671649,18.96978180503839,165.46436914160583
1724949712324522892,682,-1.124073061835811,-0.0030870708067778016,8.784180471680747,92.12527453650674,0.053568931769850205,-164.0009298835931
1724949712324522892,272,-1.1787759336311616,-0.028591838714127987,9.360471417255928,87.87108398928073,9.012735229521649,170.51266982467982
1724949712466711434,0,-1.2500750239313114,0.05293650596409921,8.91281465542247,89.15781559240703,2.4807732730481526,157.6038849742884
1724949712466711434,682,-1.3511144646366098,0.06951319730600848,9.481928547142006,89.01132794851799,-1.425874770125181,174.4480219036493
1724949712466711434,272,-1.3256478725280265,0.0480319717285998,9.34293754814268,94.32267776793748,-19.83084006420605,165.17160859417297
1724949712598266226,0,-1.2683878298532276,-0.013282548005952965,9.346842683334714,90.56015274352158,2.5272172318039736,173.86071254074628
1724949712598266226,682,-1.3125402741803882,0.009270781789565342,9.501920508738406,94.37025972586856,-14.452310535997675,171.9769520235133
1724949712598266226,272,-1.2722654215882698,-0.02142363555571708,9.281237060719597,90.32381989870169,12.667265106821295,-179.47173456709368
1724949712749950392,272,-1.2225614304556243,-0.0825584757735382,9.439732849065047,87.59497459866367,6.780986134367854,165.96115822841404
1724949712749950392,0,-1.1947442775109067,-0.07215411922259413,9.136501882488574,87.55265106074222,7.868178475823655,160.8007236706394
1724949712749950392,682,-1.2578454185531962,-0.050906876732449466,9.50944012124953,92.10966574281184,11.089622021495554,-174.60532149782514
1724949712916854246,682,-1.2345610206102409,-0.07581661679886509,9.703103776653055,91.20171362242615,-18.76874017197751,176.26446679857372
1724949712916854246,272,-1.1589537087893054,-0.11506203950261454,9.187148230974753,93.0986157036208,-5.931062659582362,155.25913079262548
1724949712916854246,0,-1.1170181488722015,-0.08540416626247521,9.046342530193176,91.40887374577675,-1.4245969275854717,157.76870807984187
1724949713085059194,682,-1.1611467097102364,-0.09149656830857311,9.245145856290526,91.57781353977684,5.973832476400334,159.1175219388176
1724949713085059194,272,-1.1942263959648454,-0.11575107849757946,9.599174240142913,92.94034893283359,-13.069101367741872,170.16814514798455
1724949713085059194,0,-1.1696949029930481,-0.13116290811382758,9.44549267089412,86.2571526014952,16.329714456863798,166.8230405912557
1724949713225461486,682,-1.2055147128259522,-0.10533275753362553,9.496257483098042,90.91795577238865,12.124099326053846,179.2504408934172
1724949713225461486,272,-1.1902084089928677,-0.12498915070527641,9.541307185633142,87.04971519257147,15.007686232240737,171.0401439484199
1724949713225461486,0,-1.1741546878912954,-0.12832664371058378,9.476013771500062,91.1626500190841,-1.9951393007735483,167.83632038586742
1724949713356799819,0,-1.1832102225135879,-0.14565796965032407,9.554206323287483,87.6470031956429,13.776659650459681,170.75031712317409
1724949713356799819,682,-1.1468519684160214,-0.09841659802837402,9.093813626053308,91.53504948472866,6.128683117491772,-162.81488070468797
1724949713356799819,272,-1.1999757626585654,-0.12297786209337012,9.689963918629566,91.97761386863932,-18.731887799953356,169.98744603678256
1724949713502249142,0,-1.1371619644761186,-0.12848415631293925,9.453138185559567,91.4518844941776,13.268040194116299,-171.05297958523715
1724949713502249142,682,-1.158393632732301,-0.09076741042924444,9.257066512702613,84.02179446256686,11.720261316386095,151.1804401585484
1724949713502249142,272,-1.1523817782433947,-0.12516295172230188,9.299133183350042,91.16933028922453,12.995732540546628,-175.51231865489206
1724949713648764819,0,-1.1527247412100188,-0.13905778026203414,9.583553902298767,86.8979639699652,14.238386697209668,165.81557670718928
1724949713648764819,682,-1.2031259519537063,-0.1132180455767175,9.898273239111017,91.05283790676044,12.32974769704291,179.69411288193783
1724949713648764819,272,-1.1369290777024028,-0.1462957005625809,9.408441105080676,91.40885629705029,-2.1577548191078573,156.36481091458498
1724949713793103777,682,-1.1998231653342628,-0.07865873014566012,9.673308584550911,85.08711337744907,11.257526870832628,155.0069065735627
1724949713793103777,272,-1.1773351313940912,-0.10497922335899487,9.542248920086642,90.26802664733462,6.09120107998387,-178.8243655174421
1724949713793103777,0,-1.1372845067735584,-0.09192774875060522,9.435381950578874,91.98380174219585,-3.2571253887845097,162.64405456559427
1724949713933894506,0,-1.1494065003584266,-0.11656524257386625,9.326749754744494,91.85845335221484,-1.9292489053115687,159.8751782062975
1724949713933894506,682,-1.2406824671741017,-0.11238862377316561,9.739144631461823,85.30345966612973,26.001720700646114,169.19437398841356
1724949713933894506,272,-1.1769128085273992,-0.14235949440518764,9.378729145074393,93.09968446256237,-5.667034802505706,155.13047845241437
1724949714070685183,682,-1.2133558474029156,-0.09867061616158168,9.61710017718661,94.12184493803132,-2.9084326210632545,154.05350499670556
1724949714070685183,272,-1.2119385399806546,-0.1186573100142318,9.722935472123133,87.57763427247178,11.43789822996943,165.15617905487707
1724949714070685183,0,-1.1848848343796456,-0.12014707529884916,9.512298955581905,88.70315508407607,7.450717211625157,162.9677975674337
1724949714213940340,0,-1.2167696134979873,-0.13500542777156593,9.73203383228254,90.5787378266398,3.1373273117077414,175.1391766651412
1724949714213940340,682,-1.3213228444053542,-0.1200283511546679,10.32795954118478,88.96715219036034,-1.7990777691910098,174.29502466833992
1724949714213940340,272,-1.2194369611884521,-0.14952769489885892,9.642973737765637,90.21791120737849,6.798205114603882,176.29497154718277
1724949714347837996,0,-1.2253938483400724,-0.15341625874632508,9.729157254540336,89.28210531788923,1.8513545804705898,-172.37908866427526
1724949714347837996,682,-1.2662678706775412,-0.1237271674497469,9.868471012774881,92.30899535233583,1.2526974001295177,179.40802661833402
1724949714347837996,272,-1.2822318266352883,-0.1409653972950484,10.097375108449617,93.13061897281575,-17.160145554618015,167.18707552415268
1724949714477795600,0,-1.2515330609162818,-0.18637656814813058,9.781420575866917,90.07836982948069,-5.951861199663828,175.66623484109664
1724949714477795600,682,-1.3082421386722656,-0.16062488513920298,10.082651350917128,92.1674797986151,13.171832873937447,179.1902794445918
1724949714477795600,272,-1.2104020075272326,-0.19623138272390975,9.411714049538343,90.02191581256571,-0.6204410086219116,-170.6169325461365
1724949714611801642,0,-1.2782960643067036,-0.2137043005600488,10.050926172051478,89.45850745737857,2.9836769659517453,173.96456370255268
1724949714611801642,682,-1.3000541260650578,-0.18966998254190134,10.049964722125265,90.52908067008005,-3.3534272810054246,-172.79936002864974
1724949714611801642,272,-1.280210219895259,-0.21151518042160783,9.94252795146825,91.11258533066618,-7.830766712530808,167.10171700306262
1724949714763515131,0,-1.2834562389251454,-0.23227295230322131,10.1044236341925,86.75980917350961,20.390484611300966,171.31458879448945
1724949714763515131,682,-1.260498950354482,-0.17596575791032334,9.675461696636097,91.10158378880313,1.3213008151918206,-169.49292655801628
1724949714763515131,272,-1.3015526198007712,-0.20924802599096345,10.072331262821026,90.18667533478393,7.594823896861013,176.351219495018
1724949714901065131,682,-1.3095949173890997,-0.180591948618803,10.020043305304233,92.94905802745279,-3.133094069702534,158.242114538219
1724949714901065131,272,-1.2666565670227639,-0.2074900064462762,9.860474781165168,85.0845960892006,10.750097584872094,161.533013657337
1724949714901065131,0,-1.1911308676822836,-0.17428338294957724,9.173691054982973,87.04589601887228,6.4406207913482785,150.90085708346476
1724949715061152214,0,-1.262268353752784,-0.19519158047760404,9.746749007770205,88.96668671808715,4.931895758118627,-169.7607547393273
1724949715061152214,272,-1.285430565102059,-0.21884904709706451,9.810309453233415,91.11166095326114,-3.6743918714559496,153.29070597161325
1724949715061152214,682,-1.3151466243736283,-0.1881077142494175,9.907394812053703,93.83840496586402,-26.769277423101865,171.65528302324503
1724949715211431433,0,-1.3322123408892943,-0.12171886483941985,9.8766850170096,87.08341814267072,7.218475549446658,162.31612832235683
1724949715211431433,682,-1.3405119055130974,-0.08660830179007128,9.817969951251982,90.43708153728527,6.026558948911171,158.41024687771787
1724949715211431433,272,-1.3293769164276759,-0.11766546362864341,9.86177628518249,86.18509383082029,7.21287163049867,157.70498619666165
1724949715353667423,0,-1.497387201958185,0.20632049975034392,9.939595882877622,89.09830883352585,-4.674434662838082,-179.0981785266631
1724949715353667423,682,-1.3826835042554055,0.21839494455362024,9.087663926190828,91.70779882407336,2.3499201296553833,-155.64362394446366
1724949715353667423,272,-1.5066729628743785,0.228468700307719,10.017201910228785,85.16617922960589,17.616579923047013,168.86509784186111
1724949715491543360,0,-1.3300324701376414,-0.07420555614209595,9.94227481300295,92.86712072302541,-12.950673351027614,165.53513255148673
1724949715491543360,682,-1.4145734224506579,-0.06347564396728529,10.340064065316582,92.09884359946494,-15.124090803045124,172.15404329378387
1724949715491543360,272,-1.4011391962512352,-0.08450237434944066,10.392681262360217,89.88975724293094,-8.947840246055266,167.1618582513492
1724949715614418672,0,-1.3184568092823505,-0.26670783108353435,10.221562456443673,90.17034264715102,-10.294006654707776,174.72105782794605
1724949715614418672,272,-1.3161353734145869,-0.26209461957461766,10.196989061561377,86.76021050384028,8.192323763349101,166.67343424753517
1724949715614418672,682,-1.3231064133942687,-0.2356557346099209,10.089989019933196,89.64554282050614,13.533738270240365,178.98968844262032
1724949716016825443,0,-1.3405713350448794,-0.227937237450756,10.106613291992895,89.7702720233234,-2.542751136582211,167.35326715403573
1724949716016825443,682,-1.4191004297501577,-0.21733499423185812,10.47573742825379,89.29784465210503,6.22555399106447,157.9274082091603
1724949716016825443,272,-1.3413371915419603,-0.2315692012040404,10.024128665706133,89.05187762196687,-2.5796271042281567,155.4483899254188
1724949716171258776,682,-1.3616066524298933,-0.18066010585486056,9.878253827377128,89.92547253236012,1.4101374353513438,-163.37590921057028
1724949716171258776,272,-1.4056119567756393,-0.21198758009594384,10.285452282015685,85.58952301000845,18.460700737357524,168.28284168368288
1724949716171258776,0,-1.3905982978955984,-0.22105255123911077,10.233287613786441,88.60430988267764,3.8165536043684156,-179.1288452173796
1724949716311552943,0,-1.3504118765383728,-0.24155987820111935,10.108115497556067,89.60597676484882,12.794329274606914,-171.41610446689384
1724949716311552943,682,-1.4366133529403808,-0.2244071651418797,10.473788562197948,89.28805327843402,6.260525272825202,157.86347951557426
1724949716311552943,272,-1.3909746099661913,-0.25016762354970556,10.247393520353269,88.04596157906003,12.523115959296906,177.011819528774
1724949716446062526,0,-1.3584892372487234,-0.34973688255983626,10.353537935679103,86.30005987939892,13.78872348025944,167.86772246333297
1724949716446062526,682,-1.4161161028223583,-0.33956635592817536,10.666673672530065,97.55370630391998,-14.937752229797267,163.18555222446338
1724949716446062526,272,-1.3315078094406383,-0.3585212092976216,10.210118749452432,84.26492848506467,11.427958099812898,155.11008473064177
1724949716576674870,682,-1.4450012474703644,-0.31332342164020155,10.791606313304968,87.40907983188765,-9.2711330718485,-174.29233778447625
1724949716576674870,272,-1.368534652929978,-0.3194350967588996,10.249183470189953,92.42482041856194,-2.9373045991798583,152.82572193023373
1724949716576674870,0,-1.3693746612070723,-0.3178310778414292,10.391020332210658,89.0517823042717,2.951148401649597,174.16436818822206
1724949716711202162,0,-1.4120645516338497,-0.27651859586984523,10.54285256005919,89.77222794889676,-10.165599465186661,179.7860658080145
1724949716711202162,682,-1.3691003876986891,-0.23092471238390916,10.177447045584584,92.49841235615011,10.594509620536314,-163.68611005236306
1724949716711202162,272,-1.3869566316602469,-0.2588276945270728,10.4269139921442,87.06899556151642,14.501691167296485,168.30629103111093
1724949716843244089,682,-1.4237973272964697,-0.2527500083676642,10.807968549123018,94.69723288707364,-14.117643799759868,171.94525304467365
1724949716843244089,272,-1.3828360754155056,-0.2856410343088431,10.611690124070519,91.17090761192081,-8.190465481558057,176.84209401457974
1724949716843244089,0,-1.33132229452397,-0.2596750151909892,10.242204204106347,90.17814332447247,4.371370635840798,160.12133212236944
1724949716981255287,682,-1.4387329958761481,-0.1911911683529379,10.789233689906274,91.46509384349378,-0.9814834484955258,176.22379872535663
1724949716981255287,272,-1.4206560659588168,-0.22871608635695576,10.740634842151842,91.68413343831281,0.19700887684731253,172.8180115860909
1724949716981255287,0,-1.331175413970971,-0.21273933642003134,10.236258978369444,91.97484711711161,-1.1317332396852406,156.34339533867046
1724949717115844141,0,-1.455466720151461,-0.048302596923042174,10.466684351547784,90.68187594581433,2.521445374434372,-175.119814727071
1724949717115844141,682,-1.526312886594254,-0.03375254331909177,10.78246770263893,96.2280695598098,-22.912626947938232,170.96087055614876
1724949717115844141,272,-1.4581655523309762,-0.06415900708201755,10.407732657520452,90.77284726647238,-1.5128438092732617,-175.23621173623164
1724949717252619401,0,-1.413135689284201,-0.07364311265092877,10.253318161734176,92.24272024881991,-0.5312373724756221,157.69230632186972
1724949717252619401,682,-1.5438484060064988,-0.0677047104315705,11.004086316119118,86.87328975462538,12.829533584394177,165.7026960925239
1724949717252619401,272,-1.4790115900027891,-0.09674897248953152,10.664342487826268,88.36473338406361,14.176501412174012,167.88130145692335
1724949717388943307,0,-1.4654391938621745,-0.1541596265636423,10.792586872547709,88.5900012101381,13.677091749063973,167.40617818535716
1724949717388943307,682,-1.412326929605413,-0.10848815693744362,10.297868904958655,92.47835037903188,0.6429020869589832,-162.82556003310296
1724949717388943307,272,-1.474286105564773,-0.1454445766052075,10.81882211739902,91.55524348409152,-1.6365796832799457,176.76193507594283
1724949717532904974,0,-1.463559509412805,-0.1288955726887347,10.686503602274287,91.01196465869384,-14.024850086030694,178.64637476108956
1724949717532904974,682,-1.419498230720152,-0.08397058168626018,10.28006136585202,91.6591825098109,-2.720685244411946,-165.83714782481275
1724949717532904974,272,-1.4758509517475433,-0.1062498544672868,10.790310621859751,86.94063930559388,18.61974270280186,168.37227839338868
1724949717669222265,0,-1.4998773951533366,-0.0735363645114589,10.65087703253886,91.5580737329194,-0.8691665223844093,163.18031853333275
1724949717669222265,682,-1.5377882708534016,-0.04457047058540394,10.785989680548477,94.94604420843261,-15.355786969247541,171.51598558025125
1724949717669222265,272,-1.628542771815245,-0.07042875181674713,11.470713384753584,89.55129018740654,0.05030230528885671,171.08460115604063
1724949717809775651,0,-1.4653651299736679,-0.09839687311108158,10.526539835115816,90.14898278568153,3.732427472161409,159.60029202295974
1724949717809775651,682,-1.558913410145341,-0.08769735074176924,11.04515290379167,93.67387420878168,-15.646574973364585,171.57242084436814
1724949717809775651,272,-1.512745325382799,-0.11559852204677648,10.806857776863877,89.97198619504212,3.829584566366944,160.1319920089097
1724949717944504922,0,-1.4689289673401371,-0.11111842860828369,10.692764696242332,90.26872591908888,3.111492482267411,-174.70875674314158
1724949717944504922,272,-1.434789250271473,-0.1346296432900394,10.393129769674344,90.32922528232427,-2.878801630371527,-168.12227255079534
1724949718075417474,0,-1.5062795412519825,-0.0843322783984739,10.750907674321622,90.35933558739691,1.8985645773188207,161.15548087810924
1724949718075417474,682,-1.6072352349882997,-0.07358002230772057,11.299342394788457,95.13391554765118,-15.640806761708955,171.4568458006581
1724949718075417474,272,-1.5238547410907686,-0.09908588683379041,10.850037240877125,85.2097038719674,15.329318060865372,162.75140204717235
1724949718208602578,0,-1.5451718923456181,-0.07998370497271423,10.860996067237862,91.03604974012072,-13.902407104261167,175.58219637349404
1724949718208602578,682,-1.6182283198166636,-0.054113775270706065,11.268198234805803,89.97530477426811,0.3849147272848617,177.78449975103888
1724949718208602578,272,-1.5874823644248313,-0.08079064081717477,11.081578626776455,91.67260108472196,-2.3495452778501793,176.1158327112661
1724949718359280598,0,-1.486150245519372,-0.08136649759397241,10.459279315229375,93.16021173303018,-4.010645909600343,154.7860772409811
1724949718359280598,682,-1.6132164316029254,-0.08809767293460927,11.069645735605947,83.71354888634939,30.26490570324184,170.17698508442263
1724949718359280598,272,-1.5751747855996778,-0.12625375306170059,10.863488604104571,90.96165470245937,-2.401573844377526,154.3599191993819
1724949718488980390,0,-1.5958882313806588,-0.16667007332672268,11.192021680297199,87.84722496335782,18.55079361663421,176.1402854088528
1724949718488980390,682,-1.6372148573637542,-0.13159312862832365,11.271588973512875,91.9405256625043,-8.945980273346663,-179.44567682013016
1724949718488980390,272,-1.5938578445358198,-0.1534991492999257,11.039911265668357,92.6715646135245,-8.119230796980402,161.05982155800686
1724949718622161848,0,-1.5619824992803262,-0.2008134852154942,11.08608819157571,91.64481707097816,-15.006820800682954,170.9564811429126
1724949718622161848,682,-1.6019568769773906,-0.1640619306713338,11.227771371669569,90.56008942040737,6.555331563970025,-173.1096309137114
1724949718622161848,272,-1.566923457616237,-0.19511825127904625,11.061367642924305,90.03532034582572,-0.6566990787373135,-175.13596952692902
1724949718755331588,0,-1.5461935843542562,-0.3197419746599742,11.002339082539871,91.63650760735673,-18.07069793037469,174.7043501320974
1724949718755331588,682,-1.5975856666076846,-0.286614017245621,11.229678299769283,94.43651273320913,-10.483251324758413,165.11391572917438
1724949718755331588,272,-1.5756987574978696,-0.314380494358739,11.221558044244649,87.36011759477573,12.222030668665747,170.99211198806546
1724949718891194817,0,-1.593201051514748,-0.49875268184080074,11.174682543440001,88.679765999425,-0.1158462966749828,-179.20942949665246
1724949718891194817,682,-1.666498800215574,-0.48721165828032287,11.522794699777139,91.14354896394543,3.538488910851725,178.70635134439766
1724949718891194817,272,-1.612605415100744,-0.5041899487644073,11.354176856990485,88.36169428984414,1.812778245761149,175.85728153074461
1724949719006634765,0,-1.6078898680842126,-0.5214223214840508,11.260708856709906,89.06675577909208,0.3702985271624963,-178.836310775119
1724949719006634765,682,-1.6682145196298168,-0.5041544141691555,11.507323407530325,91.6371096314174,0.6853404076011396,165.37670641656652
1724949719006634765,272,-1.604494980010897,-0.5187963821359513,11.203241797482539,87.74652490670573,10.285077759390681,166.56884909064252
1724949719101590338,0,-1.5586414303870897,-0.39063409914962977,10.998458759564851,90.46981857254724,9.420932656634134,-167.72672959631458
1724949719101590338,682,-1.6389379175473984,-0.36858717063214297,11.294335601552778,86.84242688580933,13.390885846516545,158.44271911198373
1724949719101590338,272,-1.6473599414975875,-0.4091215107566497,11.429333437363074,90.27761902402383,13.350479252414374,178.4687798388669
1724949719225874973,0,-1.6327547902597819,-0.33588550774377735,11.229175381578793,90.1192579067788,-16.479911404752144,177.4824502453588
1724949719225874973,682,-1.6381396876742897,-0.2925365353506693,11.19961937571867,94.36774754310896,-0.604248412979623,149.1418572751573
1724949719225874973,272,-1.6879313142377694,-0.3262136643166516,11.676892375795413,89.10756727410002,-13.568113096615344,177.3766193532357
1724949719375802213,0,-1.5984915075110593,-0.25901707006693414,10.950177655799322,88.9889010028727,3.5496820204304815,-166.6049682266543
1724949719375802213,682,-1.750711968371292,-0.2609926786940537,11.824269047980685,89.82592421449512,2.184946989813025,177.3160525066756
1724949719375802213,272,-1.6223410055877225,-0.28480699652340874,11.03982444931704,89.98676222063065,0.017905804235779206,-170.41277682361203
1724949719523267004,0,-1.6665566660640794,-0.28196149612618115,11.388404946151233,89.07280378944539,-8.104299381418892,-178.93253636449535
1724949719523267004,682,-1.6993792223004816,-0.24949233439291035,11.525252827320774,91.1565062169526,3.051844597465469,178.15996409402365
1724949719523267004,272,-1.7065226546441434,-0.28648379665579793,11.6634958960132,90.05282350341086,-0.39223377623033767,175.5104839880785
1724949719669443515,0,-1.5275698146166399,-0.2325818013532373,10.729979298127361,90.57070412494905,4.278016643369845,-163.16924689283888
1724949719669443515,682,-1.7650400795390422,-0.266143144170923,12.19363039428577,85.80903206471648,18.691320084669645,171.3755026859401
1724949719669443515,272,-1.6235470505304537,-0.2869312536626206,11.337705326705999,89.87191976471627,-4.058527608013679,-177.8792842326563
1724949719814130285,0,-1.6258484270525249,-0.2697474182136057,11.387795426729898,92.49407318533319,-6.79880056087275,166.43498668183116
1724949719814130285,682,-1.6270960414551676,-0.23501292084019998,11.168181561596395,88.27210746213295,-6.0981327451801794,-167.96522619135052
1724949719814130285,272,-1.6869633372781898,-0.2707083424482383,11.66567727051754,90.06450867493614,-0.5300280596335697,175.73685790899137
1724949719930348046,0,-1.7017079750453354,-0.07395653035231198,11.682598065787522,90.16538755139278,1.6301992759895776,169.85451469146494
1724949719930348046,682,-1.6964987663866993,-0.034900989785908845,11.487131533686492,92.00803090835278,5.698512911485392,-173.20695743233176
1724949719930348046,272,-1.6986923666560876,-0.056602404889783964,11.619750208769116,86.28574358729075,21.265855792443134,169.86740263470975
1724949720064641015,0,-1.6831986973734354,-0.22949771243529976,11.719884699419605,87.7969263662312,18.847971232627923,173.025938577787
1724949720064641015,682,-1.736928834093003,-0.201814476498014,11.868083140113066,92.45674295549135,-15.989880130573214,171.37356770397113
1724949720064641015,272,-1.7020722274469082,-0.23497454720680866,11.731274550418417,92.91966381325169,-8.758702937616283,166.17373035557011
1724949720198869400,0,-1.6616441011935656,-0.2846565304924035,11.500598351099493,90.29652240382313,2.5495627862651187,175.04248912007486
1724949720198869400,682,-1.7620391255145507,-0.2695208940332136,12.06770511993596,92.0718517342076,7.211388597361324,-172.60347402601226
1724949720198869400,272,-1.6738831046917584,-0.291407078057393,11.640713181523957,85.89295076526317,15.447431557918476,167.42908294201285
1724949720327026744,682,-1.641238895037629,-0.19016948929367,11.189785932143954,94.61743804743053,6.766723040430237,-161.42755828081255
1724949720327026744,272,-1.709093353973831,-0.2283568827311749,11.735005594101166,89.30048588893949,18.788575756678224,175.32797091405428
1724949720327026744,0,-1.701960070687473,-0.2439447925704662,11.738662486807469,90.15567686882218,-6.446287951135559,177.41521881233706
1724949720459847369,0,-1.717916249301047,-0.30869594245450305,11.883627129662662,88.23386740348586,15.818491859450702,173.35737954745377
1724949720459847369,682,-1.781354700940416,-0.2838602559783618,12.10783978403649,89.44883109739887,15.065646898876597,165.61630947872163
1724949720459847369,272,-1.7270996069624795,-0.311804100340779,11.785565228057814,90.74614593995183,0.2869845524507229,-174.88615056503718
1724949720607730598,0,-1.6975424061957167,-0.42555778597693716,11.767409907425469,92.5171099711186,-13.395325764413107,168.76940107606333
1724949720607730598,682,-1.732391870914406,-0.3893517406208285,11.833534590473615,89.86323201884615,2.4343468780316457,-169.14356331277062
1724949720607730598,272,-1.7180973433083437,-0.4131981974299568,11.778345822906736,90.08871791142853,9.634221142083021,-178.99982023476326
1724949720754748358,0,-1.6585101090252494,-0.42263759166309955,11.507172031523714,89.25510367888475,8.648038553284419,-169.25236761063746
1724949720754748358,682,-1.7740481462329993,-0.419215178323624,12.111558935944062,89.4552496138836,15.593971776777238,165.83595006615482
1724949720754748358,272,-1.8201871352649641,-0.46183724924687536,12.504500457914647,90.00635773132748,-2.1368876167026194,170.95006821178578
1724949720888793045,0,-1.7124770665200373,-0.3249355148528356,11.892543978729705,88.2990968889318,4.5918873447248645,162.99871192386595
1724949720888793045,682,-1.724463723272344,-0.2972762112582931,11.836231444462097,89.89213611482623,1.881791303987537,-169.09895608639422
1724949720888793045,272,-1.7369110338859373,-0.3337661070542292,11.952000501934794,89.97387736376328,0.2763234073984048,-174.8741026395705
1724949721027073722,0,-1.6749830719283698,-0.2744311402671241,11.82176252876737,92.42714194274274,-9.719637377771994,165.6734300715247
1724949721027073722,682,-1.772640865034369,-0.2660271137247201,12.224662220509675,88.73195887187248,-10.52734969309894,-175.05810898590815
1724949721027073722,272,-1.6317352352070016,-0.2848983729560448,11.263591038980088,92.98436073738443,-5.119654577837201,143.82475480868575
1724949721176978462,0,-1.6969260926065646,-0.2572755886316307,11.909181222494093,90.12312935182054,-14.24515328793027,175.54048661901928
1724949721176978462,682,-1.6549671373893031,-0.19870676720914998,11.522959028435594,92.26846987664692,4.630214953426275,-164.8077074635337
1724949721176978462,272,-1.7465794491962547,-0.22749468365463513,12.29938396194765,92.8666577573404,-22.80964307214164,170.67021917043087
1724949721324755181,0,-1.6237516712372664,-0.21707085849174568,11.596128157850263,91.88273432905982,-5.766777179933178,156.41030214459178
1724949721324755181,682,-1.7747886219802975,-0.22075822655817706,12.428378243380916,84.9446130096961,14.122113238189103,165.0319221070615
1724949721324755181,272,-1.681949706884406,-0.2394326724362024,11.85275996005883,88.0790533366958,2.201026887972778,153.8394888100209
1724949721459565024,0,-1.655167496041799,-0.17897297196829037,11.9750606754815,88.17472971264495,5.4026219492342955,160.1322091437753
1724949721459565024,682,-1.7055299837873157,-0.15195987937066435,12.140224035487163,91.4235809935538,0.8482701191462395,-168.4089737715454
1724949721459565024,272,-1.679508701248925,-0.17943694342126654,12.11729198313706,87.78035428132988,8.874917606823152,175.62584222728665
1724949721595053097,0,-1.6969969791912103,0.07517745710774526,12.295601972394717,85.94210510094216,17.442539649124516,172.6964968059403
1724949721595053097,682,-1.6841903618440137,0.11358153059528484,12.00012166137254,86.66209194037398,-8.279620418688262,-166.49685507588413
1724949721595053097,272,-1.663754754655639,0.0820755451515,11.936773680672728,90.50888884536343,0.2258174036851706,-171.3701290687708
1724949721726116743,0,-1.7029207261658639,0.07499506551547688,12.150987888573438,92.87596966393517,-10.66609906957333,161.19618114353864
1724949721726116743,682,-1.7859981955403608,0.10317113764503438,12.469912138288649,88.71119198237197,-2.0052090190348073,174.26440862049984
1724949721726116743,272,-1.740307976758554,0.08138759065616072,12.276125798554325,84.6416585940351,20.996171627195526,169.766355486234
1724949721877461899,0,-1.6846515438841765,0.020698088592216113,11.83692682711199,87.69904913113682,-2.662244836204611,-169.01443630853484
1724949721877461899,682,-1.7987743220253058,0.028121807650941067,12.493751865807475,93.85318098585246,-25.61689070169115,171.2076340708128
1724949721877461899,272,-1.6584068563427152,-0.019233786193499747,11.617935852581715,90.06626659325836,-1.5298224299939096,-165.41091812240683
1724949722004897837,0,-1.6871048528280694,0.02702359698218837,12.198950666357677,87.78388406075105,-13.072598811052393,-177.19170137632668
1724949722004897837,682,-1.7292438435104613,0.05444840168166129,12.453287103060372,91.24308765886964,13.356018350538296,178.79842019264348
1724949722004897837,272,-1.6430024551990645,0.029978077469487496,12.012837399638945,87.29894631769793,1.1060825043570932,153.97454046268254
1724949722150387316,0,-1.6466029446914536,0.0025003304189250564,12.276848001768855,88.4889249781886,1.9542186218074145,-174.09543920546443
1724949722150387316,682,-1.6816723893690806,0.040703803989414256,12.389525554562068,92.17897198184382,-5.083742616668513,156.87259023332393
1724949722150387316,272,-1.6966955334765816,0.020565779304739684,12.64752934887272,84.70743558927137,21.6031300037062,170.28320309731387
1724949722290238305,0,-1.6731573165910092,-0.05617651018798525,12.701270496434017,91.23648767898814,3.0782542560807737,174.05049769747103
1724949722290238305,682,-1.7209356706602457,-0.040274483561667754,12.789807931068488,86.58117651835435,13.645176938161255,165.4484076121001
1724949722290238305,272,-1.6927559271951902,-0.07045939657276903,12.673783745727736,88.54224768016155,-2.1152378906371316,177.3327911814077
1724949722445436274,0,-1.6431686341048088,-0.10070944511130886,12.316893490345542,90.85602650736946,-1.5639879565664065,164.6713359623902
1724949722445436274,682,-1.7869370693004272,-0.08014104065384331,13.121820231256514,88.55138584462894,-13.362614991326645,179.34485757818206
1724949722445436274,272,-1.6938419649143501,-0.1146231888534108,12.449873343370154,90.56313113205591,12.36334069619446,-174.23782907097072
1724949722534485024,682,-1.7225017797262394,-0.15676858197199633,12.849015953570566,91.89031679683677,-25.38280678358299,172.08131514462482
1724949722534485024,272,-1.6262756332941473,-0.1818411536848636,12.2684567058212,88.83822371505892,2.1304778764684413,-170.66640091307653
1724949722534485024,0,-1.6736303228620633,-0.1677704135308683,12.659827384380932,89.18460912336596,1.8735044307840698,175.62533639383676
1724949722642233097,0,-1.6809910084113686,-0.28349695297798705,12.810711044595141,90.32911413989487,2.8351170116444115,173.78584078931408
1724949722642233097,682,-1.7519856750943328,-0.27526830800475977,13.05995144780192,92.66409319702007,-18.67040119817514,-178.89157331108626
1724949722642233097,272,-1.7208211707809509,-0.3149965801597117,12.85886625453538,91.34989036402007,3.560977552358385,178.25289971949343
1724949722765420493,0,-1.6348970975108021,-0.5077676209102296,12.481934410161626,89.31097618754129,3.678937054370229,173.55313841995306
1724949722765420493,682,-1.7055912831443316,-0.5105643582137452,12.846703755981041,91.81144024960747,-23.804558425402895,171.86157447159593
1724949722765420493,272,-1.7011492686815959,-0.5500262873050034,12.89221219370151,90.21353197627906,2.3894536779075253,177.18775994155052
1724949722893549659,0,-1.632653229384368,-0.6328058722482944,12.826181897041787,86.60293745955236,19.25960871285856,172.2366187534815
1724949722893549659,682,-1.6425658447809106,-0.5765155246629634,12.779118957229931,91.48964458544944,2.3035812944777962,165.6571526361655
1724949722893549659,272,-1.6148448724004143,-0.6057447118128771,12.744650842561219,88.40549016806114,-11.38656303693825,-173.60326898350655
1724949723025680805,0,-1.647880425481238,-0.5178820695907416,12.695809616214536,89.79427819560908,3.711625564556648,173.6221347438716
1724949723025680805,682,-1.7162240307746737,-0.5123234312036936,13.086567185006114,87.18819112322623,22.334390773519324,163.15785853218296
1724949723025680805,272,-1.6913818862824193,-0.5428752471351187,12.988407372411642,86.10062457456519,15.375855672017522,164.7646362265885
1724949723161117680,0,-1.6048547387383052,-0.47371914562924955,12.206359015476957,89.50944011140528,2.9782541558333095,-165.92493020725766
1724949723161117680,682,-1.7558585256885262,-0.5018142287736729,13.217906571116982,92.31004363548263,-15.67945514010524,171.87441980086808
1724949723161117680,272,-1.6587723251978097,-0.5159211114255371,12.69066945942708,85.34773865284548,9.69676278422198,156.61373519289555
1724949723295425597,0,-1.616682119772018,-0.45642513334718776,12.416750935971566,86.64729993698087,10.640595556842326,156.6998052739949
1724949723295425597,682,-1.720962817831752,-0.47033050070253124,13.184221203547159,96.19974884408568,-9.409496038021285,158.25873385259382
1724949723295425597,272,-1.6953487973841948,-0.4852626841052367,13.08224279437166,90.22689213906528,3.0643838888907897,-177.92639914122708
1724949723455537107,0,-1.6389560615013508,-0.35862554671217156,13.066593613290127,86.47184972169819,15.126530685114716,167.08220555064491
1724949723455537107,682,-1.6199306590149307,-0.3226075339935581,12.85506129433701,91.54167326846591,14.335249417073175,-172.4234902216019
1724949723455537107,272,-1.546168021514235,-0.3308178423835877,12.40539837401042,86.44416430527694,8.141615294190597,149.98944882745192
1724949723605125232,0,-1.6374401479837268,-0.24184052497355402,13.255513872636204,90.73310638458503,19.07987813384485,179.68838076284212
1724949723605125232,682,-1.6539856164557705,-0.20490050307985158,13.162442497906488,91.5284176553416,14.824049716272109,-179.84609404374893
1724949723605125232,272,-1.5992896587102534,-0.22090892391469694,12.885993282533803,88.78999341651243,-9.947807161204516,-172.6499648411918
1724949723766937211,0,-1.6850446975304465,-0.20182047095313788,13.043720452067618,89.87221014831022,2.8273367967548273,-173.71539655862142
1724949723766937211,682,-1.7091595732923404,-0.16898068828741658,13.048370995772036,95.31582828491294,-3.6089000597943324,156.617303912538
1724949723766937211,272,-1.696945580994033,-0.1934609617167249,13.081213040108212,88.16600945358749,12.33591434439865,171.3954407041336
1724949723903885128,0,-1.6285534990881085,-0.2547332059688245,13.050024788509798,89.8677922417687,3.1182366982514624,-173.37756403398583
1724949723903885128,682,-1.7064584745927462,-0.24295973510728008,13.479554188931804,96.60554210803593,-11.778842285770772,165.44252523635984
1724949723903885128,272,-1.6358503524843122,-0.2684235841329739,13.086714821260504,87.84149322639522,9.075047138579773,160.9599490922002
1724949724046537784,0,-1.4894132391472974,-0.1406844019582305,12.609465503965795,89.82275449762236,3.31588305078051,155.79245405047723
1724949724046537784,682,-1.5770784599605139,-0.13163891407377784,13.1795197720515,96.19800863782358,-10.692314972022634,158.22393710319557
1724949724046537784,272,-1.574850797658139,-0.16695767131469152,13.253951150200047,90.97491480046224,-1.7335080388994282,179.47359551875297
1724949724208926169,682,-1.6137479417721814,-0.1206960781059226,13.561272885069544,90.0078197604915,14.576257761233517,-179.75884320348754
1724949724208926169,272,-1.6300337900923216,-0.15599069158609813,13.783973776401496,90.68198373705509,-1.8825694194759048,169.79041739520918
1724949724208926169,0,-1.5215768126995832,-0.13631766113065796,13.042530199631164,90.18062657006868,-0.2863313515294357,158.89384657748693
1724949724359986221,0,-1.5598201333367525,-0.19389612463390238,13.151188246779258,88.72468695424762,-0.6731018690370582,158.884613122346
1724949724359986221,682,-1.5983681790761635,-0.1715718899507859,13.252501092477766,92.12419032118706,-16.962630052725956,172.89862363314833
1724949724359986221,272,-1.5835734116317204,-0.19749150331202925,13.303581650607464,87.72873366954813,-9.424839332720635,-176.26097316959755
1724949724517547419,0,-1.552789202087431,-0.18708782866457402,13.166491427000734,90.18092646599625,14.673016755218722,-171.438559856961
1724949724517547419,682,-1.6212812507142864,-0.16090263920364886,13.394033868257026,87.35326569618707,8.872419738583783,150.80324641014215
1724949724517547419,272,-1.6720994062048076,-0.19823942891672042,13.814309682189249,90.85656993189268,-13.243151742672095,172.40232254121162
1724949724666450492,0,-1.591086836890503,-0.21407587884226692,13.513573538507258,87.14711144526895,13.827116585055146,177.03177261598023
1724949724666450492,682,-1.6241338460326482,-0.18393881270414583,13.510679931103567,86.59113646426769,-13.056714459472712,-179.67859572188146
1724949724666450492,272,-1.5980306177186494,-0.20924558428890505,13.458301654281312,88.31837266784402,-0.7696123776492495,178.78031730185464
1724949724811550023,0,-1.5277686058930293,-0.43878050689374165,13.501113749586422,88.25073301084132,-12.788695530542142,175.97577272779486
1724949724811550023,682,-1.5427854340417395,-0.39079367929265757,13.536846978345519,91.52398337072576,2.027919127975906,166.11428103473344
1724949724811550023,272,-1.5543123240825962,-0.41711451207779504,13.782060147780324,83.90442760460647,18.225666813083663,163.37563957169212
1724949724945684606,0,-1.4844521726775488,-0.4610553278914386,13.665292650719248,89.91512528362468,-7.797055082218554,167.8786563567721
1724949724945684606,682,-1.480689139765074,-0.42018619640352783,13.458820080295277,93.71049829026619,-2.9728389496281538,157.17639897416126
1724949724945684606,272,-1.4671007993491432,-0.4449174888328741,13.438386805017474,88.20602117347266,0.9609426040839475,-171.37707816489376
1724949725072947888,0,-1.4406928076414216,-0.38794980234795484,13.530496242576667,89.05339907423367,-10.723221816430483,174.18820250031487
1724949725072947888,682,-1.5488637077818024,-0.3868706854591669,14.317810033800066,90.54666665912269,-3.9578440975433447,-169.143786574052
1724949725072947888,272,-1.315604783729124,-0.3713442468985697,12.27002563803344,87.71800313818841,-0.3549119379008519,142.17159700875774
1724949725205061117,0,-1.4949738843221498,-0.34917573400624186,13.934082504972496,84.9129967244554,15.13971266323003,167.6706802583582
1724949725205061117,682,-1.5345244205954978,-0.32943349518814363,14.078010382110444,87.89289095469975,20.03757136910046,173.7509134229958
1724949725205061117,272,-1.393867025628613,-0.32972125775992733,12.958670265171635,88.62452719475942,-2.2651376044162954,150.16966091824503
1724949725352500700,0,-1.472672534678438,-0.2801549902552089,13.80953286504006,88.55213395921365,-5.756076484662633,173.869577673818
1724949725352500700,682,-1.4903725987349647,-0.24875400653488156,13.823772152979737,92.43948700367255,9.568316370452216,-163.14765554579185
1724949725352500700,272,-1.5076794525351522,-0.28165531312632003,14.13408248261954,87.39935927488816,-0.8103755235229975,165.9040714600807
1724949725481646637,682,-1.5337810949195885,-0.24301385176081214,13.963020407751088,85.03336209253587,14.273343889697404,166.30107905038668
1724949725481646637,272,-1.5067924717887187,-0.26383292355200066,13.920508498110562,84.46884384156756,8.064567012391924,161.21344199795155
1724949725481646637,0,-1.4656491814307553,-0.26903455580730534,13.667912408600362,91.69976135963775,-10.444197364883314,164.43220893651673
1724949725639410492,272,-1.4806013953862085,-0.23202686912538514,13.441281098840442,88.25630651662436,-0.19151844187307338,-171.39691466377562
1724949725639410492,0,-1.4990431204845773,-0.23309960634777543,13.626486665396063,86.42769771884923,-4.975456769314442,-170.0210601013518
1724949725780950648,0,-1.5199674440288224,-0.23732494624672285,13.819786531215122,84.9843779968073,13.991910387469995,164.57213574975495
1724949725780950648,682,-1.454355394956464,-0.18294076054138603,13.121642036262745,92.48045106133357,7.0589512003805615,-157.21202940957303
1724949725780950648,272,-1.5650192319405778,-0.22631377367050706,14.202190435033652,92.7318041901736,-14.536010235279216,165.64247312957045
1724949725916593252,0,-1.477616910698178,-0.3200358599623207,14.152891966142516,89.29790186530334,15.617492548102229,-175.1435144124715
1724949725916593252,682,-1.4506539336285866,-0.2658842598115152,13.571270706559272,91.59769043832262,1.343114745305654,-165.14048781385475
1724949725916593252,272,-1.4934520356806626,-0.29518042720870546,14.09526166306944,85.95497387874357,3.4159593994444037,160.09087144286036
1724949726012871273,0,-1.460203349117038,-0.28183674545381715,13.886598920928018,90.86897292203476,-13.726050534669412,172.38265294938725
1724949726012871273,682,-1.4293837046600708,-0.2252085518202206,13.469359207116595,93.73571381957218,-3.8109204467755733,157.38555731844482
1724949726012871273,272,-1.4773614910509556,-0.25524316537874453,14.129132938926377,84.31372111431666,8.930538538811948,157.04056949049817
1724949726126638304,0,-1.521628247047755,-0.15572678382220695,14.072895176278053,87.3089569945371,6.758679111692078,169.26145761247292
1724949726126638304,682,-1.6383946123687232,-0.14827419864956143,14.824292093990172,84.75644366473429,14.358085888553669,165.9657803515487
1724949726126638304,272,-1.459844406629909,-0.16470831764842384,13.26636536685339,92.52235708986568,-7.12629741887609,153.1084459036045
1724949726277901793,0,-1.4337703321436273,-0.1372493521961956,13.41334960812637,87.61451023263983,-0.4117928440553716,-164.66259930584073
1724949726277901793,682,-1.5836848260985503,-0.12777879848823437,14.737906003241667,98.67253740103463,-12.291646150489898,165.92363446600396
1724949726277901793,272,-1.5234168282146343,-0.15247597366354582,14.315181697275852,91.39324872859983,-19.809050532733938,173.27883870164501
1724949726410983825,0,-1.4829686913320586,-0.18188503477003848,14.20269079226503,89.370938202661,1.9530802104894232,174.8993662912069
1724949726410983825,682,-1.4862005823400044,-0.1475382908261368,13.956743131534077,86.57000587127253,1.1532689754991614,-165.01086876150418
1724949726410983825,272,-1.4830079180206035,-0.1746784006953317,14.138061134333508,84.6844908954655,12.703039160988386,161.04493977657532
1724949726556059450,0,-1.408398430286546,-0.08768610718418107,13.428896165055274,88.02051539181612,0.7110530284724119,-166.16888238924247
1724949726556059450,682,-1.497552536374952,-0.07311313672463238,14.066037275180705,91.93669772307402,-17.857735232684046,173.79375531934096
1724949726556059450,272,-1.487423545821946,-0.09842599151580894,14.151701244417524,86.68383877003407,18.65396895238915,172.50419353290494
1724949726689989762,0,-1.3905909825981304,-0.07641214026405035,13.458843551931672,90.47334775913892,-4.097545511843077,158.38244729323222
1724949726689989762,682,-1.5554986925822685,-0.07109673476807224,14.845972577941735,92.17713571652745,14.778934202797922,-178.3080049322436
1724949726689989762,272,-1.389746248320896,-0.10210329388176217,13.444438086530807,86.81615557672478,-11.072574892801137,-167.1497493457091
1724949726826010960,0,-1.4484439097916957,-0.1315302049686216,14.245152663899887,89.10133973939641,17.82358483736698,-176.86859301617272
1724949726826010960,682,-1.4229213625545583,-0.0841444435172786,13.56767179445918,86.88567786615843,13.934873729615497,152.93667261422212
1724949726826010960,272,-1.4780734363656838,-0.11803547006456741,14.143000803576072,88.91880738632474,0.5039158355035519,165.95536448966294
1724949726961530179,0,-1.452388071409091,-0.1238303711061936,14.048389689425376,86.97624024897993,-7.831921607768781,-175.57127766487136
1724949726961530179,682,-1.5219920379987986,-0.10602816112245272,14.512214862595657,86.14152780722681,19.096164861108544,173.47812360164147
1724949726961530179,272,-1.3171480768678234,-0.133572644315316,12.617558847484567,91.28074578078869,2.4418131679298845,-157.94019673635293
1724949727095071949,682,-1.4716943794898718,-0.053449627029065805,13.942166595890088,87.87445883139644,4.514244538770568,-160.44272020575502
1724949727095071949,272,-1.4724700141935831,-0.07940049219373305,14.168453986276617,87.39573944398457,-10.041418921296003,-174.74696098889652
1724949727095071949,0,-1.4445118409223576,-0.08315694717957806,13.79227495469239,87.8126618761892,2.079889733881624,-171.75606999156102
1724949727228439501,0,-1.4060814496245926,-0.010044102617290551,13.55727866941795,87.862911021287,1.7263480405281737,-167.83735253317766
1724949727228439501,682,-1.5643163323143536,0.0015966070789299042,14.831147309060627,84.85501849626415,13.782716234431252,166.15204463509178
1724949727228439501,272,-1.4784339805484843,-0.0313138425146158,14.17610196905358,88.38244110892744,-10.812115171365596,179.47422551816365
1724949727361410803,0,-1.407684858653724,-0.0016929793809963845,13.205553034786638,85.9276774973772,-4.570964109606854,-162.47814643997486
1724949727361410803,272,-1.4430130969787183,-0.03288694434089104,13.385633598818108,91.89964139762793,12.982722318950788,-165.35403101141378
1724949727494005908,0,-1.5239376078218259,-0.06425540018493936,14.242428588985227,88.12647321752888,15.065391247642172,-178.23121697277494
1724949727494005908,682,-1.464955438266417,-0.016094232072194452,13.29413528988833,82.56691140373468,8.585057469933261,146.3466830455879
1724949727494005908,272,-1.5465154737846343,-0.03186121745852119,14.125406853728434,86.98829428147855,15.747000748184009,175.52554945296876
1724949727626955282,682,-1.5802325228642164,-0.027975434653762205,14.509605575585203,84.84178574697498,27.568021981752782,172.621419302629
1724949727626955282,272,-1.4280873064434918,-0.05897004008501294,13.24245369494204,91.85679645979067,-9.092349112760582,150.42999794343055
1724949727626955282,0,-1.5082519010449462,-0.034327754877846284,14.0714230021431,85.28447409841314,10.391273251256973,165.08166466539492
1724949727758442470,682,-1.513764954646514,-0.039009784657095745,13.824630427475869,89.04535689610209,8.941761284168535,-163.5817589872332
1724949727758442470,272,-1.4927106305391968,-0.05938748080482906,13.905637695405526,82.95273210499417,11.74102987837906,157.08707631531715
1724949727758442470,0,-1.5488871141874567,-0.07629920188907707,14.281466406912068,89.40519480693905,-16.906937142000768,178.04420966146324
1724949727897583095,0,-1.4887474094160167,-0.08373677672929553,13.447816636094666,88.76752206403987,3.3860235807912864,-163.6769078686063
1724949727897583095,272,-1.608942214328347,-0.10624319302987276,14.438764007825645,89.32912669935594,-10.200084182398491,167.5959614932017
1724949727897583095,682,-1.5873070605517134,-0.08164421980143069,14.06542620480912,86.21195348093532,31.174327763124612,175.96567585273047
1724949728050858043,0,-1.5814274882498032,-0.03842723710134427,14.221146346968462,88.97225785188722,3.996704729835904,179.12059680624319
1724949728050858043,682,-1.5288648205807607,0.008620373268879364,13.545979810725978,89.56314333832567,3.898108271447377,-161.14069629922167
1724949728050858043,272,-1.6388136641183801,-0.00964342160331319,14.686222697568184,89.65785339722699,-21.569260087352134,178.59428624014785
1724949728185836949,0,-1.6200508367852806,0.05318662419231618,14.179826792442569,88.34212952431099,0.588954733278625,175.51722763578923
1724949728185836949,682,-1.6598527391932856,0.07360822282648874,14.246614779995861,86.97227670926009,-21.293208319361174,-176.31674598201482
1724949728185836949,272,-1.656249288584177,0.04211271921665374,14.307740675570537,88.29871762398817,-2.395137365375441,-179.51025453702522
1724949728321555803,0,-1.6824580397613327,-0.004572860063836004,14.17234563807466,89.20781891778266,-7.7913476079386585,174.12928805633982
1724949728321555803,682,-1.552805698082364,0.03804290558642226,13.048414430893304,93.82091122655825,7.899702487681838,-154.09258056365792
1724949728321555803,272,-1.6666741692032325,0.019704839217960624,14.153491987933473,88.56348370137344,-18.880877939176695,-174.89035249353412
1724949728477217105,0,-1.6370288653586698,0.04944711591432793,13.932259022329738,90.93523005006818,-1.5513260918709266,-174.46002319643523
1724949728477217105,682,-1.7682012356786803,0.07792905593005714,14.824782848218334,90.03244835849269,-0.5712187788772928,-179.8284708810542
1724949728477217105,272,-1.6934323018180288,0.0504227503019139,14.343319126348097,85.84625394808806,15.477250059210334,168.39394620090812
1724949728587819032,0,-1.4920481103776322,0.04460291384302412,13.013497056925859,90.70675503650426,-1.276606362854699,151.278388327195
1724949728587819032,682,-1.6818887833774063,0.04652388885251635,14.460698852185729,88.97866805474425,24.03246580536846,177.44185273924418
1724949728587819032,272,-1.6210521543747456,0.008172072302807754,14.107689680427326,87.81060768214125,8.824452912921526,166.6424735351288
1724949728731394605,0,-1.6710298289090524,-0.01836380782986541,14.421644450509845,89.32364690094543,18.481960642515656,179.91866433431719
1724949728731394605,682,-1.6930852051964433,0.014837296891756089,14.348855013968755,90.00416324433348,14.730960583708809,165.97252814310386
1724949728731394605,272,-1.6038639673861679,-0.0043373615922319975,13.72802868192082,86.51072858940833,-8.735172017881496,-166.79976506682533
1724949728880872417,0,-1.6045906848429259,0.007499844011333301,13.368356285806035,92.76311360438791,-5.5809732117320205,153.55912026346542
1724949728880872417,682,-1.830172574462117,0.03168012053625778,14.84865847934238,88.44479891754044,-2.4249498975054373,174.8658945394268
1724949728880872417,272,-1.7518015167641094,0.012932771470386517,14.302589134119703,86.17549574555754,25.677487167880837,173.28213039488307
1724949729024938407,0,-1.6317082988703333,0.006409747958116885,13.530252016014021,88.7871443085971,2.465553567344034,155.05179453562502
1724949729024938407,682,-1.7717868217419497,0.0014337214051239819,14.476371089214513,84.43609872092144,27.48886647964364,171.7380649174623
1724949729024938407,272,-1.6242600876231936,-0.040141895911308234,13.399113952131541,90.63158707285821,0.943783289405784,-164.20259072038954
1724949729170059292,0,-1.6214544211455844,-0.04946431950709079,13.930556353379169,95.24057535975182,-20.924747287873785,164.79379229242903
1724949729170059292,682,-1.656126977549062,-0.0065324352482868595,13.964533615911465,89.98307212972908,0.12916138412725017,-165.7687521781303
1724949729170059292,272,-1.7391220990658471,-0.034324410608294414,14.595623503500729,92.30420152062467,-4.095354734518914,159.67088161673394
1724949729309818355,0,-1.6062904163953435,-0.04956929537023208,13.808114862598572,88.87010719614373,1.796124664836085,-165.35778040985392
1724949729309818355,272,-1.6865377711760503,-0.05930772921074087,14.304669837681748,91.05064838466129,13.157766040688383,-176.01775883052872
1724949729309818355,682,-1.6917289025084936,-0.02725159616299365,14.306087374926202,93.75102411464997,-2.398192710690457,147.50787411126723
1724949729444462001,0,-1.6267515913955308,-0.05795734463299873,13.799407705335483,88.73686467481095,3.0093747747568584,158.5320622975602
1724949729444462001,682,-1.7797901585376852,-0.047566757404440226,14.88166137130593,96.03462731030471,-18.305208154109454,172.48252779873957
1724949729444462001,272,-1.7219757966158586,-0.08248788958873571,14.432521864447287,93.09516927739267,-9.789556895182626,167.13733095098527
1724949729520016688,0,-1.668458635039403,-0.07904513215602899,14.32216677020214,93.47923178678225,-15.571081033804575,167.94632822458303
1724949729520016688,682,-1.649523481623114,-0.034748311913279324,13.938956483822057,91.23593015855741,3.999161204010544,-161.1619442841021
1724949729520016688,272,-1.692240621138668,-0.06231080918513984,14.362818135007007,90.0809051015216,-15.807709688429314,-179.93387621710917
1724949729642469761,0,-1.6745718760569865,-0.1737082224062637,14.471608016282389,89.29733312704542,-14.32332089147781,-177.99614810031778
1724949729642469761,682,-1.5827429878591095,-0.12140065025926636,13.528773250396346,91.52310392384437,1.3254541307782717,145.0183852045185
1724949729642469761,272,-1.691866369439806,-0.15053622026929786,14.616424299586793,87.28976038523,12.816918142307818,171.99756860180756
1724949729810729448,682,-1.6685421790244621,-0.1627598809773584,14.440204080087964,92.01302162973857,14.107861230067575,-171.08634037767735
1724949729810729448,272,-1.6561950469881694,-0.18422398192073744,14.568179698199826,85.8988781643756,9.324052257454461,166.81205534470365
1724949729810729448,0,-1.618403818698865,-0.18234423461946347,14.168240694156099,90.08917687389842,-4.989562502863055,-172.8615774602547
1724949729956850959,0,-1.594300351980963,-0.2208851135313269,14.066141376949819,88.36951600986541,1.4656280763620393,160.8288676314363
1724949729956850959,682,-1.695755538781771,-0.20190887122155776,14.804812115860182,93.51214485503739,1.145372989524173,-179.38306924185994
1724949729956850959,272,-1.6265765695776966,-0.21244456559722238,14.344683361871446,86.7384765265903,24.332344461755444,172.07589523602806
1724949730103159084,0,-1.6373989095155355,-0.27143118678000944,14.552400111046193,89.68516583449595,-0.20741855494201675,169.21970905990815
1724949730103159084,682,-1.6513295129114265,-0.2379590299042474,14.4910624094484,89.58874807943157,20.101707779018234,173.57019409763012
1724949730103159084,272,-1.6178913393305665,-0.2593822635132678,14.358576570353396,85.89450362642589,16.637774513729614,168.9410003400348
1724949730244008250,682,-1.6453756148963286,-0.29766918991615765,14.372223361655925,89.78315177977024,-12.879985945119996,-179.510253641212
1724949730244008250,272,-1.6712523399343109,-0.32267756211408216,14.64763275777528,90.28738300388135,2.287275488492232,177.31186492006768
1724949730244008250,0,-1.6151545567583472,-0.3326371878582756,14.472212686676858,92.8215355946193,-14.691177298227686,168.0112655036929
1724949730385805542,0,-1.6341824516805878,-0.42693152639510057,14.195984212184444,88.15581561489586,-13.010622954118947,-178.13488719733576
1724949730385805542,682,-1.5958202947671862,-0.383673714422166,13.807836557739757,92.35227842119369,10.258698183219558,-163.59663732672823
1724949730385805542,272,-1.5700567362983398,-0.41099400330083824,13.80294067272646,86.39399972716619,7.524653326136079,152.42543351024494
1724949730531540438,0,-1.5238259480220742,-0.3799445368728278,13.986277343874079,90.82069847050755,10.67207719810678,-164.6488544192023
1724949730531540438,682,-1.5997566839807238,-0.3656569652779493,14.376584884086926,90.13410988557753,16.011030702905547,166.91142255269875
1724949730531540438,272,-1.6089452131091055,-0.38814142877973945,14.586289296637553,84.86277283402845,17.219780602959663,168.91199926679081
1724949730673012000,0,-1.559304443643854,-0.44703127125938974,14.341561329939172,92.49799636857698,-17.472539847935405,169.07757659707397
1724949730673012000,682,-1.6399746719900816,-0.42725403865041534,14.836524080418032,89.87086288241147,2.5182898800490596,-179.039972096686
1724949730673012000,272,-1.4687141518670268,-0.4159877674379511,13.434590157383575,85.02847137222984,5.522482306148189,148.69389640614023
1724949730805009500,0,-1.596990169150349,-0.4868803475202306,14.275613584292483,89.42806438797057,-15.112910794449274,173.9534217990206
1724949730805009500,272,-1.635347942359479,-0.4739574840045936,14.563562922647659,87.62680535042043,4.4506867311780525,159.80363400129465
1724949730940406427,0,-1.5903096077565286,-0.40217663474419435,13.676126028809204,88.302223495627,3.6607869679024234,-165.38427275301703
1724949730940406427,682,-1.7504961777435204,-0.4191407951237808,14.885117120585587,95.91361559952016,-16.849559993824137,172.4430632869392
1724949730940406427,272,-1.7201032451044982,-0.4437553805813813,14.800102991327012,84.85946748729187,9.920735645401157,166.64805348115908
1724949731093810281,0,-1.6277614033972756,-0.4664643303421063,14.340009136797507,88.52270003881284,0.9555927672620795,166.361462590674
1724949731093810281,682,-1.6994887816886755,-0.46067275661922724,14.743348470792611,88.03169374698594,-13.265282652413223,166.10695148131487
1724949731093810281,272,-1.6656382808739971,-0.4815694005321262,14.54468024377322,89.64255462128256,11.005650913474913,178.4067405736751
1724949731229062573,0,-1.5288783660197593,-0.547439739748196,14.61640172612945,88.02667067657713,17.457355162363164,175.16703145849507
1724949731229062573,682,-1.5023282046934678,-0.4948574266632956,14.060750265725202,91.89704577186971,-16.151033503469964,173.45609435155242
1724949731229062573,272,-1.4841604684516592,-0.5179165460769015,14.035614942868039,89.47079886734898,5.2628042592105215,-173.5981179563696
1724949731361695385,0,-1.554827261999923,-0.49810553345578507,14.461386847162554,89.35705547555524,-8.828551429000385,176.57321497222873
1724949731361695385,272,-1.5563661425299,-0.4863351607025522,14.400528925240847,88.38770239904336,13.836276509007384,173.1198948150867
1724949731525857677,0,-1.4611320945613775,-0.38663387720522036,13.151797913404565,88.98731454694082,2.3486967867563595,149.0448635705777
1724949731525857677,682,-1.722701832701758,-0.4445494604583997,15.294402938343143,91.69146124266247,3.1026051010622964,-178.64590457863363
1724949731525857677,272,-1.6385515998252471,-0.45618647534118956,14.619922634011612,87.30387783009742,13.98246820105946,172.56287702894704
1724949731667259291,0,-1.6096620756002618,-0.4488930194569191,14.698662982074111,90.96979169594495,-13.856411433682597,171.93112851278968
1724949731667259291,682,-1.6498625158299471,-0.4172492240901938,14.83581326570918,89.87254259683432,2.4617626232515413,-179.1032511955964
1724949731667259291,272,-1.5774827911425795,-0.4198686190170163,14.382257433276267,86.0453213705884,9.41813819781287,161.2201280010089
1724949731807760177,0,-1.5123345500927825,-0.40968795561521887,14.188436385284472,88.61723937940215,5.525716224101597,-169.35930428146136
1724949731807760177,682,-1.5717804797031032,-0.392512293616322,14.473494135735097,85.33359371045592,25.29500729830741,168.78815972937488
1724949731807760177,272,-1.5330347002962754,-0.40539376660539506,14.334428983574453,85.17092205967056,22.68910656152416,174.68839697595797
1724949731941250541,682,-1.584209156452886,-0.316120923419165,14.288725626617632,85.95945220426444,6.219815366142836,156.72088528610996
1724949731941250541,272,-1.5699342883903402,-0.3408309678081739,14.350403652009561,82.16058645759125,16.25057963240006,156.3324717062117
1724949731941250541,0,-1.5523877984854706,-0.3461760212994476,14.337099559669584,92.6149298100801,-7.618293838280391,161.44866254040704
1724949732074529187,0,-1.6605293883191137,-0.2860347803083056,14.748871358338175,89.31639681233356,2.361725923708059,174.4285461614014
1724949732074529187,272,-1.7150783101085318,-0.2590910723167733,14.999704712947382,90.90923403959718,-22.748203653715894,175.24333173740888
1724949732074529187,682,-1.600398865485442,-0.22795125062367838,13.970407510754232,89.94664435109846,1.2087840816519142,-165.501594820124
1724949732236824760,0,-1.5981815190226931,-0.22565430898451277,14.061568360366538,87.66959195279485,3.2265195039293015,158.56741365439782
1724949732236824760,682,-1.5983045336278547,-0.19460368115364185,13.942497816150397,91.22782525765399,4.742206659428313,-160.8907435011205
1724949732236824760,272,-1.649644919022496,-0.23582055583988934,14.522792713009515,88.63405163391782,-4.388744865595681,-173.94056312220198
1724949732393242468,0,-1.4411465862078392,-0.14772637145792467,13.400807463553397,91.61396053960571,-4.612014993013755,151.65693400468197
1724949732393242468,682,-1.6311830732322468,-0.15731680852232421,14.849772893500438,89.96245041982185,0.8080612290472308,-164.61449858144275
1724949732393242468,272,-1.5692560486203642,-0.19480381676030312,14.318503207904003,90.00939137688317,-0.4576033901939186,-170.85478372847444
1724949732533922156,0,-1.518534153498228,-0.1213842108098458,14.545257139932463,88.09518552640846,-2.3440036093807493,-170.83806012096505
1724949732533922156,272,-1.497774205389691,-0.09916801865793887,14.312691304747863,87.57394539004206,19.5130736165479,178.1260200640616
1724949732533922156,682,-1.4758792838016515,-0.08150213675538426,13.916922746491137,92.00510750549573,-2.8291711130853026,148.52416756091117
1724949732673852520,0,-1.472883220794349,-0.09694069080084156,14.603530093908335,88.3434598061051,13.595899250258267,177.94463256031446
1724949732673852520,682,-1.471421387730783,-0.053926012528492856,14.318798202926963,92.87434767053487,6.008034210017885,-168.5711384892436
1724949732673852520,272,-1.507741542288533,-0.07434788674258958,14.794671357584152,91.33527939309008,-20.388818682402153,173.46123645626838
1724949732814024760,0,-1.390149301800558,-0.05900348767786595,13.82929812934674,88.88571561559338,1.8548374848090148,-164.30080137137782
1724949732814024760,682,-1.530990216556528,-0.05652584380022113,14.945828150087545,87.40713832554955,24.55886659071552,178.11666184929115
1724949732814024760,272,-1.482300274298861,-0.08883917027418642,14.6527270529554,89.16454462805018,-10.150895052562909,-174.4985684003444
1724949732927109187,0,-1.3675655399182038,0.02023648459816718,13.54469745561505,88.84197535434862,2.214472408303263,152.99322453192653
1724949732927109187,682,-1.5179570552004593,0.04262749565389422,14.819589563566272,93.58403397152152,-0.36810072483113104,-178.35532901422434
1724949732927109187,272,-1.4615333101023593,0.013602756140062566,14.424679574427342,88.54983895045241,11.687122225379312,172.92334447219872
1724949733040631530,0,-1.4247886258482887,0.050636837806690815,13.89108222365562,87.41409802549472,-6.485224386996878,-169.26864695846936
1724949733040631530,682,-1.5508793151959364,0.05926179434917485,14.943603590246216,87.3893673842642,24.10712009671493,177.98211508267744
1724949733040631530,272,-1.5187197712248803,0.028790042067483146,14.834954026054863,91.1951035850412,-2.659175359478727,170.80091318399352
1724949733190765853,0,-1.4739179539504728,-0.010887307589224404,14.414630397804743,91.58718047188115,-23.13377611202956,174.6314195790908
1724949733190765853,682,-1.4067620873833226,0.038227119236331354,13.543985329832031,91.5367589373801,0.7172408997452906,145.63862080278562
1724949733190765853,272,-1.5547847233575651,0.027222215564456476,15.089061077758137,89.4483795763175,0.1069891283277946,173.3382006798384
1724949733328880957,0,-1.4553242493583096,0.041765909852040595,14.189867792845764,89.41507333719751,1.4646671424708013,-171.31035383996837
1724949733328880957,682,-1.546012844562411,0.0689556371945636,14.850245902334915,92.19747691112057,14.17311453256366,-178.40378747855016
1724949733328880957,272,-1.503768462229626,0.04424466262135415,14.65017290267106,87.56263907016599,11.81315204946485,172.92700422419077
1724949733465157936,682,-1.4801242440962803,0.09527217458826273,14.483783266213281,85.59994668023712,23.372923823740255,169.0240767524298
1724949733465157936,272,-1.4881614634138316,0.0730695548829512,14.689971643363243,90.36232397510989,0.824578404055756,176.62478263661896
1724949733465157936,0,-1.431359547528772,0.07198417205189886,14.331240367326833,88.86090792490339,1.1764471044028522,-171.24644774835332
1724949733601015749,0,-1.4643330062896047,0.11860928982835278,14.470698053528269,88.28143509569412,-5.437110710510283,-174.9003250188178
1724949733601015749,682,-1.4930094374746634,0.14808471425180508,14.515491509462107,89.85186954022086,18.44375131116773,173.91656271108712
1724949733601015749,272,-1.5227675952699007,0.12181550037219663,14.840650281888182,90.90803129037674,7.838858546692882,178.85997569948114
1724949733732468509,0,-1.455564871741172,0.09797627472532275,14.114458041567591,90.42849676700901,8.025461930883052,-171.77036425629765
1724949733732468509,682,-1.5605620309960984,0.12786424397704158,14.84354445327309,90.03429421003383,-0.790501443835043,-178.5301369575362
1724949733732468509,272,-1.515628710461529,0.10062519395543043,14.582492885098643,86.03932390846978,8.172506460452793,166.9791613063843
1724949733870461165,0,-1.454552075583628,0.10695704236050227,14.070621456195646,89.44565876955379,0.3744845845497277,176.54167101702745
1724949733870461165,682,-1.5069509801695553,0.13314946216856702,14.485112019297327,93.79868918373145,-18.875876468353635,173.71857156518905
1724949733870461165,272,-1.49992987891685,0.11159100431850524,14.637502162708966,88.3016426679997,-11.551224823509854,179.87477981625022
1724949734022161738,0,-1.4333029535396038,0.1330680105674029,14.24883758502287,91.40224660360799,-9.21120649158149,165.27341717308232
1724949734022161738,682,-1.4203730731039577,0.16231462755861215,13.921448348855172,91.9957497351605,-3.693582517397741,148.69740051573106
1724949734022161738,272,-1.4246090302504308,0.14958784684842044,14.164259471961582,87.38898124135322,-11.065434341774388,-174.2730441131706
1724949734157994655,0,-1.391376082004816,0.09453008319725556,13.944154514481559,89.9794341767124,0.5392507282582243,176.68108584780802
1724949734157994655,682,-1.4644060416652425,0.12865882594323558,14.520273491374823,86.26238542022024,18.117841931133977,173.59613416498274
1724949734157994655,272,-1.429409366640305,0.10973428467396185,14.360859310632664,84.82964383692003,24.917535941218087,170.1837732387841
1724949734294018822,0,-1.3466535195657077,0.06840023304697643,13.663334883774782,87.56931611487369,-1.5680601833455985,-163.9099547538635
1724949734294018822,682,-1.489721057293579,0.07820291663768549,14.931222006222889,88.11886534828623,-19.38140174493739,174.82410495234762
1724949734294018822,272,-1.3273666282028498,0.027809823961274127,13.436753759092468,89.3904348134158,-3.5886935339804915,-162.6446794248746
1724949734440495644,0,-1.3163424050813113,0.07943682106671596,13.944657617002761,93.93543311297913,-13.449827478021662,160.07316893179527
1724949734440495644,682,-1.3842696073328753,0.11720327350700552,14.30932728449252,89.41337871402153,5.73189517380426,157.41271051909342
1724949734440495644,272,-1.3850122470506079,0.10371578526959396,14.395227008619946,86.25839103350876,15.033991700494955,169.6507948652379
1724949734561708978,0,-1.3859498126842305,0.08056797634912555,14.39480352237438,88.41889127815863,6.6688008461845305,-178.54333997403492
1724949734561708978,682,-1.4698562120980023,0.11673405246313814,14.896734984849813,91.97077568170687,-2.7617248287144927,179.02665513880385
1724949734561708978,272,-1.4200415144735263,0.08574325720965487,14.481412512093202,91.00860683272616,-10.223850552665988,168.3028721869867
1724949734703024290,0,-1.4402256092365666,0.13383556358914722,14.499304308426874,88.3760412246814,18.88545333897023,178.4610515284089
1724949734703024290,682,-1.501992187593755,0.16404468077126982,14.85789076264775,92.25099713829759,13.721639786643884,-178.29895358774675
1724949734703024290,272,-1.362216468594541,0.12079349581785834,13.694214834324535,83.1835425174473,11.039017631537776,154.1859724780756
1724949734844921634,0,-1.4353162003531343,0.09008274806930558,14.39718341680794,88.88186643383224,7.089913952712602,-174.61694607650247
1724949734844921634,682,-1.466671235766273,0.11915154447425158,14.398991263703325,86.80086268596308,13.539089879166363,166.64869944048405
1724949734844921634,272,-1.4514169921063527,0.0952587410495446,14.379365137153778,87.90788266070477,-16.253067798435694,-178.4874228341768
1724949734976860123,0,-1.3765826095413087,0.09380795994469546,13.813090127243251,87.73348487620787,2.2355494524664685,159.31100572311817
1724949734976860123,682,-1.5024702958284422,0.10180752144691724,14.910208544159612,92.52736797134465,-24.409794091055026,169.5384040207485
1724949734976860123,272,-1.345610674898837,0.04115825718855437,13.433516547264146,90.03441212793777,-1.536830083602486,-160.775204064428
1724949735109338821,0,-1.4402038667536508,0.08012329475248134,14.49966623216889,88.37086116482224,19.106367747879794,178.4948646697209
1724949735109338821,682,-1.5035112827903554,0.10776168708568633,14.820214888105845,86.45152716436681,-0.5533145647257565,-178.15973697499527
1724949735109338821,272,-1.347211723427388,0.05947493744081506,13.372543822625643,88.10495605419862,-7.6244368073763304,-161.95043922187847
1724949735246223561,0,-1.4326341759563055,0.1507894685439979,14.110045864431278,90.84009209801361,-9.149659161086001,165.1555826046213
1724949735246223561,682,-1.4829054990730033,0.1798002400247093,14.285323644530832,86.01044346536005,4.607770695759127,156.98130487082005
1724949735246223561,272,-1.4719730723517923,0.1559932423112774,14.341263332697736,88.30752949165182,-2.8656441152274903,-179.3080386539246
1724949735382277363,0,-1.4761497046269207,0.19171683409952708,14.632672283681895,89.92732870880924,1.4764795323439461,176.646371517455
1724949735382277363,682,-1.4574823294575827,0.21369186551871316,13.982952045855072,83.58635159843615,11.299160203256816,158.42801986126082
1724949735382277363,272,-1.460570648791831,0.1926046158869401,14.06262549870903,89.29164030312859,12.59818226661112,-179.8615131507092
1724949735535235227,0,-1.4220265186201508,0.15054997241705786,13.767228288775792,88.15060545256735,-2.5405196692809016,-167.2846066945622
1724949735535235227,682,-1.572915060996524,0.17648633692216711,14.826322291403248,84.74253865426932,-1.773358433991966,177.6959605171511
1724949735535235227,272,-1.5547046656266716,0.15320078952600263,14.69587504489035,93.19576968943608,-7.326414426726239,161.88072096346397
1724949735682766477,0,-1.462265918278003,0.16118047844384853,14.34073141605185,87.28860894353927,5.876602432278349,169.12182450129393
1724949735682766477,682,-1.488691102297337,0.1942753034831301,14.29635910279114,89.36379881346231,5.51641551751249,157.04712730636624
1724949735682766477,272,-1.4344485397462168,0.15468911497058474,13.78215513716928,91.17035471054565,3.7641984652920506,-169.67409677883347
1724949735836354706,0,-1.4619254313202499,0.14546532806853388,14.39600807518478,89.06029972585502,11.288160040282119,-178.82067705476481
1724949735836354706,682,-1.4648967563393205,0.17382598698661603,14.010961513787537,89.6131735224081,-13.60528124903014,-170.53450017513813
1724949735836354706,272,-1.4436071223566114,0.1454044396969374,13.781295297384046,91.16514316844338,3.8136058543683946,-169.71951879779337
1724949736004151217,0,-1.3946824674976004,0.1142778652573809,14.055887917689606,92.39827317554928,17.741111527088893,-171.67597808181876
1724949736004151217,682,-1.4202524825708764,0.15521393296394137,13.715577590911664,87.25196670249812,9.89342655363426,146.5956215980287
1724949736004151217,272,-1.4887215508783658,0.13789766990988025,14.364048301359322,87.35439926672831,20.591543598971917,175.00740912864262
1724949736110622519,0,-1.3997923327357207,0.09508854343158726,14.285038083976787,86.41299339181631,26.995175416723633,174.46888807349438
1724949736110622519,682,-1.2595889939180043,0.13888415648536778,12.725171099415078,95.06624674185724,-5.0877708394365335,145.74018015246102
1724949736110622519,272,-1.3642318670427147,0.14527074379077873,13.978855470935514,88.78166387396057,-15.490197623330697,-174.23051863230293
1724949736237433613,0,-1.38308744660011,0.1790360627963475,14.63871716210698,90.46942589501013,1.4691568138473736,175.1522600112184
1724949736237433613,682,-1.3102510832342245,0.20493725463571177,13.414868768883682,87.59878254603531,7.398449490937263,151.88807051503974
1724949736237433613,272,-1.3700648327303089,0.2032519482334442,14.1050281223801,88.77138472906537,18.064418572137296,178.58372083673314
1724949736337153977,682,-1.4513762797807805,0.14691168180069925,14.445254233225022,88.71944606475034,2.321003069993734,167.2677482967819
1724949736337153977,272,-1.4591508383603504,0.11495750401404298,14.628482915668718,91.53958418402989,2.913574181011379,174.05677076160612
1724949736337153977,0,-1.3442956702073239,0.10878323786147084,13.77623276080044,88.12998529047812,-2.307873026467757,-166.91353685920004
1724949736440435904,0,-1.331305785924463,0.08898717170589557,13.684745666756227,90.56415859369952,-6.163677569961909,162.0151902006677
1724949736440435904,682,-1.3813055394887956,0.12453130379880396,13.904114368916899,88.87003840543916,-6.248055389937746,-168.619400562716
1724949736440435904,272,-1.3871854361667126,0.11108682295391212,14.106682272092979,84.88450775004956,18.124697598039585,167.20225107750133
1724949736595479081,0,-1.3901313831970703,0.09180303303707574,14.03462026516085,87.80189501115984,1.1908664231310375,-177.0032114286003
1724949736595479081,682,-1.3897405674377672,0.12935323015222427,13.920566668515914,91.1331463779094,5.219285903980347,-168.80679934974714
1724949736595479081,272,-1.391473071204527,0.11357582562508403,14.149864118690516,85.30605953750089,14.814353509089155,169.33411029020223
1724949736734551112,682,-1.440436393356738,0.09686304971595686,14.524821638896595,86.32122786668134,18.231443071796715,173.88283056251774
1724949736734551112,272,-1.373968135477887,0.05837015037973195,13.895871882574486,91.28234557513335,12.102586521975288,-175.00218445455835
1724949736734551112,0,-1.2834987118756285,0.07997206578242025,13.299762628459208,88.49578529699414,0.41311665153343874,154.86961730992678
1724949736879715904,682,-1.4796965443141672,0.12879784280971915,14.270821645725858,97.5906526586782,-20.16754769658795,163.46348360419728
1724949736879715904,272,-1.3062935488755079,0.07438234525500442,12.781949623756073,88.97695242065137,0.356651440719582,146.73070387572878
1724949736879715904,0,-1.3734552923301453,0.11136075878477109,13.309528113620061,83.38050473866478,10.712360487825299,153.66765506883047
1724949737015683248,0,-1.4479084297976712,0.1144270027746995,13.827497119747,87.0846217052299,-16.492319515857968,-173.9770410559339
1724949737015683248,682,-1.5237693792051838,0.13853143669442614,14.389775125040876,86.73978111779809,13.508924244867197,166.41736926620098
1724949737015683248,272,-1.3823263206198244,0.09379013275721926,13.274986521576881,86.95184946193584,2.7206453101852133,151.68458022408586
1724949737155386581,0,-1.4219430059245441,0.147666705454988,13.363314327603156,84.4439002673022,9.950241899043311,157.37832552143405
1724949737155386581,682,-1.4936296060358294,0.17463000854789462,13.974696300593072,97.29465927492409,-18.46104321130945,157.57334496810742
1724949737155386581,272,-1.4716716917703434,0.15217419385554593,13.976398179450815,92.21193510383844,-19.54380638587126,164.72642360134938
1724949737308099706,0,-1.4085422937493792,0.20025234622516358,13.027155998226487,86.66410141409808,3.6112453582213866,152.67215357106565
1724949737308099706,682,-1.576244269415639,0.23883313182654664,14.361375300459823,91.70010347327272,-0.2133744744855363,166.1533162421032
1724949737308099706,272,-1.4935786672101496,0.19517386213263938,13.7015209227598,91.51183266596628,-6.98198096204099,156.2689423939485
1724949737472754341,0,-1.53507660831096,0.20945511801614267,13.710653683996957,87.61733897528521,-14.798589722351664,-175.0300523855818
1724949737472754341,682,-1.5107389488843441,0.23911708247545976,13.415735593802221,94.02408925551337,7.008301286315844,-163.85883821229496
1724949737472754341,272,-1.5186157367832585,0.22131178269647667,13.65468252799957,87.73302810032128,2.2747723043468833,159.82230567560123
1724949737600807102,0,-1.4977653337018153,0.24751089132858525,13.53332591243874,88.94179799696549,0.28423597247418414,-172.19786021079452
1724949737600807102,682,-1.6144562971325933,0.2872436234608257,14.356341146721467,91.68933085275934,-0.283319664354671,166.05321748853396
1724949737600807102,272,-1.574087565639926,0.24480022565559667,14.00400498438161,92.93281870493352,-10.490271509890814,167.88764560195938
1724949737751012049,0,-1.4909118295369088,0.24191636202997446,13.592180434786728,89.32697230046342,7.229018410194107,-172.4556621515806
1724949737751012049,682,-1.4504233327245961,0.26827769601615703,13.123359220515741,92.53567430061328,4.85212715659221,-157.323822003733
1724949737751012049,272,-1.493612325547315,0.2540723519761052,13.671382483551886,84.77306893805954,11.0997599418988,160.76076313115942
1724949737880119706,0,-1.5023360466782818,0.24474613199176742,13.931235818224645,89.92797146954003,1.0144877498762808,175.1238607379818
1724949737880119706,682,-1.4835710005030516,0.270973549718764,13.536549041118427,91.52987606033635,-0.11537039218426721,153.09946782705086
1724949737880119706,272,-1.530844599672538,0.2649419693567875,14.076110549588234,90.56332428861731,-21.4783466009267,173.55310936320632
1724949738013790956,0,-1.4397108536922159,0.2126876012537527,13.28808605731113,87.75097736873437,-9.087373323411613,-172.81087136982762
1724949738013790956,682,-1.5437425678450607,0.23126784122067578,14.05428579286664,87.36536678161077,22.60933695389943,177.43405235908165
1724949738013790956,272,-1.4048336378349442,0.17343895750780275,12.9148249587457,91.73031375626621,4.920904717398089,-167.22216983196645
1724949738161907362,0,-1.5125951293670754,0.1670717293273333,13.535889295131081,89.9698881465737,0.6781109216849805,-172.3103605435394
1724949738161907362,682,-1.5911437177413543,0.20948535566981835,13.931976453079267,93.43997961641558,-1.4287035271308828,-179.38624095707672
1724949738161907362,272,-1.546181567661287,0.1850649480016341,13.636765127775814,87.79283217421114,22.451356477409117,176.28662200099467
1724949738319925851,0,-1.4435736106080608,0.21010242765610498,13.086385676688636,89.32825503296702,2.1428848614109834,-166.8002782498772
1724949738319925851,682,-1.580507546606061,0.2251182098569889,14.043761826982095,93.23104669888735,-27.812669082277928,173.1182914291957
1724949738319925851,272,-1.410116707215646,0.1605411845884474,12.581975721768725,92.17577841576593,-6.205770424834818,145.9177147872274
1724949738468287726,0,-1.4863187554982724,0.21727708717517408,13.841890691552143,89.85475908133003,-1.0010644261731931,174.09096870389195
1724949738468287726,272,-1.4181139030938197,0.20965109533936366,13.176659213962305,88.20977935274598,-8.240319445907785,-169.7219653849853
1724949738609301007,0,-1.498343432054413,0.15604731878043682,13.700903933632269,87.20853675864029,17.883995595246702,174.27920355397103
1724949738609301007,682,-1.4243470917993888,0.20034623163507892,12.800638416480913,91.44900487675805,0.06701206961531933,146.00074247043628
1724949738609301007,272,-1.5092661411356056,0.19969346109307945,13.684227803102585,86.01497213013978,21.867218502678263,171.83205724675202
1724949738751745643,0,-1.4278644947707317,0.13157116754596268,12.917123901822203,86.05585616558474,-11.491123959905574,-166.71659507302115
1724949738751745643,682,-1.5064221687210058,0.15499737844450973,13.593571751184614,94.78799940378268,18.277778246225058,-170.51594889179424
1724949738751745643,272,-1.3817782533605338,0.10102192900830936,12.654356766477786,90.0569020085236,-1.9687829512120867,-162.1054515154046
1724949738884940070,0,-1.3503383993427434,0.14440646991529363,12.826086988997321,89.17868333348561,-1.4308285304100912,159.5535678782036
1724949738884940070,682,-1.44216378402943,0.17228128397048573,13.503698780112506,92.70461600802895,4.724612008792749,-169.359663714304
1724949738884940070,272,-1.4006539253055592,0.14225518367176387,13.284761896584632,88.13421394948234,7.009712166096571,177.90010246460386
1724949739014481632,0,-1.3668661064366328,0.11130459019735958,12.722796673928137,87.75857361839442,-1.6517481698141172,-165.04234190502083
1724949739014481632,682,-1.4791976001101264,0.14524277412022682,13.636140363163344,91.98725273603108,12.181427323869826,-171.22536868035922
1724949739014481632,272,-1.408637561450564,0.11208654501744145,13.248477792171775,84.2983271732918,21.855975223205352,167.5468853191583
1724949739157795226,0,-1.3820498431063961,0.13091199849096455,13.229307517685239,87.96188834155771,-12.009242968354549,-177.86830167177146
1724949739157795226,682,-1.4241639691169448,0.15862281881261148,13.505392789930202,92.70979213551863,4.786634282205635,-169.25996108831237
1724949739157795226,272,-1.3465302705956508,0.11959357385007682,12.984363117671268,85.07899551595843,4.771693902511218,153.13068824741495
1724949739300406059,0,-1.3968110869303594,0.1713033361837445,13.28636878416405,87.702911068729,8.4459055319395,174.45593043237807
1724949739300406059,682,-1.4516111500392639,0.19345435030475253,13.63506884385506,92.03805575710344,11.915620512225564,-170.95680196966836
1724949739300406059,272,-1.3426463354845235,0.1490187114305405,12.734345003756511,87.26600350008478,0.647835832264305,154.87157359293352
1724949739428934549,682,-1.390163004128078,0.18035869178634065,13.265291930501066,84.1737293199237,21.58239713967091,168.79567371871133
1724949739428934549,272,-1.3466005300239665,0.15021660188058678,12.948508694429934,88.65520514097442,-4.340285861344173,154.92317466376707
1724949739428934549,0,-1.3774916811919378,0.17141441433715632,13.564286860288084,89.9152978265554,1.3406455167060296,175.3801145844418
1724949739568195330,682,-1.1896131240313437,0.14286547028145816,11.87509313762135,88.27408404343775,2.5313043371244697,-155.6476817171681
1724949739568195330,272,-1.3372679578624183,0.15375390645117826,13.475757309392746,88.41888308691352,-2.9707449782041677,-179.05437405431735
1724949739568195330,0,-1.295221870495069,0.10188226818479545,13.12175756123606,89.41551988666887,-24.9367659088137,177.7001322688334
1724949739715126840,682,-1.3138399561920024,0.16414217836693995,13.11680750131543,92.04641616870937,-5.379757747576734,157.80052675334744
1724949739715126840,272,-1.3031756190769057,0.14075287671557563,13.121657342694377,86.15697605188801,16.475145946202886,172.63207440241388
1724949739715126840,0,-1.3042629657143212,0.12408315676997825,13.20709646611162,88.35091232535304,-0.39827299014057693,172.71887549226162
1724949739811894028,682,-1.3772655546155435,0.15410106481847513,13.215285393187227,83.13570694679025,17.199098398019224,158.1959200065744
1724949739811894028,272,-1.3501892091736099,0.12223206289852845,13.058067553059864,87.75506958278721,17.373799448338364,177.7830141898011
1724949739811894028,0,-1.309663293754512,0.12347808412801281,12.859103873950044,88.98350397529708,0.7386168744894925,176.11214154751687
1724949739918458038,0,-1.2796031518878563,0.10594740961118432,12.5587807481743,91.1841814342928,-7.343306047778338,157.80726528490922
1724949739918458038,682,-1.417252607186926,0.12924747523710822,13.539009316697982,86.12325978746176,-17.513567841487927,178.9667519572917
1724949739918458038,272,-1.3555629228051864,0.10304686211306249,13.098767267236035,84.82956444292432,6.4697226936558465,161.4663284753389
1724949740080811319,0,-1.3206663940815857,0.11285997507547196,12.984378087232919,89.82199697166072,-8.83918202541634,168.5285995962827
1724949740080811319,682,-1.3319870999542553,0.14794329380746585,12.751190605504561,86.40652704090056,4.414316162113289,157.7594586817415
1724949740080811319,272,-1.312995706778786,0.12699336514923906,12.682844367901115,87.21257664806568,21.422403704302056,176.65037916947205
1724949740192518767,0,-1.2971769193622575,0.11402751265549166,12.48635256379524,86.73073674757218,-6.153236781085462,-169.84117953574813
1724949740192518767,682,-1.386770717274086,0.13508872203716393,13.19230110243792,91.37250013771133,-13.53642655870093,167.15334109076153
1724949740192518767,272,-1.2985352705092854,0.09826642429191074,12.538014366000402,89.08541945925896,6.351677720416044,-176.08993045947253
1724949740344070330,0,-1.3107844003379114,0.10440959053943186,12.865386227498055,85.91417111144838,12.801128068597377,167.90833373337534
1724949740344070330,682,-1.3306571570287766,0.1375575413048621,12.907805306356593,91.91617161366786,11.74318448936162,-171.22681699618582
1724949740344070330,272,-1.309206585498706,0.11155943670973756,12.900123180238678,86.46561829041325,7.282784703865715,167.16747241136773
1724949740487118975,682,-1.3308366992402891,0.13075033129490665,12.762750131589945,89.45008940259143,5.114333679062772,157.84792350653356
1724949740487118975,272,-1.3520560072435257,0.11554824649041848,13.062326630496345,91.03892092870859,-17.374589591242536,170.67302335755966
1724949740487118975,0,-1.307891023616861,0.08761196144990194,12.824902309436592,89.23932275419625,-14.47531492224596,177.09660680232668
1724949740620975277,0,-1.3257050385415927,0.09633395670337111,12.693532002795218,91.2707918598531,-19.0269063337124,174.64494662026803
1724949740620975277,682,-1.353975679977295,0.1350449792114098,12.75817915459249,89.39220799139858,5.303341582799451,157.76208740528213
1724949740620975277,272,-1.333543426439913,0.10820734029291043,12.6178504343033,87.46062316498015,-7.690786944549319,-170.06585598643898
1724949740753890017,0,-1.2688417881610985,0.14071316982300322,12.511164468209168,92.27055185873401,-8.726432852398393,160.46250669016706
1724949740753890017,682,-1.3866621392023197,0.1683625566670062,13.17639970189525,87.17293488323949,-4.078453112325427,177.96292552030678
1724949740753890017,272,-1.3299498684934057,0.13030728400525982,12.604463482702768,91.04401970219438,3.395533974499233,-170.50118805983
1724949740888018298,0,-1.2799142859064252,0.14616753230771543,12.444198863855162,92.47040363581552,-16.041888013745012,166.33295612099968
1724949740888018298,682,-1.249640641871294,0.18305987535853782,11.886962102821732,90.00942478774051,-0.8400106049879238,-159.04223522908953
1724949740888018298,272,-1.3517583118209762,0.18431481405644318,12.9057082844269,92.59044382651234,-22.474573272895807,170.8875372055015
1724949741020720538,0,-1.2128818180992533,0.13923021530742996,11.846134017219802,91.98687571888328,-6.489238271831671,153.97915372861726
1724949741020720538,682,-1.4373884691290255,0.17168765068160857,13.602010676351906,88.96661235110996,-14.082383179538823,-178.96658143677573
1724949741020720538,272,-1.3352873939572747,0.12390344305313591,12.681892465691575,89.46670525903691,17.1276765518249,177.7887424997738
1724949741168683194,0,-1.3506668827819215,0.1213515472254941,12.727761911420671,87.38541418873712,7.823885724797526,175.07787892555123
1724949741168683194,682,-1.3604602307873976,0.14266851025235977,12.58042300227175,91.85285793644472,-17.618853991928383,173.94187117298952
1724949741168683194,272,-1.2818541258203373,0.11023862353308195,11.931685983244476,91.1339066955599,-4.739550952548011,148.84919266406578
1724949741317584340,682,-1.3796734822391945,0.2121488363027142,12.804246169798853,86.68411563915471,-14.1949965843473,-178.78743180102765
1724949741317584340,272,-1.3297344989443063,0.18355594358733118,12.497121632172965,88.02285981737613,21.089955400042545,176.4803046316804
1724949741317584340,0,-1.280204020293811,0.17572987880320617,12.19800216142403,88.62218573706075,0.143404404727673,158.29059700402388
1724949741441949183,0,-1.317053850275422,0.2012434789617138,12.537194074727024,86.45406928119874,12.508705215572785,167.95551917274412
1724949741441949183,682,-1.3326971853492426,0.22790517786611172,12.549122741653944,93.37406296932028,11.115472941329907,-171.50135509107514
1724949741441949183,272,-1.2892141745454557,0.19077028510499872,12.345206097883775,88.6915234981339,2.368495091582414,160.6819923321099
1724949741574860850,682,-1.3505480492444109,0.25634639705893575,12.486898310885522,91.37961104337144,-13.989814003885783,-178.9060203348036
1724949741574860850,272,-1.3099473311505516,0.23107464057619687,12.36012925316012,85.84502077656677,17.984927370533377,169.69709665878358
1724949741574860850,0,-1.3281285088325314,0.21955653588435825,12.515583216478186,89.47921601320799,-10.516059873302071,177.55835010468923
1724949741711403558,0,-1.3492244750564548,0.20498356818645952,12.560654558365213,89.19148588006239,1.4206903033456508,175.95022978691884
1724949741711403558,682,-1.4017744514953743,0.22735581305876498,12.750890482074539,83.0754818739301,17.96372774851032,163.61075697084735
1724949741711403558,272,-1.373054608993031,0.19110554478811193,12.564671741850463,90.79832343007553,-3.535312123443786,168.28337920179317
1724949741842719965,0,-1.2892956755603642,0.17443025391314768,12.337138156545675,91.48170750154435,16.31637571926727,-172.67891802359674
1724949741842719965,682,-1.298979759404968,0.21283471302218399,12.03813487192619,87.69969736873237,6.994995935114147,152.482188874508
1724949741842719965,272,-1.3277028964420694,0.1836822293738712,12.25340440639785,91.01041159109904,2.9314664731653353,-170.94331936278667
1724949741976919964,0,-1.236693621706108,0.1830192355368287,11.656586229774087,91.57418822514263,-7.047860321604629,158.10403584632294
1724949741976919964,682,-1.3896487302638174,0.20344918106166682,12.737696624604121,87.28002433321362,-20.551468496220483,-176.3003742681959
1724949741976919964,272,-1.2472769086184605,0.13747372204137404,11.501904231164428,90.31916983757719,-4.415187333520947,-164.94924459990153
1724949742116028402,0,-1.3769079440718697,0.18527610855792098,12.741605762089554,90.17671613677861,-4.429285050371757,173.74129273721542
1724949742116028402,682,-1.2745268438437432,0.20936562819937884,11.393714625520897,86.23196194136925,8.144858297326623,148.43212226335137
1724949742116028402,272,-1.3472007402914385,0.20831515995573113,12.144655998600816,87.95778028911634,20.591584352949837,176.1865188896418
1724949742285010954,682,-1.4409526337410685,0.2154132712792188,12.871042101690273,82.53411610214378,20.89596638357501,168.25605376724286
1724949742285010954,272,-1.2464761364663708,0.14498801942539608,11.248100184036167,90.69408362287326,4.425702788636466,-162.61959335597845
1724949742285010954,0,-1.258230683619021,0.19761596107581758,11.508549759781511,87.45398751653978,3.7353397857973953,153.98830203174833
1724949742398144027,0,-1.3295243144802187,0.16054038235072174,12.37697929755968,88.13636198299245,20.181907313116284,177.3590385891167
1724949742398144027,682,-1.2727549704645988,0.20288322537040748,11.58069159404705,91.43342388376102,-1.0997663531372013,-166.73164333032278
1724949742398144027,272,-1.3367642344542352,0.20260735197940316,12.27050864804899,92.95518434882456,-18.6318113076163,165.07341536453566
1724949742566036579,0,-1.2638015393755386,0.21245782653936507,11.804467149181576,88.43684785566559,-2.4960383997165327,-168.44167667740328
1724949742566036579,682,-1.3318352690329613,0.23796835336453223,12.239940734391865,91.73408639786621,10.849203299859239,-172.02754715204205
1724949742566036579,272,-1.2619984130287119,0.20051314568816922,11.855706226986468,85.13189006201523,6.425939894655242,157.88858963586242
1724949742673088662,0,-1.308489848527301,0.21547541407694062,12.219296222945129,89.014093563305,0.7917962877662994,175.35601995489574
1724949742673088662,682,-1.302089499345041,0.24158766462294973,11.85373895915003,85.7611477013662,11.228661280443054,153.77391978962845
1724949742673088662,272,-1.3819816736156176,0.22726704160842098,12.571946802291512,90.19853131344863,-2.6026332299445314,172.69979269419176
1724949742820221475,0,-1.301773149862039,0.1762000410214618,12.144848763014728,87.91463247010844,12.875608941806705,174.75014710104122
1724949742820221475,682,-1.3040194777449745,0.20594466047272808,11.874207497688431,88.61671687080559,11.821718880073158,166.6794167694089
1724949742820221475,272,-1.2861246975851872,0.18386992402204716,11.868288596157948,88.29362515715697,5.856515775976289,177.21691054021295
1724949742953186943,682,-1.3045945639432577,0.2184157773133948,11.843050920715994,87.93688920793946,17.78833995222667,-177.81327203237709
1724949742953186943,272,-1.302894200297128,0.1997047588645799,12.029716947521505,86.2143476296687,15.457680438637603,171.94990273275315
1724949742953186943,0,-1.2677591652993645,0.18916961103708554,11.71932290544234,88.32436923012114,-0.9977423175544333,-170.3063862043738
1724949743085819183,0,-1.233673705899858,0.4682815783304134,11.939687124036192,87.97527296864736,11.834506218048544,178.77575189941666
1724949743085819183,682,-1.1349255382391257,0.4758504236922862,10.746152587662142,91.5035076976304,-4.137191707078917,145.39882159025973
1724949743085819183,272,-1.2316141810630814,0.5033976099469671,11.796004837419245,88.35496936954638,16.98370915974787,178.6074180718954
1724949743217039287,682,-1.2021269380249127,0.675382764840258,11.540451827121553,91.32852903971055,-2.0788506761684373,154.60891131048064
1724949743217039287,272,-1.222261024114774,0.6727228319947559,11.85803675451974,86.65244527122894,17.348665172376553,171.90485045759974
1724949743217039287,0,-1.208836605279713,0.656832703647523,11.885162952997613,90.88610562699056,-17.73843222047913,175.6794578670991
1724949743303445849,0,-1.3615988935126557,0.33394085372907834,11.870083665684373,91.13158422830271,-16.39693407117571,174.36711670143032
1724949743303445849,682,-1.400064390195054,0.3673427273380798,11.835043994820188,88.557844943518,-14.471398281026875,-179.1386370699352
1724949743303445849,272,-1.3599545295230329,0.3467361339152331,11.646956848265994,86.5284172147257,22.8507982262525,174.78224735055582
1724949743404149391,0,-1.3126395979924386,0.18158629668840232,11.072761287556697,88.70324800060224,0.366407983262494,155.53101382876528
1724949743404149391,682,-1.4415656844895017,0.19974569275489246,11.918831687529643,93.13283848100576,-25.570714992053755,172.79112900045183
1724949743404149391,272,-1.3107840233283101,0.13980239973984665,10.901171646642956,91.05448422619408,6.391282927783057,-164.68116210259868
1724949743530744547,0,-1.3193541927351498,0.19119000520448753,11.668191737895164,90.27765714678725,-17.282985698088932,173.0500634970763
1724949743530744547,682,-1.1996858470260654,0.21819099193475244,10.505000741623592,92.66195852190549,-2.037358277691722,140.4344354120909
1724949743530744547,272,-1.3541962399731418,0.2326809257786302,11.94986509981889,90.07017575579603,-20.79190402855562,178.14340799857365
1724949743676408453,0,-1.266978678036826,0.19495989367883804,11.108680238527077,87.64562942925295,-1.7503771189703732,-166.50823749532327
1724949743676408453,682,-1.3756999488228674,0.2266299767369755,11.90522168682851,92.5480547112357,-22.295624842634503,169.37531027647
1724949743676408453,272,-1.2925546432075228,0.17055113278484796,11.351646840478617,88.20067275943256,-5.199467730260455,-169.7192582823103
1724949743812618766,0,-1.354090773055837,0.20525401487960931,11.729075234698767,89.91161303351613,1.2383455480348453,174.76405543316886
1724949743812618766,682,-1.355652477986403,0.22633864740843956,11.571725049178326,91.43769504203387,-1.386424273970128,-167.22581490369961
1724949743812618766,272,-1.3604862872887558,0.21081066535699955,11.717233699248913,88.73518250017726,-15.839007045764568,-179.94558093967711
1724949743953272932,0,-1.3157541151818988,0.13967850750092806,11.545165533913444,92.95814848496502,-15.34084803500855,166.1089035768466
1724949743953272932,682,-1.283454567040397,0.17200186621840308,10.955309334401868,88.03118732840599,4.908689459178735,146.90892053864692
1724949743953272932,272,-1.3404443163404616,0.15805577492184533,11.463890925202055,88.04603203087025,18.562141141874147,178.0391877237184
1724949744096977307,0,-1.2574723875397156,0.1313261265546583,11.101056188398516,90.61483446450367,7.620886692259127,-166.8673067257065
1724949744096977307,682,-1.358226375425946,0.1481526449532118,11.577205087928487,82.43838697058113,23.959825938804713,165.34019981004937
1724949744096977307,272,-1.3069214829162084,0.10613587091509036,11.220956575783992,92.51070133696382,-9.606154593184526,158.42783821090714
1724949744248476057,0,-1.368133299959265,0.18796218254787433,11.611464310830534,85.72069625562676,22.782375682501574,172.33592135467063
1724949744248476057,682,-1.2942361918029393,0.22499623554845466,10.790626294729092,90.026770978746,-1.2028918700103224,-161.15414105609992
1724949744248476057,272,-1.3636453166540679,0.22173015827107068,11.491015498643417,89.10369096437789,10.508656014867285,178.20804576690165
1724949744422259911,0,-1.364599617877997,0.12217675612187437,11.63135332915855,89.08905372081469,-1.7532223339072233,174.42624431883544
1724949744422259911,682,-1.3839673025327932,0.1578108235138245,11.549836815501598,91.37694484158699,-0.16789462873049266,165.93060507411542
1724949744422259911,272,-1.3844113132348876,0.13217062911814767,11.726226928599246,86.93708461643222,9.387616085152343,170.882149721336
1724949744533211578,0,-1.3245542744929875,0.06751747403862673,11.16847784563805,88.03959327122149,-5.430279288035233,-171.4908351217637
1724949744533211578,682,-1.4252461820306797,0.08590747047992922,11.85190437735097,91.48643992455878,-12.704705156252906,166.68144316385656
1724949744533211578,272,-1.2633851515458678,0.03737659786207109,10.643527586766218,88.4302276817033,-5.319763530851794,-164.38750126147616
1724949744688824391,0,-1.3670221723917468,0.007639456273183243,11.471940515206791,86.25646219975792,15.428282200723757,172.33190310440142
1724949744688824391,682,-1.3016961324438825,0.04649073806104214,10.742877423795845,91.63079415585091,-2.9106447631832166,150.73085869715948
1724949744688824391,272,-1.3622010513026384,0.03772206755484933,11.396646658063178,86.13693200739117,15.59847163136072,171.35723836781096
1724949744837590849,0,-1.3039548100885554,0.12195562343937458,10.905468532470918,92.56669507807558,-7.694145422928402,160.37369676559692
1724949744837590849,682,-1.3855383192640787,0.147815038824873,11.298920037009449,90.01871645522137,-0.7729679079156861,-167.86001668668825
1724949744837590849,272,-1.4145461299025401,0.11798705743886143,11.521486970982382,93.92572143059684,-13.254262232816664,161.7822691954403
1724949744978519078,0,-1.3437624637952363,0.17984357282716876,11.2956660261064,86.58568748570454,12.513645459673478,174.30434856219756
1724949744978519078,682,-1.3405836178799555,0.2123596893660909,11.08599636919635,91.38295243753689,10.33382881152998,-173.45065186400063
1724949744978519078,272,-1.3077792180749055,0.1803551783242765,11.03204319291311,87.96157083916545,-8.242750263915422,-171.89446078568236
1724949745125003661,0,-1.2845748944542736,0.13886603354122637,10.92575287679846,91.27864875634016,-7.818325905632796,162.76736278373306
1724949745125003661,682,-1.4360349623147652,0.16863118829796792,11.822155807304753,84.45000840587575,-3.0381988358560053,-179.61967783963846
1724949745125003661,272,-1.3544303670491076,0.12960169250114897,11.1904371059773,93.72486551561339,-17.513903638788168,164.59469772790408
1724949745266354234,0,-1.299540568085896,0.10589420941335384,10.806992699927845,86.55920686219538,-6.702551789174763,-167.91093076169986
1724949745266354234,272,-1.1797564059221606,0.0593995539387287,9.799970678156678,89.2471813347734,-0.761551790821415,-158.43184274736848
1724949745266354234,682,-1.4153364180348291,0.12388579328039315,11.566131678784595,87.04730461909807,12.041100112520098,166.23191771148316
1724949745396932828,0,-1.3360999078246827,0.09871742883017151,11.242497156731593,87.49818526816867,16.422554880491724,174.11615075251342
1724949745396932828,682,-1.2731758112382625,0.13875637140316296,10.529487656691371,92.19445200547472,2.3726646072149657,-164.3566424950891
1724949745396932828,272,-1.313257740361201,0.12831675101282147,11.076541433467117,83.73015427297015,20.88985642493217,168.9778994787093
1724949745554921369,0,-1.2757971678750235,0.09455883997981801,10.91685123696765,88.92798586966315,7.54377075682633,-173.75029746007309
1724949745554921369,682,-1.277606786176196,0.1224934644781989,10.745542210951305,91.96365330758194,4.94976345422167,-160.44869294246672
1724949745554921369,272,-1.3072088166164233,0.09927071723060349,11.102943313765893,88.8095087523146,-3.4903801146285143,179.03095044316947
1724949745693930328,0,-1.2784971853057598,0.21676890358201412,11.026288792082825,89.58287294320867,8.97530847866933,-176.8614384939412
1724949745693930328,682,-1.4011321335194746,0.2569619541007987,11.661462719859603,86.64789195912606,-1.6174767801374141,173.38370656072857
1724949745693930328,272,-1.314221162588493,0.2142728486459102,11.066294004666068,88.38121118399573,9.94304682751771,177.84794677077426
1724949745825490588,0,-1.283499286455487,0.07981197242299423,10.702384820305378,87.86163346690928,-6.819090856538055,-174.3274801231054
1724949745825490588,682,-1.3266412511005978,0.10693271349617126,11.010510478120432,95.40403320791462,-11.453305021847335,154.0536570699284
1724949745825490588,272,-1.2901364686742103,0.07586581684055016,10.899503567003539,83.58483416501744,17.83640573769469,164.84432927143524
1724949745957271005,0,-1.2298197044428907,0.04457646633846579,10.501575393804425,85.03201880079823,9.897066581519828,157.1228761207484
1724949745957271005,682,-1.2469378266102515,0.060245742092015386,10.617052177632111,94.80933175291761,-8.126225607211373,149.0485231109427
1724949745957271005,272,-1.205508613489205,0.03065581540639764,10.447551597353222,86.84207408443861,-14.05902732396369,-167.98826023346425
1724949746091233400,0,-1.2604541547618298,0.07529826435245121,10.837042117102868,89.02215504405498,6.933705773102752,-176.12040797911962
1724949746091233400,682,-1.3392267630549723,0.11723685787247472,11.29554593183554,90.05245910296735,-0.9461866782100937,-179.66672434621722
1724949746091233400,272,-1.2756216302824892,0.0814506848838005,10.931947176536543,84.01290738713624,15.291348880785668,166.4448963394342
1724949746231099286,0,-1.276367984130288,0.06327474774756783,10.787024738441222,87.2719109429198,7.912623999722908,175.57031434917783
1724949746231099286,682,-1.2936318934948794,0.0935758273793183,10.751633537024798,90.72653173232386,4.6190712279975745,-171.88388485932438
1724949746231099286,272,-1.2730029101352387,0.06408540776843508,10.699639482362521,89.44575036239533,2.5382402459769313,160.5143137745386
1724949746362891890,0,-1.2548698560534441,0.03049775847033437,10.84058331598623,88.67382970848722,18.688165314474293,178.66287211611342
1724949746362891890,682,-1.2490852281414393,0.06897575061032139,10.439097954995969,87.85589238242041,7.064736294439562,153.31476340545706
1724949746362891890,272,-1.2796708935064502,0.052434635453046885,10.765968004233123,95.11213426754273,-21.942922249981773,162.2913780611348
1724949746521946369,0,-1.2469954115380353,0.015593231680641084,10.895189520779448,89.0573300571692,11.198944248111879,177.64260311436868
1724949746521946369,682,-1.2883862553068686,0.04661531637682016,11.017197538877564,91.13314728024575,1.2012504573758955,166.03864835381364
1724949746521946369,272,-1.2258471954025216,0.00805195101700254,10.587548070925251,86.16584475805767,6.803503173552443,158.09451226490668
1724949746672522984,0,-1.2164348390983064,0.06004594100425609,10.56688930722306,89.92801488573063,1.4936387169794318,175.07164930858346
1724949746672522984,682,-1.2832360318427432,0.08831583392115586,10.929021303703161,86.11904528517354,5.577068787253661,162.38449153127647
1724949746672522984,272,-1.2515331093329636,0.059968733658423534,10.692328264710273,91.6903347651385,-8.809561446491832,162.60340214618466
1724949746778378661,0,-1.242642344008577,0.22859174034174087,10.624141595090745,89.28833872729135,11.683235080836841,-179.35292961112404
1724949746778378661,682,-1.2731961089787205,0.2585059663595549,10.517811713503527,84.78565413478873,10.063459524118883,154.29426149830113
1724949746778378661,272,-1.2400283337294613,0.21529051730900645,10.285520988650203,91.90450117516534,8.805737947286012,-171.8723813498275
1724949746892474077,0,-1.1480627849759009,-0.03336050729394613,10.242057901530407,92.52918733544631,-8.392077260520283,163.25867498815055
1724949746892474077,682,-1.2291896933963182,-0.023271053798699447,10.63390808138803,85.81758978365562,23.450893351203653,172.6747624832333
1724949746892474077,272,-1.1695734520853014,-0.060451924298454945,10.251825492854712,89.64999195938026,1.6275086280670148,155.96077539222415
1724949747044024494,0,-1.1737149306875023,-0.06669807017792873,10.421073476839746,90.70325165001643,2.2052543713962476,174.81899324070218
1724949747044024494,682,-1.1955567138849135,-0.04267693230588771,10.381004049835404,91.7252935189486,-14.927548490357577,173.44303791626564
1724949747044024494,272,-1.2252738206030318,-0.07582423195783808,10.706779971683385,91.07029960712953,7.061782304400919,176.93744932291952
1724949747191469806,0,-1.201918007235828,-0.05504076430722343,10.33297890232045,90.67283051312496,2.8285490124276382,-178.03989605077624
1724949747191469806,272,-1.2327852601808273,-0.05241705132239294,10.554925616387914,91.66896378946338,-18.286683260738343,177.07550875340448
1724949747191469806,682,-1.2169323389122102,-0.021477487539148646,10.324380131190935,89.97744231587824,0.3078518920726973,-168.2654427683382
1724949747331556369,682,-1.0998347481763966,-0.01732704312567212,9.626890232012077,88.22254486118426,5.531358087774951,148.6789659830714
1724949747331556369,272,-1.1755518324912073,-0.040529798856623445,10.291186621262767,90.79813862344415,19.68416452319889,-178.12555388575177
1724949747331556369,0,-1.1236882683020724,-0.06588463356272939,10.120349658493854,96.16220764496913,-19.09167441531997,165.08580042704776
1724949747463462931,0,-1.0820099787489135,-0.09415717561463871,10.205859989614273,94.75266908886503,-14.718211832076983,167.5494335028675
1724949747463462931,682,-1.129009170104014,-0.05457119021684458,10.316783483960075,92.47569000335939,0.35746169956483587,-167.4908413220509
1724949747463462931,272,-1.108561982865901,-0.08748395212453178,10.21263905009487,91.87428512330415,17.311696449721353,-178.60355357706734
1724949747592751421,682,-1.121618816598734,-0.040309592090833436,10.58761631902866,91.69000711978843,-8.002701912009822,179.93515042803216
1724949747592751421,272,-1.084005052744217,-0.07726771827624054,10.262244999119634,92.44932757657611,-5.010154182346433,158.17171041966068
1724949747592751421,0,-1.037905352219974,-0.06706365248703683,10.151227348616429,91.98699287341442,10.825949009860548,-171.10096473289047
1724949747727486733,682,-1.1560878001937955,0.04620525165575174,10.524797584979602,93.79949244840232,0.21094367616119397,-178.44203846597847
1724949747727486733,272,-1.1131390831495918,0.009928504148929096,10.259875733216806,91.02350780503686,-9.54138632063822,-176.6866014742094
1724949747727486733,0,-1.022712020041162,0.027833365361649376,9.622102299149411,92.97973793638126,-2.756903902377623,153.23354944545858
1724949747868487566,0,-1.1107027128350482,-0.044557780369292366,10.00320603332176,91.05454253523072,6.887472765589964,-170.4168787116005
1724949747868487566,682,-1.1626315025646985,-0.018672194638622484,10.178422071851045,89.47570312025628,15.781609171582414,173.39626862110646
1724949747868487566,272,-1.151529760613037,-0.0526367495470815,10.222134237437379,89.56861617546318,7.3249931424600465,167.04021618562757
1724949748016473087,682,-1.1803425043732865,-0.04932327097146762,10.31068693421078,92.46207115489847,0.46548821833079684,-179.32615755578507
1724949748016473087,272,-1.1825167388621511,-0.07729743100199934,10.282423925184315,91.80647471377058,-1.6330931839691392,171.19471647490346
1724949748016473087,0,-1.1363012957028567,-0.07120277506184708,10.053978854627822,91.73979566991993,-8.602092297438313,174.10479036425122
1724949748162762827,682,-1.0889485452491219,-0.05830250794936396,10.070661464054986,86.31854873782409,-11.720290070759171,-163.31233300938038
1724949748162762827,272,-1.07946111843741,-0.10119246354106176,10.115619078445189,92.3473292990334,2.3756176619494718,175.69206978803751
1724949748162762827,0,-0.9804623209032324,-0.0663036742091237,9.516038001312495,95.30207145313767,-7.819984257644863,157.11421130995862
1724949748301597462,0,-1.0298698578297882,-0.08199943476031102,9.91655111370555,90.41897293731058,1.6817347972723862,162.91890118420395
1724949748301597462,682,-1.1082082072572566,-0.06325769791025337,10.317616072368704,92.45710082091232,0.5679708469305722,-178.68502987759544
1724949748301597462,272,-1.0408712724367952,-0.09114266068203525,9.805016502534274,93.15559496366194,-6.167065162983513,155.65176474230788
1724949748439351785,0,-1.0470889908141994,-0.09397752607353821,10.07993077156572,89.94881790600179,1.852821748607228,175.21459450527965
1724949748439351785,682,-1.0852123634148467,-0.06852372086484493,10.191468757192167,89.64141259388045,15.958554111038604,174.18394602621672
1724949748439351785,272,-1.0217645037578442,-0.09766071068460869,9.787917574590445,87.3901682952844,14.763543129270236,172.27220455271382
1724949748576873243,682,-1.01095646335845,-0.0968160996441267,10.100410488646894,92.05923749893627,17.99728170725768,-177.0239221123751
1724949748576873243,272,-0.9714280439194793,-0.1306689804912047,9.879515161295217,89.84858127858323,6.405993043433798,-176.5215516627278
1724949748576873243,0,-0.9043117486735158,-0.10119236265062126,9.313875033058881,91.65798492573995,-5.4710782825852515,156.97952643667915
1724949748711051316,272,-0.8762276861277547,-0.11636422642862967,9.620256892255304,88.1259069342794,-0.73483138396259,159.8447920596546
1724949748711051316,0,-0.8295479452408602,-0.08425289270428715,9.135168897229676,89.07445830741344,0.04325816955826278,154.12228280586908
1724949748711051316,682,-0.9535209160471636,-0.09409812217598995,10.189125175390538,90.11807473600075,-14.394312677027893,174.61281306556853
1724949748840806316,272,-0.9521206395223692,-0.07416945710120193,9.91807372108889,89.60626556633055,-14.479772579183733,171.24601117022306
1724949748840806316,0,-0.9231517180090908,-0.09098602173144765,9.720840927705282,86.49639832361046,-13.577566606853015,-176.00143838997874
1724949748840806316,682,-0.9194261730636618,-0.054719389613919846,9.509961442027883,87.67416965066602,0.8009184666186353,-167.436517407731
1724949748989071108,682,-0.9108033772374851,-0.0677866860347669,9.230095426543414,89.1493675790881,9.304598467580055,-162.72031108010393
1724949748989071108,272,-0.9505634465992482,-0.08462738104771181,9.785626828986212,86.21599773881144,-18.727205038003707,-177.56898392376505
1724949748989071108,0,-0.9472842541859062,-0.10573777139783053,9.615225545029029,86.78874434341901,-17.304717786350906,-179.79301579459275
1724949749142908712,272,-1.018001022159807,0.009915783215954599,9.888169606363867,87.42773228413394,-0.2690044805041194,175.7852383307881
1724949749142908712,0,-0.9785578304700995,-0.008340414430042187,9.74692725249131,87.33175634717605,1.4921400709984511,175.43909777453928
1724949749142908712,682,-0.9569455589721696,0.020803703897773383,9.163969275427222,82.6334343760367,6.672456008159493,151.16337862194254
1724949749292512774,0,-1.1642076455666635,0.2249566690911758,9.581415976318784,87.06459474944579,-4.049685297818277,179.58260328424973
1724949749292512774,682,-1.1051091529007186,0.23996660119643048,8.906745541035368,86.84344377423753,-2.0063365281508805,149.83887094876619
1724949749292512774,272,-1.1801213451878907,0.239997913229415,9.610514362839147,83.94655650721658,12.878663353217346,166.12145396267877
1724949749438676212,682,-1.099044565914261,0.07319030130332788,10.036898848712884,87.18173254714529,-2.7697026723452636,-175.6625618653075
1724949749438676212,272,-1.0398424767683074,0.050442928147656496,9.561280357802152,87.80204398539983,15.535210827753875,-179.68871702338697
1724949749438676212,0,-1.0335060158422844,0.03161151652919475,9.707653383642803,86.46769369928417,22.96906749213923,178.68638726737754
1724949749586171993,272,-0.8459496452866772,-0.16388596592600307,8.943757362587695,90.22229979753196,-7.639953940626173,150.02670125483695
1724949749586171993,0,-0.8661821949118318,-0.1463659714556826,9.330468042209327,87.73361193288854,3.061156623728761,174.75155926865864
1724949749586171993,682,-0.932894270269567,-0.14321809910991745,9.68851676008744,85.89770764557468,-21.926128326032227,-178.63596509421106
1724949749734071941,682,-0.9429226310808994,-0.046196886005375914,9.269948547230571,85.91794918327693,-3.723218066487294,-171.08201042484492
1724949749734071941,272,-0.9427768164658936,-0.07043141462023608,9.385095876802314,87.10748492138926,22.41090915326589,178.58643050936186
1724949749734071941,0,-0.933439442343037,-0.08033628729300946,9.504780436379132,88.11724449787735,1.9738982963944003,175.52810283830507
1724949749864542409,272,-0.9220429223089024,-0.033741944646196315,9.364431586026544,86.06547139688362,1.5017384424702285,161.72769830280902
1724949749864542409,0,-0.8982939570788904,-0.02248454727355781,9.24325283782578,87.81447773563703,-2.354103849977498,163.02018928690617
1724949749864542409,682,-0.9588461649529667,-0.004375232339910953,9.553095866862968,83.31625397623422,18.370158609974872,169.8432650867834
1724949750009347149,682,-0.9149191115797366,0.036679490580192285,9.140273999045885,90.80955325018063,2.9342400272162537,-164.4000366817784
1724949750009347149,272,-0.8944127250323188,0.00969418888502066,9.246814625959514,83.32810035545303,13.360251079830226,167.8334247753779
1724949750009347149,0,-0.9190146869099616,-0.0018513518437738852,9.376916494307455,86.7214459483673,1.3771979142311956,175.62349419674842
1724949750152112618,682,-0.9658397259921888,0.07116160889115848,9.309603217216798,81.63366038453647,13.668057718778162,160.51227974825002
1724949750152112618,272,-0.9365972411421085,0.035982368011573757,9.160300778777106,86.88715976219825,4.443160173213993,-177.64098671262005
1724949750152112618,0,-0.9148770193347339,0.0383857736253177,9.18824336507437,88.1414098547616,11.436195784790678,-171.74314985410393
1724949750242343711,682,-0.9782641176560206,-0.014995888454334631,9.281660179729412,87.27503845295495,4.9308043782310635,-171.53570783047044
1724949750242343711,0,-0.9541505676357294,-0.0467525189280365,9.148002107940545,86.78586771018311,-12.316590613398862,-179.08127654380306
1724949750242343711,272,-0.9563111816333963,-0.03629062015950027,9.25291027276292,87.2675824378103,-24.66720171966705,179.7807752399136
1724949750329593815,272,-0.9036317131609927,-0.09691796164483668,8.697146196365209,87.27001375859852,-1.4976020505485732,152.30336952970154
1724949750329593815,0,-0.9194991413134078,-0.07768340327982493,8.921775506066947,87.41346716736724,-0.14082700882519122,161.76952351475785
1724949750329593815,682,-0.9918784687664803,-0.07354965008988845,9.357754326022341,88.03772871451328,-14.095583336771636,174.11478433810723
1724949750460812982,682,-0.9333295817141731,-0.018602404007310266,9.08915255903201,91.52067211603885,6.9459407385451675,-166.80708847020853
1724949750460812982,272,-0.8952561156973892,-0.04530773100831831,8.949475098286902,84.74798461912677,3.924026419840967,156.13312314193809
1724949750460812982,0,-0.861663994732723,-0.032822257170471436,8.602524039131822,87.07917320936171,1.0645810630498347,156.34295952057516
1724949750593576628,682,-0.949682204967371,0.02492523157658969,9.32970102103957,85.54823115309149,10.280338855533826,167.8971019557925
1724949750593576628,272,-0.9258572627564619,-0.0010926277565696252,9.115130801028446,90.69625508124447,-11.919369106351358,160.7101681133143
1724949750593576628,0,-0.8507538405115528,0.010005100931235245,8.610887517647743,88.38516650894917,-3.379473620643895,158.03076078555
1724949750725590742,0,-0.8980156525097346,0.015011189704416006,8.946919278753077,85.3262438323971,-11.01856373242366,-173.60534536681357
1724949750725590742,682,-0.875871571707214,0.0436094561192968,8.643238771406887,90.96749326956726,11.413816186944368,-164.7099174246717
1724949750725590742,272,-0.902688553828795,0.03884610726782717,9.107776703067316,86.65681367210617,-25.62651976232677,-177.05476120210278
1724949750872762774,682,-0.9165952457504938,0.03976348906757858,8.9319275350815,90.48694127090089,-16.16462055191066,166.62164570569675
1724949750872762774,0,-0.9015139160948461,0.004076247986345982,9.112999674131519,85.97140354023873,16.31689460203731,176.81503785102936
1724949750872762774,272,-0.8838739987730313,0.014489021448953254,8.926661603248512,83.07571816375747,11.794463146649974,165.099351457129
1724949751025986419,682,-0.9331237299953439,0.01801807107242894,9.019345842839671,84.7342942848473,17.940150107613864,170.05041577744177
1724949751025986419,272,-0.8998415027200775,0.005237485657869967,8.959006809073612,84.59096746653651,9.107275881863702,166.06851255428145
1724949751025986419,0,-0.8687658271775145,0.014243993329190463,8.698338385378054,87.85418870943586,-1.4228232301594457,160.5796968421937
1724949751164932773,682,-0.886552122129407,0.03202164282671611,8.623824101345257,83.7723848169749,9.475705945475575,156.890518465612
1724949751164932773,272,-0.9001743278595191,0.01082322335991856,8.928953512924211,86.05256881385338,15.985793509828671,177.9028918621897
1724949751164932773,0,-0.8552177807269992,0.008784628883457102,8.66103014296278,89.82219869734696,-9.74489274105168,163.32183034964984
1724949751302348867,272,-0.9288108725581812,-0.011712119967974888,9.172718663326062,87.46346552339335,-1.6936181044278922,173.95232955324505
1724949751302348867,0,-0.8697894078291748,-0.024385830798304586,8.76022383137867,87.55697239189776,-18.42534684096197,177.86148859569923
1724949751302348867,682,-0.8567071508755107,0.019966614235828094,8.450733959187623,86.35813076027502,-4.468967974600121,-161.90589088944307
1724949751451675430,682,-0.9212707778016392,0.0318233105549807,8.767350850964428,82.61743680458595,9.184206711485876,156.4955799648527
1724949751451675430,272,-0.9180530702534441,0.002262814152002496,8.804795015796477,87.95792130563744,14.86406762532185,-179.75329613446578
1724949751451675430,0,-0.8974992412984735,-0.0014216599597702828,8.806742399627506,86.56655786907285,6.524660006461188,-175.07555720737994
1724949751595824752,682,-0.9154355360371479,0.008892217302594218,8.762815689545613,86.36518821765813,4.783612641046257,-171.91412005474058
1724949751595824752,272,-0.8829248020490503,-0.012942462869670268,8.67420488454777,82.71564778318289,18.457315307229027,166.76593532767347
1724949751595824752,0,-0.8872876842904467,-0.03132692346852817,8.65879180479889,88.17681206627766,-15.109287442454576,174.26740164118985
1724949751729157825,682,-0.9355566079837997,-0.017903930437745928,8.704711729581115,83.27517767154134,28.228333858284334,170.24983154922623
1724949751729157825,272,-0.8670701545853918,-0.057987888524360987,8.181342840325772,89.06766796481054,-5.954799781654561,151.67096791610695
1724949751729157825,0,-0.8685089073563059,-0.024306758272939266,8.363915978238985,87.05823649559444,3.0006963349382167,-165.6595497975054
1724949751867612565,272,-0.9437114522933667,-0.02320403709687907,8.75810026312641,91.72190438511677,-18.87663046530822,167.41141590340462
1724949751867612565,0,-0.8525892985131671,-0.018270011700590005,8.063730588514147,87.32325722917167,0.2809058726317898,153.99656198587616
1724949751867612565,682,-0.9782129460898429,-0.00905464896751313,9.005180842975305,89.32705252207616,0.7864806546778585,170.56130759082959
1724949752010655325,272,-0.8302434520208557,0.01128706993933079,8.053899388050814,83.6650360998282,3.4111161505863405,150.1716756118094
1724949752010655325,0,-0.8715940862198959,0.03759071709569489,8.344419031506607,86.47525913088349,-2.3608217547437,-169.31689319145102
1724949752010655325,682,-0.9275424090930532,0.05079350450728751,8.776034633761363,90.13002038527898,19.799011873001024,-176.55581580420164
1724949752148025221,682,-0.8604016612509078,0.05391116919252489,8.290836296793701,88.35238135140034,6.367016717350285,-167.6626057181007
1724949752148025221,0,-0.8502289600074243,0.02721915626554633,8.542836226759832,87.80243712593033,9.093518588394906,-175.68682109757614
1724949752148025221,272,-0.852069553192931,0.044020517881103144,8.526141822535829,83.19759174021408,15.982938752622784,168.32359592764266
1724949752281997929,272,-0.8795102529924953,0.00972168981361246,8.568604937941824,88.78222365406604,-14.391019740924785,176.42531831467736
1724949752281997929,0,-0.8772682425056961,0.003363491457574308,8.65315241889012,86.39696064761894,17.24751189795411,175.65809266453482
1724949752281997929,682,-0.8960292666804215,0.04861020871681009,8.583523762155883,85.49237987902457,3.3626489803764086,160.16518801550393
1724949752417719023,0,-0.8551235230295124,0.02718409039887376,8.368121700789267,88.69346059385539,-11.491581155951161,172.31504504539782
1724949752417719023,682,-0.897379791413941,0.06235503560381457,8.487783127968129,84.88107291544782,9.113660415515003,167.61246988030425
1724949752417719023,272,-0.8661705201334857,0.034391443444021175,8.380613336660462,87.68554229690943,4.026737180576808,-177.88719652698094
1724949752567619648,272,-0.8176541672208968,0.03516547067180742,8.002949709675756,87.98687338830074,-2.129425847529096,152.96756089046121
1724949752567619648,0,-0.8409773205667535,0.05455383839640193,8.235474441437546,87.20761478272598,-3.298116639307716,-171.5115802157943
1724949752567619648,682,-0.8891057712638076,0.0757488905712993,8.491716371375402,92.23235960597637,-21.37288534149986,168.2067626905368
1724949752719549544,272,-0.9206970463052044,0.03157185274041202,8.514080790700174,90.81943921040903,-16.531476561495772,173.3242159670211
1724949752719549544,0,-0.8773242449846044,0.031033090415561404,8.164699278667278,87.18866694076713,-2.2455770682850122,-169.648026910086
1724949752719549544,682,-0.9133254013148584,0.056480456669041286,8.375246757462932,91.02194622586057,9.364756165850588,-173.97413814294018
1724949752868162512,272,-0.8737408282608142,-0.01215976859745041,8.202421844076358,88.4340475018388,-1.4904542649460422,159.8535033091596
1724949752868162512,0,-0.8542545850966696,0.003878647596041618,8.026205139077247,87.5346439390478,5.373436982412995,161.98777014704282
1724949752868162512,682,-0.9020798908667053,0.016957047763032616,8.37573606695038,91.02634928638135,9.676541984363107,-173.8348136500967
1724949753013455273,272,-0.8411511013086862,0.00828986744799931,8.030649958679758,89.74543965421952,13.226490654452602,-177.70303238988802
1724949753013455273,0,-0.8337533320402164,0.0075454441111381665,8.099757285896267,89.34968511583588,-1.1528372380816816,165.51267121273045
1724949753013455273,682,-0.8463801369438062,0.03718045871334624,7.955053006306724,85.41416121713725,6.876643166986932,152.65283224197384
1724949753156329491,272,-0.8458547135904898,0.05368914483911519,8.288970921632787,90.18570835888762,-16.282227276190163,173.62494028302854
1724949753156329491,0,-0.8152501969366395,0.0468883308507162,7.97965623677827,87.28682798709042,4.904321208394166,162.0277079728169
1724949753156329491,682,-0.84543414582355,0.07052503200458325,8.122307219904533,89.62456645044763,13.04119565936384,173.8454618744338
1724949753309258554,682,-0.8446724262550589,0.05146495806994346,8.038627550539083,91.06103639590172,18.909438662179472,-176.80505642579521
1724949753309258554,272,-0.7909372809480401,0.015135590868733395,7.840947268948184,86.64538284017529,-16.589103545762548,-170.0969074063473
1724949753309258554,0,-0.8135158874088253,0.03181329141223832,7.993116527423999,91.09365910089289,-4.570051985559134,166.842126072271
1724949753488784127,682,-0.8676733761092019,0.04907233794076598,8.068165380675866,88.94141258864637,9.743040364824903,162.026898059427
1724949753488784127,272,-0.8589778080720045,0.04077063915918874,8.155949040137521,91.81397285211492,-19.728280889101033,173.06085431525685
1724949753488784127,0,-0.7853471497532867,0.03892051055244827,7.617986592963067,91.82153145851238,-2.6590980337439887,157.54803582654998
1724949753601785273,0,-0.8257777395169345,0.027065676649573767,7.9389484807257835,90.52657360199922,2.1967421476926527,175.0254556590651
1724949753601785273,682,-0.8768042733300849,0.041588465055800515,8.068645466787805,88.22715485617417,-2.5652751052693747,177.2047592844566
1724949753601785273,272,-0.860502207585707,0.02254083300158588,7.980903126461816,90.55271024843094,10.39547885014771,-178.45964960697822
1724949753677875116,272,-0.8315915089380457,0.027658313864593942,7.833011186764544,88.2798616568129,-12.331472358624463,-174.80720157153323
1724949753677875116,0,-0.8133467389848559,0.038488389252976096,7.605317224566094,89.07244004187956,2.497740280969913,160.31819844620404
1724949753677875116,682,-0.8965207099041208,0.05235347139715743,8.184938373507904,92.40801677307175,15.352035252118199,-178.42102672971475
1724949753830544127,0,-0.8009748526998008,0.03387538638107396,7.727194107858793,87.5696603581043,6.452864289320411,162.92693483855638
1724949753830544127,682,-0.8065419472434511,0.05635371529035446,7.658167883213281,97.40978571135977,-15.870443704774711,157.58703657309331
1724949753830544127,272,-0.8090299345727084,0.036742483307865975,7.877775964488416,85.74905969467395,7.44626485570547,162.9447241485152
1724949753948702512,272,-0.8063644898694973,0.029034844572914276,7.802235398413529,89.22657468538264,-3.72264268772289,179.81120325285664
1724949753948702512,0,-0.7647133881753222,0.04178897751904992,7.540801247943108,89.38656819926129,5.898712794803031,-165.73488101411073
1724949753948702512,682,-0.8497244028448381,0.06063392960375367,8.083878140395917,84.7823488981385,20.024091927158565,167.84548807468477
1724949754091608345,272,-0.7863976237402404,0.040900785190451816,7.3680327597015065,88.479819395865,-1.2504646430108328,-169.44917119624114
1724949754091608345,0,-0.7777998664332512,0.06819119118820138,7.379634526979284,90.12623660263412,-3.7602199984544282,159.59453393799413
1724949754091608345,682,-0.8643801187600693,0.0767371267057119,7.847322372084862,83.84860167732047,26.089817342689315,170.42973958846247
1724949754229344856,682,-0.8508632747071256,0.11037604033140415,7.769558251782033,84.28726444467726,8.559457447493756,157.37525955291437
1724949754229344856,272,-0.8481940888798591,0.08219676192500636,7.873370729433833,90.47368551920908,-2.8589228845644685,172.0623747061293
1724949754229344856,0,-0.8066205338105389,0.08629862772820937,7.600461163550985,87.83542804350402,-0.6297278824570852,-172.87847631987472
1724949754361229699,272,-0.8289741361255053,0.07259520170097167,7.690484947602644,89.21633857003955,-2.6584539880974676,171.70946934657402
1724949754361229699,0,-0.7994136518045022,0.08439096384294847,7.449821178584679,85.41465691918746,8.322414950836333,160.43953957029245
1724949754361229699,682,-0.8423564237216888,0.1012987616255411,7.700025498005412,92.69785768957435,-24.735405925377357,173.60395791916326
1724949754495320376,682,-0.8060437635834794,0.10166583851317063,7.1498586847404555,92.68392308398089,6.558214514332394,-159.47169539437678
1724949754495320376,272,-0.8357460132092089,0.09785096947715455,7.611632687025316,82.89232946373684,18.816994585327397,166.80530749429204
1724949754495320376,0,-0.8278543012704395,0.08038086946286699,7.497327049022685,87.59964662285195,2.473746516612474,165.36287462141058
1724949754639763970,682,-0.9126476917318427,0.1257740237116944,7.667949938509376,88.38221773149606,-2.8930064573084993,177.14198528352156
1724949754639763970,272,-0.8846107425105751,0.09608382898337309,7.567250174039039,86.57394551632612,11.290479142962786,174.68265235379397
1724949754639763970,0,-0.8440986627225817,0.10030641805473128,7.326519790303523,88.9411413662288,-2.8821413095922837,162.02366870512878
1724949754773117772,272,-0.8556678955581842,0.06460035629451238,7.404484941075284,85.26060377104037,4.300157677702436,159.4995856728584
1724949754773117772,0,-0.8295873161593615,0.08602361199868136,7.16426298554861,88.44015409780562,0.1374640553016164,158.17925678385646
1724949754773117772,682,-0.8888756971607829,0.0995033470038794,7.49897005508412,90.33855718908218,21.08258316795365,-176.75796578162243
1724949754907281782,682,-0.8910017050766946,0.13200198323800727,7.649454493139247,88.22418548543496,-1.36213883310313,-179.24358813602564
1724949754907281782,272,-0.8538158051558757,0.10645054533564988,7.4584181698082865,90.71992114583732,-14.344676689680258,163.7039813658462
1724949754907281782,0,-0.8439187625790836,0.10274313747003516,7.411369800709149,87.18960015770092,-2.7142360818236275,-174.3541884937293
1724949755058358709,682,-0.826636378876952,0.1269890438595676,7.676069771447178,90.37448435351581,13.816479120542464,-178.79441334190787
1724949755058358709,272,-0.757767719569642,0.08489561723944564,7.293314647858318,85.06952528345467,6.4738971114007535,160.21604051520063
1724949755058358709,0,-0.7732088701817665,0.10082114902587416,7.372723783127533,87.9103643128747,0.7029301126506313,174.81559552209725
1724949755196023918,682,-0.8624631816599956,0.08062710088809842,7.448076912916858,90.84617677742273,-24.419157012846867,173.63053960553913
1724949755196023918,272,-0.8279395697886431,0.04848530837278661,7.251944341520263,86.96097917806638,-0.33879506716464886,157.75278438368179
1724949755196023918,0,-0.8205219503724097,0.06792313430016175,7.278122845062998,87.43395397570987,-1.1118946585850564,-176.4330608595158
1724949755347944907,272,-0.8659285589779555,0.049052103169757943,7.191942355018522,87.37516876878541,-0.04982326888219391,157.70492377322842
1724949755347944907,0,-0.8580539920849144,0.05146757901712151,7.222552849587569,90.21907390139953,-10.531175983543072,167.888902239718
1724949755347944907,682,-0.8898904308632987,0.07867600895355095,7.1822146280213985,87.6171262834269,-10.03348126238305,-170.8602687708478
1724949755482001209,682,-0.8603020992811299,0.1273939576080815,7.388700286772198,89.41869338282544,20.55966380817052,-176.91534050175298
1724949755482001209,272,-0.8243679169495872,0.10421694520694041,7.282969074686589,86.3292990417937,3.5912639777839566,165.87085918135776
1724949755482001209,0,-0.8059884273397813,0.10719949532601183,7.025230433297765,87.03057119790978,-1.6678446477056326,-168.76328478553938
1724949755623865428,272,-0.7933225319774484,0.08237928314928197,7.0667864543979775,84.49384057050716,19.29344831711623,168.293508354503
1724949755623865428,0,-0.7731749031623468,0.09463440557541725,6.902505142277427,88.50585567704903,0.054574539350999166,160.6099185236604
1724949755623865428,682,-0.8533050024006725,0.10798114021613239,7.412488287166523,88.2665353858023,-1.0921572231551724,-179.13823345783507
1724949755777335584,682,-0.856074227441221,0.104308195526549,7.288978092678856,91.35095397564419,3.0958679161023315,-173.4880710557001
1724949755777335584,272,-0.7951606417624936,0.06758396669881467,6.999126366486035,85.11102020099163,6.669234874662872,157.81568247856745
1724949755777335584,0,-0.7785795391043789,0.07706630045973936,6.920484631644878,91.44996246145456,-9.411446805127373,162.4071586029307
1724949755909584178,272,-0.7861208296117608,0.10158485279670074,7.020061586796774,87.1022626458105,-15.100292274800852,-173.43488063998583
1724949755909584178,0,-0.7924681466364837,0.10188220093094907,7.032229414154878,89.94619817405662,-11.509996551545235,171.2640052029767
1724949755909584178,682,-0.8060049597323787,0.13187604140686482,6.9831230644744275,95.2791755638248,-16.15640336993501,158.0825045387312
1724949756064351678,682,-0.8228068803628503,0.08825348886459097,7.059805561510495,87.44880044089125,-0.7205167365846186,157.90530877032083
1724949756064351678,272,-0.7869708286560376,0.05307248311782198,6.911777009172232,88.57809914037202,-1.537563592223608,-173.89107724295113
1724949756064351678,0,-0.7973121388360174,0.05193146350452715,7.060436468965825,89.41793385127347,-11.736479220874946,174.9458643043672
1724949756213958761,272,-0.7950939103248331,0.08823036337158893,7.007018881904863,91.94058739932238,-16.100378870821125,163.45520057153942
1724949756213958761,0,-0.7780839965783322,0.08369368800338545,6.903658866387351,87.54374607236568,-4.322691509716892,-173.2382479742647
1724949756213958761,682,-0.7975217489022325,0.11635199501423607,6.90383485923237,85.24456002788502,17.947502405537197,167.63362663447532
1724949756370917615,272,-0.7780673768902406,0.10700081504472697,6.88352226281351,89.02369676420642,11.234973912267249,178.27354354915582
1724949756370917615,0,-0.76353794880646,0.11015970243403292,6.899032339648377,88.03900379142989,-0.472742045231761,-173.34363361812504
1724949756370917615,682,-0.8001218688530084,0.1320973352703514,6.9922661589585635,87.32767033942838,7.894360755887184,167.45145641019562
1724949756503011157,272,-0.764585683360208,0.13412931344750792,6.8883385800404575,83.59139014461506,16.20799166404355,165.34123909271983
1724949756503011157,0,-0.7549274891944655,0.12307037582942085,6.775275035101677,88.1288713835408,1.8878483603061846,-169.08997531611143
1724949756503011157,682,-0.8076218521702305,0.1488534799381115,6.974958659213641,88.40122160126808,-1.6641631379718607,-179.10893872751146
1724949756637515323,272,-0.7554978542856112,0.1315008244759166,6.742030883764263,85.44843131755957,19.380842864944885,169.5431814579589
1724949756637515323,0,-0.7237515077505047,0.1329246165485273,6.529942602162925,89.7836362751197,-2.4694126772077634,159.46682109821575
1724949756637515323,682,-0.7725926310071629,0.1498145511251451,6.671536845476333,87.06246991012566,-3.5516751426254767,-167.73195430660343
1724949756769903240,682,-0.7700224893323074,0.15543148116567843,6.555409574771351,90.67118699260094,-6.946404594987197,-170.08706770735
1724949756769903240,272,-0.7859672440588588,0.1258747149908791,6.825516725206504,87.98007408761572,5.359724938620438,175.815906083704
1724949756769903240,0,-0.7713006783139486,0.12293374079990702,6.749039258957761,87.81018197326419,-0.8369373377811656,-179.10255664604637
1724949756902323813,272,-0.8143200151068757,0.11037054385442907,6.612834189885178,89.74964043880321,4.8999972227684045,-178.42027931707906
1724949756902323813,0,-0.8061732296591141,0.11963199115734896,6.69502046614748,88.86772730813979,-3.280864978134231,173.34050980159128
1724949756902323813,682,-0.8314386312079964,0.1428892055022319,6.688040305086936,83.96933776183332,14.377566800965615,157.73842021765358
1724949757032103032,682,-0.8299983090954332,0.16154182331799918,6.811428844411215,91.39730541472652,-12.813395815395197,173.76767874159862
1724949757032103032,272,-0.7679551982130457,0.13381854873123664,6.577109383598122,86.0683163396713,3.5833341274865127,159.56275919158938
1724949757032103032,0,-0.7835451817468702,0.13930888564791044,6.748983861993093,89.91884129468568,1.7981023441759556,175.5182861878061
1724949757115154802,272,-0.7544643872633265,0.1530623281566361,6.597870182205764,87.2196308295095,16.556827465853274,171.97257079001685
1724949757115154802,0,-0.7490109312955597,0.1462846421286691,6.560595464862172,88.38880825154006,-0.9134100671887897,-173.4088461893585
1724949757115154802,682,-0.7064199024986997,0.16658071799751972,6.067231169366267,92.30635677007822,4.426667012710889,-158.63034570506798
1724949757208463813,682,-0.8004285738260768,0.12401739461703015,6.675709037963428,85.95566817401779,12.585303940296612,165.83027023427422
1724949757208463813,272,-0.7437531910470918,0.09766786746667955,6.485994524960836,85.3981962780001,6.004472992053916,158.05132055653064
1724949757208463813,0,-0.7567487811042152,0.10351726075686632,6.628503192759476,89.94486784192038,1.6580281379943698,175.31559240137045
1724949757353641104,682,-0.7998062406400384,0.14953570523983573,6.583500363297523,91.69324003258728,-1.813218777431063,-179.72416479069315
1724949757353641104,272,-0.7724404982824793,0.12052186664734726,6.530298202364087,87.64083398804748,7.527712500693389,167.66291590464127
1724949757353641104,0,-0.7364385785286133,0.1215996774855288,6.287761335576448,90.6946580222104,-3.9561216631721012,162.02994068167177
1724949757479536990,682,-0.7749417156957169,0.15979271356844021,6.465847768218746,91.49395460155468,21.36690042845433,-176.39303029874182
1724949757479536990,272,-0.7506259197361467,0.1341519350054755,6.43120516149171,86.6304698719691,5.932144155045595,162.53120185411623
1724949757479536990,0,-0.7126824726391241,0.14714999627634107,6.148852883586521,91.56908525740118,-3.44915795299829,159.2342902490168
1724949757625315948,682,-0.7595417422423794,0.1587178146318563,6.414007946736747,87.46737654826056,-13.81971899794647,-175.04115770873244
1724949757625315948,272,-0.7398066015863947,0.12781383277781352,6.341616113298288,92.57344358349432,-9.484627345910763,156.8253140063788
1724949757625315948,0,-0.7124112475842415,0.14093296770695599,6.254453493423704,89.63667741928742,2.5829668535353743,163.54094809000586
1724949757773161156,272,-0.7345917229273561,0.12109214640740912,6.262269156561906,91.66609795832508,8.873144164401966,-175.95783856377844
1724949757773161156,0,-0.7080272395729937,0.1373493645856612,6.175739396603984,89.26663262059093,-1.2006038835859592,-167.78406027680265
1724949757773161156,682,-0.7228439091835259,0.16153080782715198,6.167970696165276,90.7906093722966,-1.418726794507815,-166.4982858226356
1724949757942659385,272,-0.7099746195007475,0.1251807919137271,6.287607607275443,87.45723431510585,12.100367572184153,170.55030700178295
1724949757942659385,0,-0.698144772416877,0.13335933522170995,6.238171182321337,91.12356690182041,1.9498174187372954,174.12077372360167
1724949757942659385,682,-0.734642341516625,0.14704766012185594,6.30123256934619,91.74921475713738,-3.2900554489434866,161.31661170110792
1724949758098117615,272,-0.7057571785176484,0.14206919697810638,6.299541471200976,87.86837342395117,3.1307756980900563,165.18618933999863
1724949758098117615,0,-0.683118534733115,0.1445287265359792,6.14054045764233,90.85494570581385,-0.32293002664526305,166.16931525086017
1724949758098117615,682,-0.7230377146144241,0.1650956687125993,6.246395975748168,91.56380363453485,-1.6295370839437961,-171.3845951000262
1724949758224635427,272,-0.6858949349427852,0.1759675028992073,6.179359761682847,86.42826862676775,13.347307799978797,166.64214608229864
1724949758224635427,0,-0.6922667720749568,0.17225558455628592,6.241272606253943,90.188705183541,1.2490833314126004,-176.23125276519968
1724949758224635427,682,-0.6740602275511967,0.19115677436164458,5.800625792945701,90.19654868965047,-9.48932546080091,-165.22207219784403
1724949758375471104,272,-0.6735025402713432,0.17843144713307288,6.127829736692306,86.0677216506965,18.602631918022045,168.68293987669313
1724949758375471104,0,-0.668260984904153,0.16506528087935043,6.093760036681102,91.53456645587939,-6.186407040271574,169.47139806092076
1724949758375471104,682,-0.7014830569764081,0.19214033087239468,6.168825799574098,93.50909704662419,7.6987728482107,-168.4278599296688
1724949758529818187,272,-0.6837644544772553,0.15956448133838858,6.036965356223665,89.62418523229316,-11.81710414155976,-174.03415172725929
1724949758529818187,0,-0.6772952073752156,0.1693076354258969,6.034435787911768,90.55572862787174,2.5541747887744033,-172.2142904343022
1724949758529818187,682,-0.6663548303342164,0.1820005401455279,5.635578767170715,89.02864537495698,-11.065313766586732,-161.26130189998065
1724949758693143760,682,-0.7004619075436431,0.21552674626811824,5.713162983419019,91.75015674469499,1.1971035082567825,-163.49332004376467
1724949758693143760,272,-0.7176351832995999,0.19247997038491155,5.936488292512265,91.03091466336647,5.3324029321290976,-176.967585674524
1724949758693143760,0,-0.7161579861660365,0.19902885212463867,6.01451778851284,90.80281390051505,-5.9451482973186325,-179.5193850672879
1724949758847632250,682,-0.7575809989723695,0.24238345169117176,6.0881535202649735,88.79316711728228,-3.597662349029513,175.47015707953778
1724949758847632250,272,-0.7287791918020459,0.20061273151558323,5.9328203726360496,92.52045310297947,-7.839727820191286,156.20145579568117
1724949758847632250,0,-0.715144923921872,0.214026779471213,5.950767067855728,91.24105572169215,-3.0258471084911687,174.67743652015798
1724949758983392562,272,-0.722965507089983,0.14905979888165183,5.903414523244086,89.85112634807611,8.14757965514631,173.2696186831633
1724949758983392562,0,-0.7213234362167559,0.15695804087250415,5.9822803500923785,90.20993827925838,6.836762765736239,173.33412122702634
1724949758983392562,682,-0.7270624289570096,0.17289069901714896,5.785885711944491,82.94513648515822,14.970752999553245,155.71010283478824
1724949759121119489,272,-0.6784609148658124,0.13125666490060411,5.5863538182009655,91.20215662785583,-4.162599762153054,-170.4747857406246
1724949759121119489,0,-0.6966920090369378,0.15642947251640796,5.789622502041855,90.69479079062678,0.6504928686290851,-173.334149012741
1724949759121119489,682,-0.6825624228647981,0.1726063598134624,5.458401595879615,87.88687923528275,5.206135803843891,149.65071906522243
1724949759273883083,682,-0.7351271043542995,0.17420972957061673,5.713482985857465,87.80854307196022,10.678243262634897,158.89957870771306
1724949759273883083,272,-0.7109138374395991,0.12914242443620833,5.593797156312054,92.02224114092827,2.6671474839669944,-173.18041623163353
1724949759273883083,0,-0.7214925805243417,0.14726803816911246,5.784052053190159,90.86938965545575,-5.650414413167056,177.3391046707627
1724949759418839489,682,-0.7429661898913018,0.1622639341949179,5.705123974516153,98.55686871486988,-20.89495005936227,162.00186132717175
1724949759418839489,272,-0.7572456209351619,0.14399316514865326,5.88181950961829,92.83141035620166,-13.716220135074533,170.9811647083482
1724949759418839489,0,-0.6913847619380085,0.143059784079166,5.528020799757582,93.24557302895664,-5.789798053870262,160.60806123429973
1724949759545198083,272,-0.7223921836955888,0.18637318685031862,5.752667494779971,89.74276335570455,2.8079133666251286,164.48320043403695
1724949759545198083,0,-0.682355356481454,0.19553206365146353,5.5024670387394,91.00471886945633,1.5185399637098305,160.7431906555168
1724949759545198083,682,-0.7455238577877555,0.22266008160250675,5.809781138250918,92.16045915226906,9.809780900388182,-177.1691368994011
1724949759667947406,272,-0.7370017013782889,0.17560645381860865,5.598630801368296,89.87220771802332,16.325249256825906,175.9550448953108
1724949759667947406,0,-0.7382697426210508,0.17438609047860032,5.7266219576912025,89.85485657406713,9.844761736622935,173.6732629007033
1724949759667947406,682,-0.726027790353159,0.1965808724803739,5.445797327364091,92.49752013493331,-0.37895612254450317,-166.65626053592905
1724949759815441937,682,-0.7712546880457904,0.19665560836954665,5.66007026408266,92.54140623894595,5.478813219004717,-177.5613009775709
1724949759815441937,272,-0.7406002556208882,0.16538552942963702,5.620662975746431,88.11924354597198,5.6995875666215134,163.89384115132907
1724949759815441937,0,-0.7361681912567973,0.16036534242449363,5.573128209979375,91.29960584388317,-7.855865593268132,176.6659133926925
1724949759981628447,272,-0.7490314446264706,0.16336839800135083,5.519979561098906,90.13297082558033,11.325461790686198,174.26167339494492
1724949759981628447,0,-0.73976401409364,0.17103689350988982,5.553118451192467,91.42086290207233,1.657832749576424,175.3062963115476
1724949759981628447,682,-0.7703171443029049,0.18809025159851916,5.5906765460474315,90.14376213705738,13.188767314910578,169.08776207753155
1724949760118060999,272,-0.7686233451644389,0.12756017366087685,5.459058694775532,87.66985698544347,8.159041581240961,163.15212154019164
1724949760118060999,0,-0.7641403418084716,0.1391365982096018,5.461567204482095,90.95071964592414,2.1187221284654463,-175.71669292434962
1724949760118060999,682,-0.8022143936141524,0.16143311850132536,5.51236860545891,93.74040223772974,-17.40820646069536,172.05591913233994
1724949760263791676,272,-0.7874623834513801,0.11705346085697965,5.459255746039028,91.06583508104832,3.0530031175181165,178.29395589310556
1724949760263791676,0,-0.7736725038652836,0.12586226874465198,5.434396986389475,90.69886490419391,2.7863545086248673,-179.02122690221782
1724949760263791676,682,-0.7750301085512217,0.14500866130606413,5.29955022253975,92.59014320516494,3.6358892219543026,-173.55882902091926
1724949760407404957,272,-0.739014328214233,0.12313556407955539,5.253930111098561,91.82438329654539,2.172862913543926,-174.86283959899282
1724949760407404957,0,-0.7258739441106561,0.14019421602448714,5.272319395771954,92.6254040096757,-6.312508714470525,166.93365480158795
1724949760407404957,682,-0.7643688091501495,0.16881923159663992,5.390921747037066,93.60516948816776,-17.24895825885103,172.32904854937902
1724949760535340947,682,-0.7789386618254194,0.1434097659173983,5.350714968454237,92.22834949390801,-3.042745746830361,160.76040930692233
1724949760535340947,272,-0.7655230729704152,0.09946262515172827,5.2134112297818564,95.24317716816225,-11.666113455395354,151.25617354160806
1724949760535340947,0,-0.745782035745451,0.11983097006814628,5.287514099539402,90.71410957870255,4.6756430691396735,-173.55585949162864
1724949760611815114,682,-0.7831376004731405,0.12177899029625217,5.2221907182886165,91.62081035750853,10.34824054626788,-175.46331228661387
1724949760611815114,272,-0.7616791106086841,0.09065365550040788,5.257991119968562,86.36467011027803,5.596666671737848,159.36080559434893
1724949760611815114,0,-0.7567616250925444,0.09937081312701457,5.230864017993232,89.87632999799285,0.926308686859167,-173.93780524245042
1724949760713905895,272,-0.7857886295005275,0.09051270522742966,5.294199484037345,88.22144809186013,0.792308353239266,163.68791351745773
1724949760713905895,0,-0.7665257890699376,0.09535906488264131,5.196342749290614,89.26522753673085,2.8608795700631586,-176.23309105675008
1724949760713905895,682,-0.753821140148616,0.11353673284592233,4.957972749540777,90.51060492714616,-0.23632722675215354,150.5028360444586
1724949760855981311,682,-0.8045284044363463,0.12260864223979305,5.133380665920219,92.37402227275383,-8.057427657810944,167.19760617225617
1724949760855981311,272,-0.7832691794251134,0.08535232743632243,5.077570430567437,89.41488818394834,1.864052511944591,-178.10252673161077
1724949760855981311,0,-0.770003743239425,0.10039020668793988,5.0548702194729795,89.64496183745767,-0.18720116204922482,165.44287389645655
1724949760990810634,682,-0.8188238714335504,0.1262318641136082,5.122163768843517,90.01902355030177,-17.817666087278155,176.1197700724724
1724949760990810634,272,-0.767480022872951,0.0847169460893901,4.969889957424511,86.10920513912946,1.8811456474173842,151.74072859466915
1724949760990810634,0,-0.7679192712341015,0.10730717035059592,4.934016280879667,88.54559766599166,2.9543894602682794,160.2296974627563
1724949761138677093,682,-0.8189369217857297,0.1313343088797556,5.109728969721772,87.53004317024606,2.773858002685794,160.60256249684534
1724949761138677093,272,-0.7946996326159341,0.10557237971019326,5.128653493354422,89.43274769590094,-16.41076206688402,176.27847771365924
1724949761138677093,0,-0.787246296563391,0.101460118049858,5.025959905936612,88.85385081397902,-5.3045684572775675,178.12130124556958
1724949761286792040,682,-0.8207398959245633,0.11876344407944492,5.100718077273956,86.49474578641984,17.19434653958241,168.40515145245
1724949761286792040,272,-0.8141058338700877,0.09739183772967755,5.1492076664744655,93.40122430998171,-16.87450831335997,162.1059998398683
1724949761286792040,0,-0.7607297027533104,0.09257978209666196,4.9160884554197155,90.11478571447246,-3.947463027511419,164.64049915186763
1724949761411519228,682,-0.8381931554606846,0.10471705713916475,5.128285824995402,88.03475546710911,-4.456462128386062,172.68013098287054
1724949761411519228,272,-0.7897013212961557,0.06548626678057448,4.972467792131228,87.68168501246656,-1.141145614995848,155.02595882668362
1724949761411519228,0,-0.7699438630079964,0.08131369359929105,4.880599023526559,89.84857543820443,-1.5208651932697181,165.63529610533175
1724949761540110738,682,-0.7983840243961141,0.09011105278808709,4.799157865108743,89.65562787940138,5.36064491037196,-172.76681388002547
1724949761540110738,272,-0.8188093978769633,0.06227890049391843,4.9752595003969775,91.90569330048099,-10.827691527290044,157.2608873188779
1724949761540110738,0,-0.7977362063860391,0.061556980369347314,4.96423342957009,88.33142938578526,9.717171923288157,179.20440587297765
1724949761673392353,682,-0.8341030639711166,0.11316408151438173,4.896746079873229,94.14488080317733,-14.53598197617981,161.13085043609738
1724949761673392353,272,-0.7992609954589311,0.0739001977566427,4.762391139662054,88.6173610643748,6.801977848641519,179.26090164711297
1724949761673392353,0,-0.7828438997600067,0.08908761171374135,4.721127567328051,88.75111413697668,0.3701454173901481,160.9520851946789
1724949761818842092,682,-0.8058304598583174,0.15380198120068447,4.763278085061027,88.90747101746878,1.9980570465887058,-171.78695846286737
1724949761818842092,0,-0.785940086969529,0.13120294984902692,4.80466419744746,88.46393317484582,4.786543405044569,-174.32372887561868
1724949761965824957,682,-0.8343670457265968,0.15890740160401592,4.843375885050759,86.188940068666,10.625071721616118,163.91697487956682
1724949761965824957,0,-0.7742060501889161,0.1384076523450343,4.61272715513934,87.62854795217345,3.309648412497134,159.41755780442088
1724949762101317821,682,-0.8232956328680286,0.17128921616844262,4.715656020147147,86.96544018053002,9.660366599675234,175.03171692861326
1724949762101317821,0,-0.7861457425763076,0.14499565518902272,4.640215684328837,88.59332352647279,-1.7258266113022571,163.89835562393856
1724949762255503811,682,-0.7943885413319101,0.21078816992435342,4.705776253905356,89.29453693986386,-4.60315321254528,176.42369160604233
1724949762255503811,0,-0.7303844729551955,0.18609499385209366,4.446609887349891,89.5187641727807,-2.2557879937020675,158.21010024885388
1724949762407119748,682,-0.7549338306747359,0.26169290791888045,4.70813978526014,90.71250853004236,-22.312744932216937,175.49674289808894
1724949762407119748,0,-0.7024522254134871,0.23720051728214026,4.547378967194317,88.44851631944617,-3.1744201448468266,164.66188390947815
1724949762534926259,682,-0.8070545660959613,0.20463381384487397,4.480978769440141,87.44435975126342,-3.112825555696995,-173.09092763160416
1724949762534926259,0,-0.7914412208005641,0.1832786578562696,4.5136111681696605,88.07792307499516,-7.713166318197273,177.8344763132737
1724949762672936988,682,-0.803033162944108,0.21355495802745336,4.2868525665929,90.23954353759355,5.5274584830898315,-169.19817947358743
1724949762672936988,0,-0.8104434381546366,0.19560564844682526,4.466799927948615,89.3378297229973,-6.045108963418256,169.04906639345882
1724949762812253134,682,-0.7906919272999736,0.22615418397786413,4.305797459505449,89.20481380371697,2.4632418069867232,-174.96552729381352
1724949762812253134,0,-0.790933087043006,0.21107176937157981,4.478068985904363,88.38728743773378,7.70979128474663,-178.44708067147786
1724949762958225165,682,-0.8133756495967391,0.2466049046541618,4.493596657380303,88.41878880854212,-2.797993512934714,171.48305119951033
1724949762958225165,0,-0.7795102690015631,0.2175900988810931,4.462311523709118,87.57162260027891,9.05933146871572,173.13298472101192
1724949763105444696,682,-0.7865700266295094,0.242357806967781,4.210194533500605,91.7965949441786,8.157610053794137,-172.56998561995175
1724949763105444696,0,-0.7909975792510633,0.22066378176885465,4.383159292678792,88.69833258567255,5.259848756437415,176.85622609620145
1724949763250927352,682,-0.7876436695338125,0.2694935753547748,4.277055341348064,90.47430828027788,-2.157550428517888,-176.01300871515443
1724949763250927352,0,-0.7451740166100967,0.24241590968412433,4.195030935290151,91.71164906722046,-7.793636998901185,165.41796762917943
1724949763390902613,682,-0.7978910126064012,0.25916491785435586,4.325825192036477,85.91125299681319,17.173208319775387,167.03207612403605
1724949763390902613,0,-0.7524211874684541,0.23351913003641372,4.245570026099338,89.5757172385469,3.942251215791912,-177.15001867557316
1724949763534907144,682,-0.7684648747206193,0.2529164287624821,4.124476224313901,90.20412534756429,-2.304367644082704,178.77499798498857
1724949763534907144,0,-0.7620491719630874,0.2318222169208225,4.19237280946686,89.27900075442965,-1.0649891304631263,178.7268338695721
1724949763678915269,682,-0.726141118638214,0.28678550578106854,3.9444901407938886,90.2296437471369,-7.112768641635642,-168.05899906206116
1724949763678915269,0,-0.7302294453458438,0.27148195695647814,4.080509636574663,89.34696483627008,0.13536321398913315,-176.50492678971528
1724949763814053967,682,-0.7620509098268178,0.3086921966239802,4.097923723833684,85.55822511802425,18.42984239084265,166.98296758036358
1724949763814053967,0,-0.7319026711691541,0.2769152451089426,4.0374955899615985,90.14913893634328,-7.549677642947636,173.32090726309244
1724949763959897873,682,-0.7450238188492309,0.28994220897693646,3.9728139393622977,91.21459558431859,12.49651948911276,-177.4944021084115
1724949763959897873,0,-0.7077978104001323,0.2608507634252244,3.899248060511554,92.29246047165297,-11.295859142860666,168.20380626229675
1724949764064469487,682,-0.6908983845074299,0.26606153342767913,3.7320805783276745,92.24105892306586,0.07803785067813347,-166.53531006672733
1724949764064469487,0,-0.7014787317392418,0.25628227453746333,3.909725003437068,89.79556377822658,0.8144447585042809,-175.36317189657254
1724949764147059696,682,-0.7135043906334675,0.27763369321809184,3.9144474148141573,94.08663809098826,-11.966465684137805,163.12603351347153
1724949764147059696,0,-0.6802530199647466,0.25482221619363343,3.8607432278247766,90.50353717610675,-0.7190670789433965,179.3669642211135
1724949764288187300,682,-0.6882648894745047,0.2833209060698443,3.868386181077145,91.01738040376179,10.999595605028384,178.3478543123888
1724949764288187300,0,-0.6532296298015645,0.25444946135043855,3.7859770716455543,90.9733096913746,-3.656775127091858,172.30731845521439
1724949764430225320,682,-0.6601145117601105,0.28209068299511264,3.6894015754248297,91.81367743128925,2.2960619731250236,-171.82669951251884
1724949764430225320,0,-0.6459297873741623,0.26346841752309363,3.7551457155424526,90.28393039039321,1.4242405516828174,-179.3528969763814
1724949764569730789,682,-0.6635968215802315,0.2991768781916747,3.62343218191707,91.81963776772758,-3.464813081250487,156.8731254441923
1724949764569730789,0,-0.643753791803602,0.2773920935498628,3.680224818163848,90.44739595247387,3.499549728331625,-176.4178528199068
1724949764707325529,682,-0.6523231771391038,0.2978719225230293,3.546883975869775,92.17875966297615,1.7234894555258347,-172.65875681494668
1724949764707325529,0,-0.6525158404988949,0.2751210783648835,3.691733114959207,89.2732564509219,9.118934846789582,175.58054356255838
1724949764854678810,682,-0.6498041751103463,0.28688918587048773,3.5012596021885565,85.65374871393475,6.557559607485401,152.57228259698454
1724949764854678810,0,-0.6233931256103068,0.27425650506173366,3.4817917341772695,89.23635088068922,3.81137692622326,160.21241415168063
1724949764996207977,682,-0.6767690304379065,0.2920507560987758,3.6244411929948326,87.98711004472098,13.177495607276231,171.28340732822394
1724949764996207977,0,-0.6315286345922597,0.2625504204606926,3.4930642051711476,90.74896130287141,-6.225424435839758,172.80879066636064
1724949765130395633,682,-0.6371814513580403,0.2766158402317568,3.445359991574833,88.95713012551028,0.14838293005504433,157.8115836775079
1724949765130395633,0,-0.622863918314901,0.2482183635630531,3.5161658968082175,88.80333200621172,8.72057874120813,173.7093816226296
1724949765290830529,682,-0.612547620848846,0.2799835343073698,3.374471988008854,91.13504239935169,4.762529781304883,-176.05672200400016
1724949765290830529,0,-0.5981272337877345,0.25411573645818275,3.4339710785923963,89.23255205486092,4.389283439396514,-177.70229948472365
1724949765420482247,0,-0.5989517558467743,0.2693289633332815,3.397675201315668,88.50998803544937,5.469000436164787,175.11676553475402
1724949765420482247,682,-0.6271676871534396,0.29814028774261847,3.3975685175069166,92.06960134113807,-15.091592819699423,170.0059825105975
1724949765571013758,682,-0.6335682159713201,0.27621784311652287,3.3083540066577477,89.08924078091825,-12.159551992487916,179.0809257979151
1724949765571013758,0,-0.5930431063894972,0.2545304486721284,3.2247354719599906,88.36853541296242,0.8232870737368166,164.32344512427017
1724949765693327039,682,-0.6290555648372982,0.2551150861756763,3.23640516011975,89.47898982306258,6.291849859227024,-179.4275012969043
1724949765693327039,0,-0.5970711469127817,0.22765845283522007,3.175225854210821,89.7527483446176,-6.990757187204994,169.1687521852903
1724949765813612872,0,-0.5814452330884509,0.21973689819392356,3.123933447011976,89.55027108428229,-8.195044455118083,171.78797361129682
1724949765813612872,682,-0.6252997180675257,0.25122802789634585,3.249695590629818,86.87272578004487,16.161868731765082,171.58928687927454
1724949765946499487,0,-0.5609529402171379,0.21116083168603061,3.0555118076416083,89.23866141423713,-9.57270663223364,172.59268454354913
1724949765946499487,682,-0.5950735337608329,0.24524434350238217,3.1434860953749473,88.25283334706552,8.965966563670106,176.6071865096599
1724949766088669695,0,-0.530159178545113,0.21885143090978906,2.98109598702894,89.20044531540478,-3.259781481761709,165.30376273025703
1724949766088669695,682,-0.5684400269392794,0.24322156787013113,3.0645599144378832,88.34283971272257,8.63049419578556,176.7850160517866
1724949766216148080,0,-0.5171036969309376,0.2151786041540635,2.977535105345557,88.71883772989679,-3.070801621834456,173.93273576804947
1724949766216148080,682,-0.547239181972049,0.24057140609739447,3.0295414781484253,88.81624725260492,6.28822654815739,176.7398488155424
1724949766345865945,0,-0.5040891059175202,0.18902480631442148,2.911630654670869,88.97832455884922,-4.169525738232669,172.24015379900487
1724949766345865945,682,-0.54636567989663,0.21844360418721367,3.027578713671297,88.06628497579547,8.68179425865669,172.08829289968773
1724949766489635372,0,-0.4752704650698266,0.19027588538151952,2.7877657688578905,89.8782764659673,-3.2425922516461445,164.25592115933
1724949766489635372,682,-0.5108888612547963,0.21008738169605376,2.8394650406671835,86.72484633717316,2.0358796561539934,157.26298241036136
1724949766617286986,0,-0.4987937326307904,0.17413779262140838,2.858816863275931,87.59846100719544,6.367765044454629,171.65172440570566
1724949766617286986,682,-0.5317118067793956,0.19865186859820788,2.8902378458148172,84.5610437509033,13.913273102364794,166.29605723615853
1724949766753375111,0,-0.5090171006937034,0.1490856963540293,2.759820249058356,88.75282621586145,-0.00036844632941868946,170.73168923065566
1724949766753375111,682,-0.5357411224857608,0.16988770944041268,2.7659948294004595,89.09146660868085,-0.8020588342624662,-177.22421173972472
1724949766874938236,0,-0.5091638858164411,0.13112430193424182,2.6958033603951708,89.15712879028449,-1.484824736143109,169.96595017558334
1724949766874938236,682,-0.5353073331037004,0.15210100917913116,2.6982450844303676,89.08922982744983,1.2109382157785062,-178.9746354565502
1724949767012057767,0,-0.5152647998215931,0.10140387060964351,2.6599529317276276,88.6296481691363,-1.4056015824582346,174.6630162273996
1724949767012057767,682,-0.5301919681200613,0.12317918535100673,2.6272125184782693,90.5183282357972,-6.180981600637761,156.1269811639998
1724949767140759642,0,-0.5099254623150667,0.07801137393370028,2.571198745559155,89.70411835848454,-4.781280425018558,171.67690078903354
1724949767140759642,682,-0.5272915064095905,0.10137025936763605,2.5225353837713125,88.65947672790229,-7.341994626151434,-173.92936514238718
1724949767267890892,0,-0.525291286927223,0.059877238551900414,2.5125967866340595,89.44937530885028,-2.310418786852061,170.48718362093965
1724949767267890892,682,-0.5590928950027152,0.07867779141914844,2.5394107594986406,84.10863744805677,13.365005825604175,161.27736601402822
1724949767400933132,682,-0.5470859639007734,0.06832865939715604,2.4745084743696744,89.40351522054752,12.800791665233612,178.20141639839352
1724949767532088132,682,-0.5232259886819206,0.05980070496141751,2.408230492275881,88.93939691792143,6.247987634267472,-179.83431163236938
1724949767598550580,682,-0.5149459759376861,0.05722557911630606,2.3907393723991603,88.2158476917811,5.647631219484049,170.93649434225162
1724949767754900267,682,-0.4951882063737145,0.06854424300050756,2.276004000820103,89.2220130235958,-9.781825554999202,-179.42463904981372
1724949768037830944,682,-0.5035082328618907,0.08092687607736426,2.277251459846516,89.18652183938745,7.235474517502734,173.02814052302787
1724949768182707819,682,-0.49599803835701345,0.0909081129470982,2.169441208273846,89.46358960099715,-5.019225788322711,179.3476083192776
1724949768319078392,682,-0.481527702248093,0.09656813356430399,2.086827978870382,90.83624145248218,4.616858727071898,-174.50056700325064
1724949768445581361,682,-0.4976916332367752,0.11346502427862457,2.11779993176028,89.07986596736731,3.817091922406279,177.7091841530103
1724949768563231465,682,-0.47049998305669233,0.12109728182859245,1.9842955787945544,89.73249869118908,-3.025710029998647,176.07694853797258
1724949768682721413,682,-0.4659378560623677,0.10374391385145794,1.9263665197604154,89.86415148302468,5.555368181439528,178.0640816830316
1724949768802266985,682,-0.4704728782822776,0.0896198131462542,1.888892959026219,86.66923392113763,11.125543827667187,166.92003431974015
1724949768931721829,682,-0.4639722847676859,0.03535276891756232,1.8263550184611494,87.35670072652326,7.430415226323432,168.43610394296618
1724949769052535215,682,-0.4554253990875789,0.03557344292240157,1.7476494456196183,88.6102368572623,4.889925142247481,173.58281419988273
1724949769180787610,682,-0.4396412501226062,0.05800538175971893,1.6591416879723135,89.2604592066738,3.3392434144201735,-177.83831375716647
1724949769298741881,682,-0.43238710360608545,0.0670021580191061,1.6387260811822364,89.13165253304707,5.3934597113377425,175.83936584418677
1724949769435786152,682,-0.41074643705306757,0.05291441444554341,1.5300640063454,89.65689674735664,-0.7073708329869929,151.08715807059448
1724949769568090683,682,-0.4089568272934135,0.05193010725984216,1.4945154826480285,89.41768891190696,1.9586120347321536,-178.39582528638832
1724949769697723079,682,-0.40416169637571225,0.05530173367477005,1.4606692663179925,88.57546847188743,2.090633281687664,177.09480339061395
1724949769819407037,682,-0.3890897357150311,0.05276575304453546,1.4063970333004316,87.94147613698298,5.563493668306526,174.1061440390976
1724949769945628235,682,-0.3728376662733598,0.058092476759445545,1.324815758005902,88.37925137581945,0.2803954654096047,179.52697379266507
1724949770078256464,682,-0.37027370268216864,0.06997772659374261,1.2896145004769939,87.78446770612747,-0.14476895282974692,176.45663610417245
1724949770206439485,682,-0.3574205470594891,0.07535766428926077,1.2073458601249762,87.72049663794614,4.750532607076099,177.48181641367898
1724949770319783756,682,-0.35315805997185795,0.07621388281110508,1.165461779105428,87.66488457889955,3.0791809443642797,177.9736258698189
1724949770435389693,682,-0.34638808683893885,0.08822558843691035,1.110120891996232,88.17476055855415,-3.8880242781601786,174.85170448895906
1724949829801024879,682,-0.36274983488642426,0.018652361871524196,1.0535223179464275,87.75250947511215,8.945376035061253,178.53800924090888
1724949829937571337,682,-0.33491801527227993,-0.0148281568221693,1.0823436053108153,85.36222519752326,20.477614550176106,168.97839931032235
1724949830304085660,682,-0.22711617422757355,0.08331546519416783,0.9273553932226395,90.49769537268159,-0.16234351923673981,-158.01825115414601
1724949831080682847,682,-0.1728454018709839,0.10632826829287534,1.138677628899285,90.55833023680802,10.549440443186636,172.43985681154047
1724949831210231962,682,-0.17993898810826114,0.10527149831716286,1.13832573774789,90.94112714988042,6.95320694597643,168.51133098697724
1724949831326036597,682,-0.18575614702891363,0.10666653426160899,1.1520154348334808,92.06733444460245,4.433976988120404,172.9621006803546
1724949831447454305,682,-0.18846191376336263,0.10172811268019304,1.1597813430158557,91.71624162801255,10.44091906890474,172.50657446179738
1724949831567075972,682,-0.1798237711218634,0.0773584542525235,1.179672441471036,91.38557686760136,15.445991131495854,173.31722142601717
1724949831709258107,682,-0.17934271040953872,0.02013708303212616,1.1844124739157524,90.6246015335626,19.9408688949356,173.45673453204813
1724949831827499253,682,-0.18034416143262805,-0.004182274152980017,1.187906302672545,92.5597727596658,5.738386150656429,-178.80723093758868
1724949831961025816,682,-0.1773802158438525,0.010760571016180685,1.1567549745512824,92.47385066559646,2.9412451353758007,-168.23989500206358
1724949832087422586,682,-0.1682840108593243,0.08279116269036574,1.0939182319869094,92.71722157385102,-1.0711301220795861,149.24992269503065
1724949832759713680,682,-0.1994974485041276,0.09852245627472989,1.2464206950703327,86.79851867638699,6.853875037981076,171.5474675552257
1724949832889697638,682,-0.18508082131007453,0.0824552760184455,1.2231094030104162,88.00637239517191,-3.1849536758764803,163.71293115019154
1724949833011996753,682,-0.18245324923228692,0.08121943958160381,1.246919349850932,86.09991340077586,9.753723278386603,171.85854943264292
1724949833143554148,682,-0.18318228855231072,0.08097839799187631,1.258729168422829,86.91786307985824,8.029442173352066,176.9917252169005
1724949833279004773,682,-0.18580825274329682,0.07843648791121391,1.2662704085225234,86.23439007883492,8.139437242953962,175.64298742169672
1724949833394799982,682,-0.18575163228202696,0.0734706870762655,1.2484022530677177,85.9405643886977,2.90100352262103,165.27525559318357
1724949833513320294,682,-0.19544313401285493,0.06999291240838057,1.2793050165702804,85.28168429877711,7.133554257251847,171.72830800741386
1724949833628053732,682,-0.19143215411650516,0.0660188395007313,1.2811433187293206,86.5062843945182,2.570031661844716,179.64174425231423
1724949833745909409,682,-0.18740111405125146,0.05747002615989198,1.2832886571828814,85.14826586547727,7.47317798203525,167.93160133718112
1724949833864575138,682,-0.18789013975849483,0.054936077478764535,1.3049517584178503,85.3514065956668,6.1708657886478795,173.09205310755095
1724949833984026648,682,-0.18048254024773983,0.05512483196021555,1.2948886639450385,87.09872216367039,-2.588183416599467,166.3199584252001
1724949834133964565,682,-0.1731659720162227,0.06037276880888387,1.2810233695056428,86.78705522264282,-1.7557550322663973,160.90566150795055
1724949834240616127,682,-0.18287220620359385,0.06373149175084589,1.3255108442626857,84.17145946489136,11.059294415079084,171.17411195388124
1724949834361987481,682,-0.18315239412352546,0.0712097623888319,1.363305341162376,85.68905891352394,8.027730999104337,172.0040718383831
1724949834476451231,682,-0.17920463641085949,0.0649594920244525,1.398152086708668,85.80097756348049,3.4684179797888772,170.639560602935
1724949834596765502,682,-0.17153852828003208,0.06671242256589548,1.4313019148813817,85.93037897686635,4.071549183743398,170.94812088036724
1724949834726817742,682,-0.1775421626289609,0.07926093103344767,1.4513176164538044,85.2366588235986,2.109883752363229,165.51872989875508
1724949834856970033,682,-0.1813010382043519,0.09253193939070264,1.5131059375988378,85.19383157213562,2.4606884559175497,172.63246556151918
1724949834982645033,682,-0.17640284933767922,0.09578231932017821,1.5097986744579652,86.27529007626606,-3.8522871503510787,168.55056792334403
1724949835116707064,682,-0.17599302039358322,0.1052539931290283,1.5701908366069997,84.41018451578933,2.2268326969329824,173.48099724029348
1724949835250925033,682,-0.17466666956526378,0.11652039147042983,1.549528902853436,84.59252194931491,-1.4448819483231652,160.84300280665417
1724949835379381543,682,-0.1862035957845698,0.12819781475535194,1.6291609378858447,84.03696093575128,8.07546496938584,175.2322567708284
1724949836386418470,0,-0.23683343289166586,0.17619104205608477,1.8555811240404323,82.54342307637963,0.43427866095807166,169.3164271545186
1724949836551477845,0,-0.25672015121505165,0.1714118569582178,1.8900232750344184,81.90734338479936,0.9771906113343501,168.94659923510832
1724949836651391387,0,-0.2606487499950385,0.17390124909764665,1.8757923875725246,82.14947270521209,-1.4115353470790624,167.3141920255698
1724949836777607532,0,-0.2615951378568926,0.181580576053179,1.8821168353853048,81.83419952480432,-0.9691687293409668,165.7629814777532
1724949836900162428,0,-0.26443613243539443,0.1919813543912018,1.926899929221419,81.63615783420192,-1.0194946163920284,167.74562869483756
1724949837034381178,0,-0.2924087588535705,0.15495147925603306,1.9827050766841667,81.11062680686467,-1.4953256645264532,171.29802103840976
1724949837154871074,0,-0.2895726564642936,0.1609864650446735,1.95183631826414,81.4777020050568,-0.4365991478345967,164.85742992295096
1724949837279054251,0,-0.2696990447204789,0.20093070611069508,1.9516287378545278,81.23240017214516,-2.4752583862037003,163.6252278456885
1724949837399346543,0,-0.2934865413758312,0.19952333226465382,2.089626796936312,79.55439982888637,3.998564108281935,169.03755341244022
1724949837535132272,0,-0.31104011277616694,0.17728126161911828,2.078068856343099,79.44340439374956,-0.1573797663988936,166.51307047059052
1724949837717995293,0,-0.3113753999496193,0.17196337504580805,2.1183570604097786,79.65370297916526,1.5844370736370323,167.34467449669975
1724949837845048574,0,-0.3042450535848688,0.14919807186292813,2.120579964192301,79.92865062697354,-4.185077110888175,171.22913017482833
1724949837845048574,682,-0.3417239883845226,0.16834573820238058,2.1982003530380965,77.04440993028855,12.76141080480964,170.19601602430217
1724949837971851334,0,-0.2873226358394838,0.14444093822426415,2.1301240872957496,80.24368849247848,-2.3718203332515357,167.3164179576794
1724949837971851334,682,-0.32164045787782164,0.16124623185407108,2.1796215011495015,79.8606881261284,-3.246406752042779,165.2949229581359
1724949838115580188,0,-0.27507992605960313,0.15523516812760216,2.165796183106635,79.64180365974498,-1.3755455835886259,167.26813188489706
1724949838115580188,682,-0.30911407288557446,0.17705661887031848,2.224419339860518,80.51413177079586,2.0324659497705113,-177.70789120016093
1724949838263651646,0,-0.2808936471188714,0.1516221982104385,2.229687221007709,79.72370186980334,0.4638854334351805,168.23268245873575
1724949838263651646,682,-0.31962958561030475,0.16904818752986106,2.292590147671133,78.34696164763501,10.995792101452421,174.50138952043002
1724949838378545240,0,-0.2640326669492084,0.1892573037504321,2.1796144680008465,79.87188054546237,-3.7797108939688777,165.02666585230537
1724949838511180396,0,-0.25938961118194376,0.17636966726412923,2.308693599898449,80.0632217096191,-1.8601238961391962,169.63061140044528
1724949838511180396,682,-0.29230976969426903,0.19310135010464585,2.3350404173163515,79.57706963617694,-0.060792588076581944,166.42716209844963
1724949838660214042,0,-0.2330384275530887,0.21213209835628635,2.1433472864031127,80.68373152234221,-2.7933602323051776,156.96901141993777
1724949839041539927,0,-0.207343363518403,0.33976907143362317,2.397212318393345,81.00965030306533,-2.567351429364006,166.17264558949364
1724949839170906698,0,-0.21593945197913794,0.35071038340643823,2.4675288579918266,81.08738746418015,2.3070073060637526,167.10088666164478
1724949839324205761,0,-0.22471281178725705,0.3057012426656013,2.5568284288995655,80.88707734013299,0.2542753048982822,173.7632403659407
1724949839375059615,0,-0.20882457519891662,0.2621768566515321,2.55757454654035,82.01503366609751,-1.1980981603547123,171.2068412751993
1724949839525845240,0,-0.19463487734680904,0.20412368554714277,2.59147591995913,82.0455593261837,1.1753890928160682,171.14520304924133
1724949839525845240,682,-0.22908900268803867,0.22145366136177785,2.6220918190060094,78.87632517485018,8.62305509931739,165.7643334665232
1724949839656246854,0,-0.18802194578981327,0.19179304446504872,2.5450680191075175,81.61668242274104,0.6793069580407397,166.31309200520622
1724949839656246854,682,-0.22439160529078236,0.21581345491878196,2.6734986257781905,80.33165924438649,12.770997510530329,172.75691304913315
1724949839814875760,0,-0.1819819462254484,0.22955851875159577,2.535915334094342,81.55622580702301,0.31523865872273904,163.13017466319053
1724949839958536750,0,-0.19597924115352583,0.23882611482715627,2.6191435926362057,80.61673936848774,0.07187981239757685,166.84510290254568
1724949840091536021,0,-0.20319777330290828,0.2145491886555131,2.7126690984633295,80.19137667583395,-0.7882165819195601,172.83059515235425
1724949840221890344,0,-0.197484295052828,0.2006608409011943,2.6482633922045364,80.22406139734852,-2.586618173327269,165.93237559287897
1724949840221890344,682,-0.23103769099438898,0.2277063044628816,2.7295394202082894,81.05864352824783,-3.8391225870754515,167.62892138888213
1724949840353672427,0,-0.18562811813060648,0.20741706225881545,2.7497052905531736,79.88596539129607,-0.18547379566361585,169.00402300049413
1724949840353672427,682,-0.2219065418257276,0.2238083254698598,2.7869158836587618,78.392744199962,3.7936369302332333,167.042381400205
1724949840481092583,0,-0.1888169966620541,0.1306896189397774,2.813732566931622,79.04464664369917,0.007892241693261024,170.83255322512065
1724949840481092583,682,-0.22038028107308144,0.15089417320437618,2.81040776737347,79.89949429961968,-3.4391377706756625,168.38773936014982
1724949840611203260,0,-0.18841118711587013,0.11808589092552102,2.753156231962004,78.90891714386512,-1.5716159049280627,165.77564057114398
1724949840611203260,682,-0.22416040404707707,0.14325099567689167,2.870714615609979,79.83814196440075,9.780153519536123,-179.46551907558268
1724949840737162323,0,-0.2046199521149768,0.09511743243669157,2.9312488214900503,77.9303271299689,-2.1326109626785708,178.97909622255045
1724949840737162323,682,-0.23385765308162143,0.11573383454627259,2.9111613337103948,75.92456619636408,19.667957866409456,168.66830144566563
1724949840870266854,682,-0.23929192793789061,-0.018440750025338758,2.9501378429444975,76.94608485634484,17.794130079297204,168.98321069356314
1724949840870266854,272,-0.21010823248186702,-0.047416138864063984,2.8869739391646814,76.51562370786701,11.627961874251348,170.19379761235908
1724949840998204875,682,-0.2354306609515592,-0.07382042843305188,2.9678255421078155,76.67990506291393,13.950738660994084,167.6623851998396
1724949840998204875,272,-0.21191846634385272,-0.10052364253589693,2.939718105226126,78.72202106541093,-1.6523227091600792,-179.94786527595505
1724949841703508156,682,-0.21883816000776507,-0.005066355949538706,2.8611734325852964,78.94869147634964,2.5058539864659153,-164.0308542359066
1724949841839382687,0,-0.18627709770789896,0.07342105209324196,2.798519975059386,78.57285911481318,-1.9115801723474355,160.98146612016447
1724949841839382687,682,-0.223577618158935,0.09724263944480968,3.008227348103433,79.91789641814445,9.012719666882893,-171.15840870116992
1724949841970648780,0,-0.18190755689572646,0.30717658598122827,2.6453458245928916,78.91498020710732,-4.846261808669809,154.05487925338727
1724949842254971541,0,-0.23257050206542207,0.3382803111036162,3.27450205645697,77.3124790340738,-2.224489294477982,-166.82447553745038
1724949842422093416,0,-0.21915616792624282,0.33763207168838943,3.238164397888771,77.55525431862692,-0.3041774726265673,169.05510749477278
1724949842489442478,0,-0.21893370703387977,0.26347962724849067,3.3517401188511764,77.12090923495276,-4.9707829867701525,-175.87101642796947
1724949842489442478,682,-0.2503998533823859,0.28718681524681544,3.3713165748427154,78.4724594624692,-17.2038072968127,-178.9191159462754
1724949842597080759,0,-0.19919971465863462,0.19135661209940527,3.23075867208217,78.34109497884734,-4.116187647651016,167.05475356538545
1724949842597080759,682,-0.22292793299453623,0.2064741214656899,3.1757580741977685,81.0516349250517,-9.590592202966743,158.63569503391153
1724949842738766489,0,-0.1926092991001032,0.21181618131347074,3.231315747970851,77.7737350744888,0.8939455865466318,163.4489839984402
1724949842738766489,682,-0.22731248339472024,0.2357179395190524,3.3599027124496543,76.91386219655273,4.9464611589166045,164.72922446792788
1724949842858762166,0,-0.19404717662118492,0.24115958702948795,3.243160045898725,78.69638802621708,-1.3785592832066953,163.04526183903974
1724949842858762166,682,-0.2325161085618636,0.2621212225279064,3.3365709453675843,78.97774859096091,-1.7589927753985084,163.18194644438847
1724949843005635082,0,-0.19784949328966633,0.254382728704139,3.290324099122217,79.00355294137711,-2.0177463257920096,164.99510995452857
1724949843005635082,682,-0.23268024601931117,0.2749590486844911,3.332936836804013,76.47243479329,6.035057820728551,161.12144504748161
1724949843163554040,0,-0.19884121498734275,0.2660932598854317,3.3144589448879405,79.16305687060667,-0.39942006056873763,165.79013402149218
1724949843163554040,682,-0.23610422870978087,0.29124369046630666,3.42398295156619,76.38952079472368,12.318845946992482,166.27152068208886
1724949843291972530,0,-0.19001001025458802,0.2766352509260856,3.283819960131471,80.29440303244563,-2.0202366136750043,163.9482449268356
1724949843428310447,0,-0.188008216087591,0.27242063169983194,3.4507748318582516,81.35684231964125,1.3122706116675733,171.10969034214816
1724949843428310447,682,-0.2271687741026532,0.2962893678260923,3.501585519128615,78.79736587244697,20.49630778614093,172.13733747336696
1724949843572284665,0,-0.18612834106627268,0.2594199780769076,3.41165185796779,81.67076195752885,0.16514629352420063,167.9578386852438
1724949843572284665,682,-0.22333545084070028,0.28701459372435645,3.491066662956238,80.3105510430036,10.029654108623124,167.85425260128994
1724949843704549197,0,-0.16976158507645495,0.25155565782402783,3.365581311026328,82.47749656739352,-4.20782310654218,167.4611423758562
1724949843704549197,682,-0.20773369669836436,0.27905696115271994,3.485058167678983,82.72323856365932,0.5933748193847351,-172.17566580753424
1724949843847887269,0,-0.16857979636903397,0.24486323049924,3.543723637038035,81.55873455705124,1.2717919401689923,-165.4999844230215
1724949843847887269,682,-0.20499794681161337,0.2782534781700404,3.5428460950067295,80.79186987917039,9.118430763238973,171.06436583386443
1724949843994023155,0,-0.1661390409543838,0.2433701772706493,3.464357558079301,81.81060370918588,0.3025096639055278,170.27219516792456
1724949843994023155,682,-0.19927835585902923,0.27212171275815983,3.5699210059768127,82.40563874297028,10.809097582595872,179.92587419531787
1724949844134826957,0,-0.15235537731498167,0.22554752520545265,3.3873525446817423,82.58009625723855,-2.808781917028421,165.34264063452397
1724949844134826957,682,-0.18625505016378066,0.24390458973452947,3.427157702066338,82.61648270683645,-2.5885997644166485,-162.83504326060165
1724949844261170967,0,-0.1535196984929467,0.2101414509860937,3.496934552460705,81.97398847390343,1.1791469154468128,168.75504622555889
1724949844261170967,682,-0.18910812940979654,0.23593016855356097,3.574873647432709,79.97718283557326,14.512294226321973,171.01679910509193
1724949844391895394,0,-0.14190720292297743,0.1840252674132343,3.513531867648437,82.19490262440296,-3.0631884327724888,171.93298033492
1724949844391895394,682,-0.17120231091737,0.2101138235355055,3.5067054162860347,82.43343380112356,-3.701226357309517,164.5688000655339
1724949844524796905,0,-0.14082561216576622,0.16927426042842317,3.4512078564977235,82.63077367794862,-0.8327942067131836,167.53069865955104
1724949844524796905,682,-0.16832532262756938,0.1937848566042811,3.4896564769204277,85.50503184362658,6.308538412546755,-168.27090930940486
1724949844669571227,0,-0.15997839347030224,0.13875398572619163,3.5043196499251943,83.12452099668106,1.5730013421185656,167.59359183583788
1724949844669571227,682,-0.1922185044655095,0.15937837111806766,3.531052069421467,78.81865608751824,14.280946799520306,163.83186166284432
1724949844812226852,0,-0.1523406820752461,0.1093268691080247,3.512279132040338,83.78493950308288,-0.09318732409920985,168.05933596440147
1724949844812226852,682,-0.18154015334270585,0.1329506454298828,3.5277415958680005,85.41435657632108,-3.8705266468388526,166.06823372421013
1724949844941637998,0,-0.15474768602937103,0.08357156280443004,3.537376331886797,84.6878489196241,-2.367982458312373,171.1152803261135
1724949844941637998,682,-0.1909461866269197,0.10870607156927864,3.6219252794148575,85.0732146005671,18.491742405785025,-179.32145359257152
1724949845077778831,0,-0.17530582549574925,0.03817886597307435,3.585945116450772,84.38151265592178,-6.05432115581333,176.4774835051663
1724949845077778831,682,-0.2066434398180638,0.06552763012493752,3.6087077874569435,81.97035198112637,11.280862217083756,166.81046703619484
1724949845212360967,682,-0.21793092522731666,-0.22728735661834948,3.713809089723028,83.74962230365045,18.1809776270355,177.21378844325181
1724949845212360967,272,-0.18845756553099646,-0.24601015766698772,3.520223885974368,82.53112493662334,15.956595090152247,173.01717442292036
1724949845340929977,682,-0.20596250768322627,-0.1677273217273132,3.4802014198758346,81.89639922663031,5.996827801616207,157.07000333779084
1724949845340929977,272,-0.19250589921643307,-0.18374213609130227,3.4914672094214914,85.57478995532755,-6.815685289213468,155.69734734654946
1724949845491507060,0,-0.17050276778139767,0.013510420758614028,3.3638707178322815,84.58277447992394,0.9918334763281493,158.36611319749673
1724949845491507060,682,-0.1968492728984318,0.029831296624890535,3.3291820701556167,82.23142724885088,3.481521840846354,151.30003978096562
1724949845624540342,0,-0.19599686890661916,0.0387055501604186,3.6218726135884802,84.35037187942554,-0.33736092085532093,170.95817579121885
1724949845624540342,682,-0.23191647885358516,0.07111711330718411,3.7149447818045953,83.64821565081546,8.576545583634013,173.43099524602346
1724949845760676435,0,-0.20280615431085505,0.08876815620077336,3.5010709311982997,85.04165478893414,-0.42648693131480303,164.05717947022407
1724949845760676435,682,-0.24801819852505036,0.11012651215214914,3.713609714177723,83.85224113253187,4.624336481991867,175.72495852100425
1724949845904297164,0,-0.20772851795588193,0.0850714300067559,3.556317650543309,85.3433941163702,-3.796732868872461,166.2521920638289
1724949845904297164,682,-0.2451690812513993,0.10615186595241602,3.654063761246208,85.0813554449418,1.4967763845360793,-171.92126934638154
1724949845975416591,0,-0.2003442142770564,-0.06116361678870452,3.646706449156416,85.23271955747319,-10.101844254288995,174.23847202311748
1724949845975416591,682,-0.23396263924691366,-0.039378213917299724,3.7062053149476974,86.15432987265751,7.280192036237027,-173.14974418782415
1724949845975416591,272,-0.19975767827921692,-0.07016219438961402,3.576265054416586,81.54025657362045,16.680927123295213,170.18703251494532
1724949846087600810,682,-0.24888736273163256,-0.1589674358213596,3.7283332017202184,83.95139334060251,18.227646225265307,176.33367335527657
1724949846087600810,272,-0.22081762813582337,-0.1796887542670438,3.6338844525107437,83.85308790061926,3.3906564395994914,177.9826002082964
1724949846219352425,0,-0.19232488744567924,-0.03453550578213277,3.3161623250934844,85.67028534801445,-0.9338897159548066,155.15616233457325
1724949846219352425,682,-0.2143547357994942,-0.01876643154641463,3.253160644454389,86.391684292945,3.4996373208931852,-151.9748435941542
1724949846219352425,272,-0.21578197893129789,-0.05469630175153145,3.5675301641744124,84.43738944871365,-3.4987892959097557,157.60189036122682
1724949846360303570,0,-0.21000078325583474,0.06424401446669165,3.643589850519535,84.62819250794452,2.012913315896756,166.76935266841875
1724949846360303570,682,-0.243030184445316,0.09409367077213592,3.7712692431690655,86.18125366637659,-6.238952837430758,166.97135611672056
1724949846510127789,0,-0.21969882980490588,0.06985620653090444,3.663484796653435,84.75695573302632,-0.6855636421239102,168.23191604458455
1724949846510127789,682,-0.25539514702712635,0.09575873857280846,3.786488235746122,84.98471737231438,-0.9932723149091627,168.01720049747064
1724949846659626331,0,-0.22398010986731273,0.05077597877625675,3.6348863910908955,85.44754869775093,-2.0032609740676492,166.46617267153707
1724949846659626331,682,-0.26188060025445803,0.07131942994817275,3.75267391055899,85.20309442115656,17.134455229490595,-179.55124215082543
1724949846813004820,0,-0.24147317489253775,0.02728404033528281,3.7378542583392393,84.9451621317284,-2.1766294369427275,172.70975506995507
1724949846813004820,682,-0.27431832638053993,0.057867018142726385,3.8087791450381583,83.1017039032756,7.069717622294766,166.60006745401952
1724949846950327372,0,-0.24845909590268667,0.004353626347777362,3.7448363807972003,85.51776457631965,-0.3939797187466799,170.3901639595632
1724949846950327372,682,-0.2862737334503276,0.024319906227913954,3.8187311449752883,86.05604061990091,-21.693930599974482,179.40537590962282
1724949846950327372,272,-0.2547492346685055,0.0036350595499871907,3.700574071571619,82.9738219201791,8.59965323508252,173.67709372392184
1724949847097169195,0,-0.2766141599120994,-0.04606042049541392,3.7328262881584298,84.99270203265301,-0.24829674733592816,168.23326413544055
1724949847097169195,682,-0.28796631398889827,-0.01614928472789237,3.548264783206115,87.70484762854653,-3.395481150841392,155.3422522463633
1724949847097169195,272,-0.27415815206444555,-0.04883056346004727,3.6722011300902606,81.99534937404215,10.597090020236328,165.57826333605897
1724949847233939403,0,-0.2998378608851781,-0.06585849944072308,3.812201963262274,85.00554074717107,-0.30811982597688176,175.18499616676405
1724949847233939403,682,-0.3271924083342758,-0.03454251325535427,3.8150027451459834,82.49323257820147,17.288906306964332,168.4890825169699
1724949847233939403,272,-0.29904787912730174,-0.05907589852955855,3.713566265598016,84.09080575892517,8.918373874623795,174.40799951926596
1724949847376506799,0,-0.3047188236823764,-0.054955540574149364,3.6915982962690785,86.51555407952068,-3.258982263410443,166.4705041730544
1724949847376506799,682,-0.3409324776552421,-0.03644561606040903,3.7655753720794993,87.89900343699505,20.235957809840563,-172.30522033817655
1724949847376506799,272,-0.31250746352208314,-0.058452886973895946,3.7157497474736934,82.03240406204873,10.869624940203643,165.1773584453724
1724949847525827633,272,-0.3186939795397925,-0.07699916879163082,3.7502450724376066,84.54963302138343,5.129246292507937,174.93152885793938
1724949847525827633,0,-0.3068902051936295,-0.05855006226270526,3.6933372558793662,85.72887250726275,1.020210757038415,162.94857917678723
1724949847525827633,682,-0.34835252154276397,-0.04711450855415427,3.8479216278286725,85.63237748489239,-1.3864801459242966,-178.75965551848225
1724949847679324560,0,-0.31978556707608546,-0.09491056133393622,3.8774652640927165,84.93014166401221,3.025807555898938,169.16755045561717
1724949847679324560,682,-0.35391603487847323,-0.07325773869785972,3.9840239412682408,84.69032432036003,2.1262494038442235,175.3137839531296
1724949847679324560,272,-0.31254483697741053,-0.10078302096267966,3.8097569129220834,82.91760160500692,6.759870360356343,164.25129510169168
1724949847814032476,272,-0.33209202034627583,-0.10610424979254929,3.8789341394754224,81.68360310243483,11.749791022971207,164.951433369377
1724949847814032476,0,-0.3417167013260624,-0.11145545349794755,3.9713003701967176,84.89331013478774,3.4667300111949637,171.1867537733744
1724949847814032476,682,-0.3578807562774199,-0.07895050653528249,3.844078279470146,82.97918767499631,7.188499029166403,159.93468828506127
1724949847963813570,0,-0.3546334248266651,-0.1350720047394085,3.9624244034455307,85.31460172947533,-5.208288099980666,175.64239302600708
1724949847963813570,682,-0.38609287162995787,-0.106677258226617,4.06824769530427,84.03297734922829,21.52239218142168,174.3307986448489
1724949847963813570,272,-0.34986792435476544,-0.12790737568561594,3.8974773699082186,83.65760658024185,10.755376579748216,174.577530759285
1724949848115819768,682,-0.35365021189761536,-0.2361019682212874,4.165998052759458,85.4618122504474,14.835433878114369,178.39501809306654
1724949848115819768,272,-0.32307648243173315,-0.26180720640272265,4.057132601383018,86.35731439022904,-10.558924843040126,174.55292458663007
1724949848265134716,682,-0.2964072149141592,-0.30358144895293193,4.049873172237584,87.50937778224174,-2.3373562377984176,165.56502244863
1724949848265134716,272,-0.27487385714096224,-0.32540482993108555,4.019144397619541,83.93531949172,6.116250085509119,166.38638017182916
1724949848422772007,682,-0.3959893676107424,-0.20174437887867108,4.074567238703389,84.28050539054553,10.918856013492487,165.58762779535434
1724949848422772007,272,-0.3650182825720466,-0.2202578375458734,4.02336752743042,82.35876546728898,13.604659224401777,167.04229262537933
1724949848566365653,682,-0.423464517944332,-0.21971357984513945,4.208824769291312,86.0693884333275,16.694414318486512,-178.2705517022678
1724949848566365653,272,-0.39506013685049546,-0.24140470413508489,4.108508229186689,84.99013960375912,6.55438929151631,175.5595477352641
1724949848737380497,682,-0.4011111064421263,-0.2391197313912509,4.2398613525958115,84.79255838216336,19.051473379422525,176.70362520972606
1724949848737380497,272,-0.3690509948577717,-0.26263287557112985,4.152574262518249,83.2659552502152,10.97036152500474,167.45683924050047
1724949848879262267,682,-0.40164667015299244,-0.22560656471946497,4.293245837168862,86.420118467319,23.92413089255473,-177.70398431262518
1724949848879262267,272,-0.3735728537455908,-0.2443119112887786,4.097293762278514,86.09138036506975,8.951675481236851,-175.6702177606411
1724949849033476382,0,-0.3719114758481743,-0.1918115506989979,4.169531552426904,86.76536422277904,-0.998530549041143,165.61372963852648
1724949849033476382,682,-0.41607025851295654,-0.1716055438662664,4.321721359781458,81.7155271586044,16.19097501331282,164.15922834138053
1724949849033476382,272,-0.38851004084366525,-0.18205858076553788,4.320862721250748,85.98396051992194,-15.106927889843872,176.64228807152566
1724949849160579142,0,-0.37782827702589117,-0.05552680739075133,4.296541053806636,85.71729659279978,0.43945523520604485,168.36429949596857
1724949849160579142,682,-0.3880181994365701,-0.02389452551299391,4.132832244911715,84.27996742974794,3.242435643467075,153.0019317157546
1724949849160579142,272,-0.375384937047126,-0.05994817538560204,4.263626394638802,84.14266649549921,0.877357737188026,159.9641752679873
1724949849293055236,272,-0.37873734045706997,-0.07055771992343643,4.366221926945709,83.61258805081927,9.437425537038548,171.24164445313787
1724949849293055236,0,-0.3778508723135086,-0.07063423476815639,4.412248953277954,85.34580031374996,-0.9643163230787433,172.10477804022068
1724949849293055236,682,-0.4062510628983314,-0.045015690198492955,4.459740857732949,86.21048948908955,7.535342613660475,-174.851055464471
1724949849410529403,272,-0.39133754523750774,-0.12288585912032092,4.391046906964742,83.5785093560505,7.662538260043809,170.86684620350127
1724949849410529403,0,-0.3884612399605388,-0.1187362460260179,4.429155062589454,85.45361758182023,1.0418175019846634,169.31729118793388
1724949849410529403,682,-0.4200837169452938,-0.09736008003450683,4.489556383712654,83.17478008321231,10.21683316323469,164.96203082924512
1724949849495797892,0,-0.4002225814394421,-0.19154127394877785,4.500984780031327,85.31004211764903,0.0680720778668797,172.67082622870234
1724949849495797892,682,-0.434642818364606,-0.16904795807730166,4.5317120757147755,85.13545617631209,13.224890577687825,-178.59753429892575
1724949849495797892,272,-0.4090485938039652,-0.19913538242022755,4.453775021738788,85.16765246859312,-0.9407843549622185,162.25854101758526
1724949849626822632,0,-0.4017655600944221,-0.24945462273694236,4.490785987078319,85.56814979314038,-4.080256780411539,170.65076812371706
1724949849626822632,682,-0.4347416866150027,-0.23140545254531775,4.547215005166616,87.06161231475335,16.58915126178812,-172.48868902174206
1724949849626822632,272,-0.41017621844836555,-0.2521395478606409,4.454780906694407,84.27077248767853,13.468802312538335,176.56557855275182
1724949849771073257,682,-0.39899892123534386,-0.2779850364963037,4.232162811544515,86.37135805061892,9.900427765918092,-159.32417435259518
1724949849771073257,272,-0.4055659851276491,-0.3282119120830252,4.516940598879117,83.56553072031947,4.687749973902986,164.4690595987481
1724949849905047527,682,-0.4130868075883024,-0.24501913324407387,4.302848201157378,87.94219033581855,-3.1732048810144264,153.50231301594576
1724949849905047527,272,-0.4153844336884377,-0.287173955647203,4.494828614796036,83.8311399149856,1.1434405987805951,156.90380619233545
1724949850045850027,0,-0.41882323385588227,-0.2430928468634001,4.6031929552054605,84.86650394733638,-1.9083127670805935,170.59281633100807
1724949850045850027,682,-0.45928370863666196,-0.21988813023279152,4.7188811964017505,82.1219588161497,17.081954273089064,169.87937368036935
1724949850045850027,272,-0.4183927732090146,-0.2381378385416266,4.567468551963139,81.69709061516205,13.339792839389679,169.98965568809587
1724949850188212892,682,-0.4454263696915848,-0.23902187595375765,4.721762852859515,82.82312619235132,11.78236298475869,175.47202867062464
1724949850188212892,0,-0.4135888475302028,-0.26421705080953317,4.649664938804382,84.6741265702299,-3.5737857081550404,171.9901395802995
1724949850188212892,272,-0.40819250713969335,-0.25905900052137604,4.6118537826770725,81.19839191242029,12.891869681989036,166.58981814131255
1724949850337325600,682,-0.4266251783226643,-0.24593290381939492,4.645709708392401,85.46581708762541,-2.983421061205394,160.35445443349894
1724949850337325600,272,-0.40814237012976523,-0.28104629014456645,4.644264071736831,83.75508939706366,-2.613497426640789,-176.46404852500424
1724949850483703048,682,-0.43008056708768594,-0.23609533081468007,4.606195935166774,80.8740317491237,10.307025712664673,154.10565341461103
1724949850483703048,0,-0.40382631615018216,-0.2561837450878072,4.62387920334377,84.56244447842836,0.435762182506076,165.53205938579754
1724949850483703048,272,-0.40654021765532167,-0.2717780155195859,4.568767215431166,83.53983518095536,0.4698606346805542,154.89255081136255
1724949850624161329,0,-0.4184772885997252,-0.2756854719529265,4.806161016615568,83.58101615639214,1.327053282882052,170.0130464646476
1724949850624161329,682,-0.4413336810864139,-0.24287455159795493,4.753631326997241,83.86490461836983,1.0035618393924992,160.62920981678153
1724949850624161329,272,-0.413965325840855,-0.26862544320958426,4.744834204234687,81.14162136280136,10.132918883076202,168.39681383031646
1724949850779631590,272,-0.4125566294100241,-0.2839505654961338,4.827976671749688,81.59694581162192,9.113073512915898,166.98867318754046
1724949850779631590,0,-0.40615236413444855,-0.2771533595037071,4.804878719474374,83.74137363306595,1.9231002898561624,169.14114775068305
1724949850779631590,682,-0.44550520960047224,-0.2626082095798663,4.954534373061287,86.20941805253503,-9.607758107691854,171.57115010608663
1724949850920659038,0,-0.39965551979074176,-0.28618738773628916,4.856619950660256,83.98463078549375,-2.4157033500738407,171.1165389338316
1724949850920659038,682,-0.42875652824680155,-0.25485800213537674,4.844071046322312,82.19291299355645,5.419530133205821,160.24830149428917
1724949850920659038,272,-0.39277817255341657,-0.27976666392460564,4.786196220849208,80.8764535554243,8.081200686664435,164.52457429285792
1724949851059072423,0,-0.4040596767407221,-0.2883091263026728,4.960478483253551,83.07142531633016,-1.9335900471024923,174.89465890751993
1724949851059072423,682,-0.43710756823041136,-0.25790174048671094,5.0680835614585105,84.57263191398461,-6.093431055815065,174.17232110247832
1724949851059072423,272,-0.3946438204481086,-0.2727644013436282,4.88029415996207,79.6786080072569,14.51274153271296,165.96598422850445
1724949851189523152,272,-0.40428317881524306,-0.28068284067571153,4.920126469321905,85.07870563343913,-5.816705973396006,158.66297767373658
1724949851189523152,0,-0.3975451453279144,-0.2843413864364497,5.003486420937146,82.98149052927553,4.391339730479949,174.7722192824412
1724949851189523152,682,-0.4309642771510051,-0.26372907495015246,5.13141025207634,81.98223436724935,15.194296818050837,172.29524425838304
1724949851323961069,0,-0.39438504683088815,-0.2458691582852932,4.954430635905891,83.3709151036346,0.5924130489925908,168.04126777918268
1724949851323961069,682,-0.4396227323375563,-0.23306198610110587,5.178946717092563,84.48473813851005,-6.443091438869222,173.71271783046913
1724949851323961069,272,-0.39700076863452355,-0.24920250629366342,4.987782897288792,80.787951008947,8.72535213588403,167.11126042394145
1724949851468251016,0,-0.37774597249036745,-0.21503541345967686,4.880503837998793,84.40433991815594,-1.471713635756498,162.8310696135801
1724949851468251016,682,-0.4277544495327451,-0.2095838426761026,5.171853079480044,83.21787662247502,8.382554058342235,170.2372649455986
1724949851468251016,272,-0.3939825215606829,-0.22212735049630913,4.971296867568357,82.62814539880516,7.149548888268563,-179.59607301847683
1724949851600384246,272,-0.39990924072369083,-0.05541024178475834,5.03171127252864,82.76168344275953,6.947879825806811,178.6867863496566
1724949851600384246,0,-0.38542367880267014,-0.05150286423774997,4.964739163800915,83.6546632556685,0.1582958642723559,163.52841556811026
1724949851600384246,682,-0.4092491927693858,-0.03184520771110822,4.930424932586939,83.07191726970258,-1.1600443510277443,-162.2743075715581
1724949851732887996,272,-0.41035809832114956,-0.03414713067624264,5.095873187252653,80.68184871310437,11.000368198180027,166.5824210433583
1724949851732887996,0,-0.41001641402250266,-0.037122499357038596,5.185221590110712,83.19753949472334,0.2895220550686202,171.51580238644348
1724949851732887996,682,-0.44757526708954215,-0.010982903679977077,5.2184909924428515,83.5657328273661,-6.1215650458001845,-178.93846034500703
1724949851872128048,0,-0.4186139994118969,-0.08643396591528107,5.207784967692732,83.29498369132403,-3.6100040678588337,177.16451641857563
1724949851872128048,682,-0.4302366922351414,-0.05340430345655775,5.06564802835649,83.40543786134144,-0.7855120051947782,156.9636252050639
1724949851872128048,272,-0.42602913614031745,-0.08443841933836896,5.233925382136948,83.95848840795426,-14.19082313173685,176.3945037886106
1724949852004264662,0,-0.41455917587777924,-0.12969660447310272,5.210110488735549,83.6726995688735,-4.5127708314377415,170.5110066716588
1724949852004264662,682,-0.448867574507256,-0.10484825051806038,5.24237993133532,81.16365148638538,8.117922257248129,158.10499230310177
1724949852004264662,272,-0.418606679212397,-0.13094341151008518,5.164142651382851,82.47604682309115,0.8846732843089565,161.29502550494425
1724949852137968204,0,-0.41970051307312917,-0.17517264871366828,5.286398251854567,83.61461084847794,-4.568737297535867,173.32844067811894
1724949852137968204,682,-0.45771811115582695,-0.14720460042512737,5.415074075804638,84.21576233313543,-7.781410559777512,174.29159997757728
1724949852137968204,272,-0.41728340139611064,-0.17159644410879313,5.1617444839340045,83.08399068341042,11.263062134398888,178.62383496492131
1724949852289430131,0,-0.4043253164442035,-0.19545555724824237,5.272092446239077,84.53478088710963,-1.3798747176443296,167.41852649553925
1724949852289430131,682,-0.42592139443861204,-0.16868561625151568,5.194259997102971,85.69317515418237,9.277723622978032,-166.845030281551
1724949852289430131,272,-0.4371317578983095,-0.1947344654573326,5.3428246334839935,88.44191005832288,-17.075815756971707,162.89489783259816
1724949852430172006,0,-0.40964948540477775,-0.1804497675476659,5.430684999595827,83.27932916215359,4.338579495464762,178.6625117595642
1724949852430172006,682,-0.44379697439444205,-0.15626911630257484,5.460678513918989,81.85076634058113,12.296587317421979,169.0270514488444
1724949852430172006,272,-0.4007950519385985,-0.1692903304035004,5.263718668425622,81.3372789024482,13.378058517018209,171.05608972560623
1724949852576954870,0,-0.413498167973933,-0.15588084532973467,5.328870291929351,82.69609337460652,3.2866090148201508,165.49152697037465
1724949852576954870,682,-0.4509649489833347,-0.1438004093388247,5.5051331790826055,82.080664265961,21.260869693792117,174.51219088431245
1724949852576954870,272,-0.4149270390030045,-0.15816696037108752,5.363175490254919,81.20743184683406,10.700687846288494,170.64131891010123
1724949852714927891,272,-0.431350495477135,-0.1668327860936702,5.402358090301448,83.38058086970003,2.2127943031271475,178.77535921928757
1724949852714927891,0,-0.41506079561985887,-0.15340394073880687,5.303317888747605,83.61175997550868,2.2457787374278597,164.34119707649936
1724949852714927891,682,-0.4470267098189053,-0.1384056378333599,5.389652838331904,84.27740657006807,0.6664475715247542,-167.42653750657573
1724949852863289974,272,-0.42321956032501146,-0.15378291538004996,5.401907793554023,80.90438063849925,7.71403342785797,164.54028874201498
1724949852863289974,0,-0.4282395823976513,-0.1573546529660192,5.460086794113187,83.73605608055546,-1.4875098623597767,170.06672387460583
1724949852863289974,682,-0.46980711996035074,-0.13663925805353763,5.607489876430435,86.52290086411668,-16.990364482909815,173.52156882907965
1724949852941497266,272,-0.42559821525949215,-0.15483966005500874,5.439556676663567,81.21331544682326,7.645547558566591,164.35573936875443
1724949852941497266,0,-0.4304842381556583,-0.15335403809582465,5.474395381206034,83.45894495668135,1.3425787284781077,168.87083964801377
1724949852941497266,682,-0.46213820751396195,-0.13095630522995208,5.5935229565824285,81.69298239055529,11.291674960168162,161.16081808299091
1724949853040194349,0,-0.4469276406060966,-0.14696882459643623,5.672932111194496,83.24861930946632,5.9507557201759935,-173.6276774459343
1724949853040194349,682,-0.47354862609193094,-0.11523038684007883,5.581359555640166,88.40865704176848,-13.529969925286881,164.64297254842484
1724949853040194349,272,-0.43400783486962863,-0.12869763095015452,5.514909047511178,79.14260535810878,13.162133422921238,164.28634763353156
1724949853185298516,0,-0.4431282674351875,-0.13242076946014553,5.5273894580631575,84.55446839537154,-2.9925459431248083,167.43587809830956
1724949853185298516,682,-0.49378855204483596,-0.11835341605495814,5.817635360251254,85.5021248755847,-14.99701350345031,175.6640894177925
1724949853185298516,272,-0.4638069412818596,-0.12254844594571979,5.683319535310124,84.51201547332006,-23.032432311216134,178.57135878821654
1724949853328121953,0,-0.45042224546600373,-0.1297755600904818,5.50012540982409,84.66562161993453,0.2974827473888751,165.65242657846082
1724949853328121953,682,-0.4824174246836428,-0.11205112780465303,5.568602989888485,82.00558132587159,7.8753084246706155,160.52658571350406
1724949853328121953,272,-0.4528985315477771,-0.14769044782643037,5.368894378164278,84.91395301980228,6.386322634460885,-170.7652450564091
1724949853466763099,272,-0.4803519668266601,-0.13978795619170675,5.5918556753012885,82.16212627565533,13.972978284734136,173.27135577913717
1724949853466763099,0,-0.4746538802958571,-0.14144735276617665,5.616068299880236,84.51468636673081,1.3559766273166225,164.84895240841016
1724949853466763099,682,-0.5068604948323325,-0.12550192458222076,5.618257845268631,84.06336767365728,7.383979920442443,-169.56346505999497
1724949853611384453,682,-0.5102462177837269,-0.1166769055793361,5.645488038209343,84.50706199780441,2.53883484317487,-170.22632951476186
1724949853611384453,0,-0.4727175731182047,-0.1322615209847151,5.5129678604749,84.85955233163239,0.7698785697792638,161.89195884623754
1724949853611384453,272,-0.48900937960212515,-0.1530456374047683,5.541956352116644,85.9859284390886,-5.658164432422461,157.30605080527764
1724949853764477057,272,-0.4904350888655783,-0.14340072485621774,5.703693341043884,81.30594890388217,11.414179171026696,167.18815184592583
1724949853764477057,0,-0.49189394771318745,-0.15231786974881922,5.734982329245345,84.93207075802931,-7.338890493608997,172.84839500094287
1724949853764477057,682,-0.5430127469458715,-0.13419620843854835,5.974338766019598,82.87844159787569,14.862750637578507,171.57246290793535
1724949853913413203,0,-0.4853755093825206,-0.15344459318216885,5.659533909019862,85.50937774272066,-2.3479551474307567,164.02575462102737
1724949853913413203,682,-0.549938184072674,-0.1444369579954668,5.9999990706315875,81.9135821431333,16.449836645161366,166.3802889767087
1724949853913413203,272,-0.4880556085601032,-0.16052077235412904,5.681115307293275,79.90424600341056,13.462113640188901,162.43933915274332
1724949854046057578,272,-0.5114819541373083,-0.17278771804985818,5.560752045488274,86.64436072257857,11.5251038101919,-171.95814738975918
1724949854046057578,0,-0.5074172579129552,-0.15895756819390056,5.728295673333455,85.04015952087411,1.6897102004449631,164.36944611549617
1724949854046057578,682,-0.529917207836753,-0.14214404424035817,5.7194923148008865,87.15644635321954,-5.802165201650748,156.46269238769762
1724949854177343568,272,-0.5093681990694983,-0.20239863493458304,5.710497883819745,83.50832885466039,1.8460217023644259,156.4007487144329
1724949854177343568,0,-0.5299361518788334,-0.20505128889477048,5.941788761460715,84.50093063952369,-3.6735270108624114,176.05962355525196
1724949854177343568,682,-0.5695634686770623,-0.1772727240970432,6.084501790466737,85.09847641404642,-10.296173880507089,-178.3568120735637
1724949854315127630,0,-0.5042440439298237,-0.1993745839724389,5.780222382668395,86.5744328118016,-2.8776163030175765,163.87445183763802
1724949854315127630,682,-0.5487298237748299,-0.19178519726507834,5.9053890402751525,85.15988433371646,8.130200341328266,-169.41391570485794
1724949854315127630,272,-0.5244138647508351,-0.20180409096942303,5.888537059233703,81.48053573839576,16.380773145407392,169.14572533598508
1724949854451079974,272,-0.5459770819354048,-0.20394487146274973,5.926818338042649,81.76824099669044,16.63204193164215,169.10906615008324
1724949854451079974,0,-0.5246895469386033,-0.18559737822529204,5.722375312993218,85.22864250888786,2.890400452740295,158.70784202110767
1724949854451079974,682,-0.5649500862692269,-0.18333593116135838,5.893067262450753,85.3687376014265,-1.965187694897402,157.26022087777025
1724949854583963619,272,-0.5606760306443715,-0.24444440822765268,5.978820119032104,85.67518968518176,0.7025852308186035,174.4734829198379
1724949854583963619,0,-0.5484018186047349,-0.23948209939312964,5.988152054659786,86.11521892601934,-4.9284793145894294,169.33879639832938
1724949854583963619,682,-0.5907710564642614,-0.21482958003816674,6.146178861892818,85.12380538112626,6.885869728811337,-173.05130322870232
1724949854716483932,682,-0.6073913808580369,-0.22916488197726792,6.093605268708725,86.05805639212802,-23.065004925741754,178.45127146319058
1724949854716483932,272,-0.5789506378408247,-0.2577333356754561,5.938828366060679,86.74611892196775,-4.549486443236045,156.34714448859123
1724949854716483932,0,-0.5715286548907108,-0.24433823037786873,5.999165088226339,83.98708033868314,5.474096227944314,163.7803726039888
1724949854851694869,272,-0.5769662148861685,-0.2704848907100789,6.048412922673814,83.9743007902077,15.215055646824453,175.04971066726486
1724949854851694869,0,-0.5840604141184105,-0.28079735732104943,6.207152190833465,84.48619001866136,6.601070951392519,-177.123226260154
1724949854851694869,682,-0.6177611385569974,-0.2668360322324589,6.2600688467128816,84.90312240277976,-8.634009862836164,173.94093621983396
1724949854991125598,272,-0.5574321336595911,-0.31599047146145376,5.986825138807541,82.83275573518544,5.220261722503155,155.2837609497347
1724949854991125598,0,-0.5731003267403167,-0.32264247661596385,6.174121861987243,85.57333965594508,-5.3456633388281025,172.17779285346742
1724949854991125598,682,-0.5923145862481397,-0.28639147316713665,6.128401335432329,87.4313843907989,-1.7474408151236833,161.98373978692186
1724949855136175078,272,-0.5979768038323998,-0.3268689111480252,6.340684741442916,86.37120907616615,-9.841096339345713,170.4549942527412
1724949855136175078,0,-0.5682342036953774,-0.33338636972893265,6.179818969096764,86.43415190529042,-9.61639646346726,172.04833913666985
1724949855136175078,682,-0.6089863640805264,-0.3068200316135171,6.292847406938191,84.7897559071184,1.2790324221422866,159.29889612791368
1724949855290400025,682,-0.5991716217272802,-0.3144684807795854,6.327168645838381,82.94714314276972,-3.9114564487725687,-174.57468517623911
1724949855290400025,272,-0.5690800728781061,-0.33084081781548613,6.180076814420163,83.74277691439532,16.900130358796858,178.0368999657793
1724949855290400025,0,-0.5640636426540722,-0.33004343615990234,6.175626382073728,84.1700512256015,3.9290543027519975,166.58253714886476
1724949855431316380,682,-0.6002298398433572,-0.34512966350577645,6.4284990315458765,85.26100729985652,-16.79743642686629,177.24962561544007
1724949855431316380,272,-0.5561934816864561,-0.3646073553386362,6.204392154839912,84.03206928949058,0.8089525759920068,156.68825791113596
1724949855431316380,0,-0.5605514889353405,-0.3700064001014903,6.312184430467065,84.98466939739714,-6.825479279874124,171.95345920823928
1724949855568161744,682,-0.5836258291996691,-0.3555606843657457,6.402878304684426,85.16751728975322,20.397387842210755,-177.14920272082438
1724949855568161744,272,-0.5722616495915456,-0.37548655933414093,6.393915334540323,83.34184615765962,13.484139235223411,176.56662872882757
1724949855568161744,0,-0.5389713696279208,-0.3477505931737672,6.124875437467642,84.39079630708437,4.430497263230324,158.71529996314518
1724949855707310859,0,-0.5757515342615978,-0.36840166537541275,6.3146410638810915,83.08586277326917,6.882824202584438,160.35185066958653
1724949855707310859,682,-0.5661789957320761,-0.32296025584430244,5.968244876923832,85.91859251761645,0.02838990645004584,149.31442978464446
1724949855707310859,272,-0.6090465537054108,-0.3742628076121368,6.549627375590179,87.12598629806115,-18.100286179504774,170.64061740898384
1724949855859829765,0,-0.5755023418452198,-0.38523754218601686,6.44347103569066,85.18981793533118,-1.94160303942932,165.5577198498422
1724949855859829765,682,-0.6359663217903412,-0.38349285249163023,6.7083147333828235,80.21315171968456,22.97968593020667,171.12889259669433
1724949855859829765,272,-0.5822011170145367,-0.394359434126186,6.4355830549284665,81.93878414202163,5.5837513804835925,161.37917794014487
1724949856034995233,682,-0.61046277874667,-0.4038934549751202,6.674890482286385,83.43111723521521,12.727217171332597,-178.89834838207483
1724949856034995233,272,-0.5812254438465061,-0.42711803811872584,6.582682315829505,83.73337484810739,0.21961683271633334,166.1301458673479
1724949856034995233,0,-0.5751508131538664,-0.4250880479890679,6.5890142014728825,84.26377734762418,-0.7562784175198798,170.9649888362407
1724949856167380754,272,-0.5733656229083829,-0.45441776711284493,6.66565841718881,85.1595228883359,-13.164911784233299,171.62489965801478
1724949856167380754,0,-0.5635298988799358,-0.4772034262390343,6.756215209745091,83.5213619491942,15.185545855715885,-174.19893806880233
1724949856167380754,682,-0.5846430606002982,-0.4358697083095421,6.608338979048673,86.54876775608106,-3.085325876414513,158.2635103725202
1724949856327750858,272,-0.5680493341255106,-0.4487334522491331,6.774976509095291,85.13320132441746,-14.700705636098485,173.74771664132737
1724949856327750858,0,-0.5600081322783804,-0.4642640484548953,6.771598604279139,82.67306414424952,5.037440576415102,173.6323210314686
1724949856327750858,682,-0.5893292175914039,-0.4294574455181451,6.796010477556764,84.31167751872812,-7.97801407608889,174.19406958627303
1724949856416647056,0,-0.5330433339667414,-0.43214810719844393,6.665469188712384,85.35145470456654,-5.034960282715561,164.94925152665704
1724949856416647056,682,-0.5997420443131052,-0.42988785513868355,6.99681265312401,84.32273727719927,-11.862299459721783,178.14447005237923
1724949856416647056,272,-0.5250107736586829,-0.4345306428080188,6.40438932325472,82.44107632413534,2.912767480209735,153.6516261259652
1724949856539217890,682,-0.5291727648065434,-0.3966223524874741,6.446361956613153,86.52368148740868,-2.0440079400130684,154.3750720581736
1724949856539217890,0,-0.549494722826301,-0.4580276916805234,6.799837101085846,80.29252871621117,14.149620365743468,166.80788709243672
1724949856539217890,272,-0.5598952358055469,-0.4506129873011028,6.893106062182514,86.9947633287283,-16.82905909706206,169.59043096201856
1724949856692445285,682,-0.567394896891554,-0.4662685382554771,7.289636037255637,83.08180300854465,-0.642299066793956,176.682316413876
1724949856692445285,272,-0.5196838704465844,-0.4567564828743154,6.850336713458316,84.42335361656748,-3.8358814738198777,160.87901747532732
1724949856692445285,0,-0.5033260511126406,-0.4668203243777848,6.9533120323235575,83.74309168499484,15.005113942266394,-171.72247658846015
1724949856853193827,0,-0.4736921498988143,-0.44437942112282136,6.838744522443338,85.45550731140875,-8.852854983878176,164.48820437850185
1724949856853193827,682,-0.5243293595268919,-0.4197551389409806,7.012953571311578,82.0826694717583,7.08240825778426,158.39010609602752
1724949856853193827,272,-0.46826035538701355,-0.43892277702055976,6.59247990236821,82.27311818017962,-2.3199944798036296,-166.3268509926159
1724949857005104973,682,-0.5389911570167246,-0.4183554990086925,7.186333905482237,78.9792951143618,24.103072600314583,167.05572502713565
1724949857005104973,272,-0.480648224451582,-0.42159159721853545,6.592669804074199,86.00295751017153,-4.983007690151069,149.6801221773027
1724949857005104973,0,-0.4961436911232927,-0.4418828794558836,7.118734479197954,83.49433860176599,-3.9079351207295314,172.33276924706576
1724949857145973983,682,-0.5474659178472908,-0.4424624943402073,7.430797074264099,82.22606385507709,10.530176071297824,170.06122838840858
1724949857145973983,272,-0.491675823063015,-0.4414760095139123,7.005269236717481,81.93561056194953,-9.168126126950934,-171.78040392347998
1724949857145973983,0,-0.45705196080710736,-0.4065886033289914,6.7313304409468975,86.74562486766955,-5.018806070463044,159.5937498087788
1724949857292639920,682,-0.5371363088241105,-0.44177122140510916,7.460175152903689,81.36820196588114,18.687039211167818,172.07489999409938
1724949857292639920,272,-0.48958208641036266,-0.43354367641750313,6.972180276450143,84.23284323565593,-3.357855662455075,157.94864987448668
1724949857292639920,0,-0.47667541765156984,-0.4341357140778296,7.081555666258382,83.22608635375013,7.64692798910254,-166.33259106005275
1724949857442979139,682,-0.5385340875538502,-0.3971227112524591,7.377733964869567,79.4290257702862,19.467910296339713,165.945606425984
1724949857442979139,272,-0.4912160332195681,-0.40524843936605265,7.02529570401102,82.69085478392347,13.55203158142883,-179.46606631377776
1724949857442979139,0,-0.4775521343106759,-0.3910248120286414,6.99728526418511,84.32616022483765,-0.5473432453533,160.77663507552086
1724949857591735441,682,-0.5350357338157318,-0.39994920107130355,7.432520649570773,82.2472695492499,10.255087022832361,170.0837814782936
1724949857591735441,272,-0.4992982352478756,-0.41318528592360704,7.346400928371394,82.01093541435951,8.55027695765186,173.4320341498734
1724949857591735441,0,-0.4845440678871196,-0.42349481515060744,7.339666162437027,84.12991329242787,12.671620098017222,-167.9506861840688
1724949857731852577,682,-0.5205577584249024,-0.3885276047876052,7.5494257872490005,89.0474540417386,-10.768440239017634,163.97751313421435
1724949857731852577,272,-0.47357135800900446,-0.3999084620687937,7.190373931610271,82.23433880365918,-5.261417717737146,-170.5413827202497
1724949857731852577,0,-0.48606830641706233,-0.39594355361030414,7.252800736446009,82.13025616822297,3.666937296903572,-165.81021851038892
1724949857866006327,272,-0.4724414775073248,-0.3775667311840956,7.4194344946935145,79.67146058140602,18.72063535258559,168.77569528747892
1724949857866006327,0,-0.43153504946432475,-0.34277649756932055,6.939298932639388,86.24390970409713,-2.166758872350195,155.833371570882
1724949857866006327,682,-0.5108818215600881,-0.3749977132747943,7.58225038832211,81.90748936105585,21.78995959324105,169.80422882584944
1724949858017817733,272,-0.47310274153657444,-0.4051964539179953,7.481489142084704,82.63155830221517,11.389521403465707,171.6584975695385
1724949858017817733,0,-0.4569637511358325,-0.4015640371790817,7.42787433623964,85.13936846072603,-1.819268640607981,164.2797504001083
1724949858017817733,682,-0.5198789537554173,-0.4028540446913304,7.752254345512397,83.37859887560778,5.196204639294109,-175.14917455677292
1724949858168241326,682,-0.5089084147093879,-0.41496099574567,7.671764886026495,83.54485798405375,-16.25920755403339,-177.92295187048265
1724949858168241326,272,-0.4823773734752567,-0.4380342211043301,7.599056292411832,83.10767425527851,2.2106144448577463,163.7138073170594
1724949858168241326,0,-0.45002760848462353,-0.419070459236235,7.38464166362114,86.07222071781894,-5.0106743129357545,162.64708679169388
1724949858317733045,272,-0.4951666207694141,-0.40555677206486873,7.74853678187887,83.5567932925739,-19.481796606614957,-178.79738407694535
1724949858317733045,0,-0.48681001104162536,-0.4189725133087925,7.652123587027161,83.66400387720603,2.6564657836229295,168.04052349025838
1724949858317733045,682,-0.4873550280111359,-0.37768009139778347,7.352399026322777,87.59416040632192,12.705594203257997,-160.12423377667193
1724949858491400024,682,-0.49915976885461694,-0.3801376685413176,7.647960070738072,80.51803693460843,-9.379986287023671,-163.98919761338274
1724949858491400024,0,-0.4669793201581222,-0.4051759697851901,7.632617956779226,84.40310334433659,-1.5587195617267473,165.85041337626404
1724949858491400024,272,-0.4825703223115258,-0.39615808394931085,7.456506849883324,85.46470159969128,17.54909846283134,-173.18881216428392
1724949858642259451,682,-0.5547019362377144,-0.4171829832764593,8.18387276103389,84.04021281020066,3.4834252107205446,174.4694890665772
1724949858642259451,0,-0.484351638769007,-0.4294858652766837,7.7250462143441725,85.71244422221028,-12.860676009351394,171.54637144802402
1724949858642259451,272,-0.4885299626878746,-0.4150967171178026,7.51834370139012,84.49040669682665,-1.729653526264866,156.57411841691953
1724949858793792159,0,-0.49728549041564885,-0.39070212071625326,7.679081635716163,86.50786976028773,-4.973920923190168,163.4835594702992
1724949858793792159,682,-0.5470492801673948,-0.3798408288383833,7.852860675195066,82.77219322845285,-1.7576028678860613,-166.03822420201726
1724949858793792159,272,-0.5270856562678491,-0.4036738759858866,7.9071621537646894,81.58127817887754,12.743948435684043,167.171827360485
1724949858948324399,682,-0.5445581226779428,-0.4059107114100193,8.041075417637938,83.9429648914749,18.189748385790466,-176.47378355673175
1724949858948324399,272,-0.5109770441494358,-0.41051250234854797,7.913621743315116,80.89551383080527,17.826223430318297,170.20495956845892
1724949858948324399,0,-0.5119519756953843,-0.41924252985429933,7.915834731468427,84.05068200267989,2.503490884581993,168.64907314152026
1724949859085521170,272,-0.55012502708683,-0.4170168946990459,8.021037698171439,81.91660975689605,9.168053686283882,164.8127098026693
1724949859085521170,0,-0.5457617246968385,-0.41563772460322196,7.973853722469247,82.08234060820132,9.859396317189303,164.5230316067441
1724949859085521170,682,-0.5677538617535152,-0.3932094906803087,7.951314509758407,85.70213870813987,-4.650660442515145,157.9271940328438
1724949859240503566,682,-0.5965101234478257,-0.4183072968585398,8.293432691699776,84.03326341543776,-15.645281655311676,-174.5529874797883
1724949859240503566,0,-0.5612977070995515,-0.43912201793786904,8.232796009215102,84.5734956242367,5.732653416849559,178.22351275176842
1724949859240503566,272,-0.5630874493642151,-0.43645894110239947,8.008640403103554,83.96686325623354,4.862833020430442,-174.43203827973377
1724949859378419034,0,-0.5371056461465971,-0.4365373494647549,8.22001285013387,84.1074947169686,11.209387125497482,-170.59346996109127
1724949859378419034,682,-0.5963130796885018,-0.42487826525251127,8.540141082403675,82.74322244774679,16.032697770072907,176.1005422141944
1724949859378419034,272,-0.5467646681733441,-0.43050079585114953,8.08097411348259,86.03927066588615,-6.625456579121444,161.80345288995363
1724949859513840284,682,-0.5774585168385734,-0.3854648231324325,8.136302877152437,85.55323769926066,10.112980755697182,-165.90578123896185
1724949859513840284,0,-0.5675431429995912,-0.415657554137793,8.22076905637161,80.64937645446945,13.080972036315575,164.56037601855715
1724949859513840284,272,-0.567185320075642,-0.40887146641157857,8.25812970813135,80.64892095456533,13.115273085511678,167.0323315529277
1724949859647129868,0,-0.5629436442870268,-0.4266861504617649,8.198330700168441,85.42919503003664,-7.101797351785324,167.9603422056477
1724949859647129868,272,-0.6217243383116131,-0.43728204261107206,8.694609680646728,84.52537379388636,-4.562048013117437,172.02732723525668
1724949859647129868,682,-0.5993005815732957,-0.40374905758450835,8.217229725681014,80.79426443299755,6.5879071902219435,157.20707789861694
1724949859794753149,682,-0.5998552778248791,-0.4033483993513862,7.990204277376974,87.51320102722084,-2.9048153104348504,152.67699495771177
1724949859794753149,272,-0.613257500323268,-0.4453384056328613,8.448123458343018,78.09770887143831,23.577826831664925,165.351615116713
1724949859794753149,0,-0.6207259000493606,-0.4744866206634712,8.425478742084678,81.80589352164739,-12.722243945700912,-178.81571128618967
1724949859891506117,0,-0.6312899812680912,-0.4728174961504544,8.525040603813641,82.51315781365976,-4.667273454110394,-179.9955461698756
1724949859891506117,682,-0.6491357362135541,-0.43188197338998485,8.49283621026856,82.12751582715688,10.819851652795958,162.92370576352852
1724949859891506117,272,-0.6544234449666286,-0.4704916155252091,8.636207048031352,84.21898807922506,3.4986798624841593,177.54415828403566
1724949859990076899,0,-0.6278569732716606,-0.47948740520723515,8.501390591768045,83.36806646137956,0.6408914525613774,165.53460360795842
1724949859990076899,682,-0.6713389836962128,-0.45880976271074003,8.633262054833477,83.89276551703657,13.608587790208738,-177.94317013786394
1724949859990076899,272,-0.6371806371355174,-0.4749291938639527,8.566833777695743,79.63484791144121,17.49110218848686,167.56883802154906
1724949860148923044,0,-0.6142736522660733,-0.4881064093138802,8.314352657628577,83.10661391527812,2.621961782456904,159.6833835261184
1724949860148923044,682,-0.6893124176483143,-0.5173347626044044,8.976021717919505,80.1065931678857,24.023333611451744,168.25487172287555
1724949860148923044,272,-0.6201593044427942,-0.5104418189809597,8.192245333180255,84.71526298127273,-3.0436244993901047,153.80380292558195
1724949860293024815,682,-0.6831449818122359,-0.5257967734090095,8.916281932457425,87.9007700425311,-12.927952448407261,167.32468065093465
1724949860293024815,0,-0.6325768602816506,-0.5185033309292204,8.556521132712847,81.09190129847141,10.406891612342472,163.9670093966642
1724949860293024815,272,-0.6081110141509098,-0.5173739763365588,8.338306572300496,81.57220068738613,5.267428258977389,157.5695651000264
1724949860428746846,682,-0.6671456034479419,-0.5157349484986433,8.69741874258546,87.12820622294234,-16.956729918449902,166.20390530603393
1724949860428746846,272,-0.6446841858952379,-0.5430354990080559,8.718811277018288,81.72958693358807,-13.403361957573962,-174.85204002681235
1724949860428746846,0,-0.6548385110246886,-0.5505112887202105,8.801104510963581,82.27146370663881,-1.9990250253875208,-175.37143806077304
1724949860580705232,682,-0.7091230280313053,-0.554783378921307,9.082681797311333,79.66922267845258,17.87327015810358,166.50408927433222
1724949860580705232,272,-0.6691436341607001,-0.5574782816698649,8.6823740954099,85.19876798319231,-5.913756811666263,163.9879399731694
1724949860580705232,0,-0.6486697376800177,-0.5454988836620391,8.619751207042931,82.83688580025004,2.7260873116198256,164.47361307950146
1724949860744992003,0,-0.7301891529782507,-0.7843180875285982,8.878779784027065,83.265436889043,-10.564411504339057,176.68125879552005
1724949860744992003,682,-0.7934056574376974,-0.7915280564246902,9.281573806972066,82.89418020453964,-4.862146475010997,179.94417343071984
1724949860744992003,272,-0.7332486786930633,-0.7831951439825915,8.83138724298187,80.71981783408059,12.527801742660959,167.41296562034583
1724949860859507107,0,-0.7191117648400557,-0.8089715045014654,8.476430936920025,82.15368925439816,6.1060816122852115,156.43541098216443
1724949860859507107,682,-0.7760438009352271,-0.8361810428023955,8.92765509257428,83.98271377121591,21.198505040610502,-172.52337077144867
1724949860859507107,272,-0.7337022671860816,-0.8426872561953339,8.769273941054328,80.86312602005624,8.392753972497133,160.21791346080616
1724949861539100856,0,-0.6698672916559612,-0.7021928308282999,9.206493097849501,83.69511517411644,2.3688677100849422,175.66919221424288
1724949861539100856,682,-0.6411865831208051,-0.6059137241842553,8.453322171700883,84.59530470937645,8.1027386029668,-158.88948565454135
1724949861539100856,272,-0.6623519968925379,-0.6649468113726519,8.955386920744544,81.89101589183426,16.81582530784449,173.9102612381235
1724949861686095700,0,-0.6659121940674697,-0.6968760024652865,9.115169844287513,83.67398741320685,-0.06222748107764618,168.3886753665064
1724949861686095700,682,-0.715425128743066,-0.6794975731588025,9.226488426442355,82.00295997769943,6.896372831089151,-176.1824632005232
1724949861686095700,272,-0.6682701099388875,-0.6739401521775795,8.953956608623866,81.87595900883743,16.879304505352522,173.8769506370417
1724949861836491429,0,-0.6935749057456704,-0.7252370983679116,8.857997243707064,81.65847359760382,4.223798385293549,-165.7586662612184
1724949861836491429,682,-0.7400865896441549,-0.7325819937962207,9.243837004139328,87.86304023245326,-12.282168624047802,166.77969147893356
1724949861836491429,272,-0.7037047748020374,-0.7476115337294758,9.053414886325681,81.52845781928755,-6.467706075236243,-173.24970270951567
1724949861996428773,0,-0.6907937852218884,-0.7202796098882278,9.033100947321177,84.88945659387947,-2.9363911552669566,164.54171994314487
1724949861996428773,682,-0.7471996652629731,-0.7248842218334591,9.314985685326963,85.62835607603228,15.679311511085217,-177.60194972620755
1724949861996428773,272,-0.6933264618201835,-0.7214316949194759,9.028406470186964,79.72187962924984,14.495109917279807,163.40983032077364
1724949862139605439,682,-0.7573134024375372,-0.6327922825293357,9.443698829293558,83.90660592950842,8.50983603765771,-163.28471649261726
1724949862139605439,272,-0.7386993741688869,-0.6584361313854866,9.53294541418319,82.23573825480231,-14.609250058299637,-177.24092323534114
1724949862139605439,0,-0.742609077062748,-0.6725557693886168,9.497936273354295,82.39849059149184,-2.9126619456794733,-178.0683761625151
1724949862296879450,682,-0.7511235331392705,-0.6596028853703045,9.45203497707192,79.98686932021458,12.493935885917018,156.76749669068334
1724949862296879450,272,-0.7464288223658145,-0.6833396116319802,9.519955025827741,85.63093636694965,-9.547540806077421,164.24816996825058
1724949862296879450,0,-0.6923301305617198,-0.6600851514242518,9.18682773011544,85.8974778619435,-4.310215180591319,161.36327995423105
1724949862449241377,0,-0.7400992478021122,-0.6700968451911632,9.583503158097027,81.69614390308668,8.136811681995285,164.54198046184442
1724949862449241377,682,-0.7566959031497923,-0.6357035214224233,9.48648561405666,85.30641198444015,5.250985980982634,-166.60451812320602
1724949862449241377,272,-0.7307467848359424,-0.6513930855345306,9.488393060395815,80.37759555920516,15.262375948039034,166.01915878158826
1724949862604139971,682,-0.8092770712052018,-0.6727766484045855,10.050142030164634,83.75559307374849,6.275622255090366,-176.2656822877321
1724949862604139971,272,-0.7468763046305391,-0.6601059136817546,9.462316207743424,83.27036328447205,2.550730092477317,157.88773812808287
1724949862604139971,0,-0.7438000368256669,-0.6610768507949583,9.560067574507547,83.6159469546994,1.0008300999010709,165.08308277223784
1724949862762970960,272,-0.6993819440122402,-0.6996765913524632,9.458257966316076,83.27356747987912,2.7789556032138183,157.85025758889185
1724949862762970960,0,-0.6978785282722384,-0.689939835113376,9.576605765301606,84.32959327066297,1.3581518479019568,165.26077393875775
1724949862762970960,682,-0.757282799159967,-0.7004907611435242,9.949891214728952,86.59432509565205,-18.24082856336014,175.58051573758692
1724949862920962835,0,-0.7099705019190521,-0.6946727310336267,9.490351783670528,84.40107615248401,0.8605270114196236,160.72182903220826
1724949862920962835,682,-0.7739921382963534,-0.7117153820289245,9.907680457587313,86.51882002299999,-15.38492130584503,171.54632228465422
1724949862920962835,272,-0.7128075997959421,-0.6988421225962643,9.363607656779863,82.83979090649854,2.0321639374373017,154.16984548826002
1724949863068787731,0,-0.7408233661928796,-0.7512751827858918,9.855359767013745,84.20306437078612,18.816057512710778,-173.87392252793703
1724949863068787731,682,-0.7648245958666864,-0.6983348512202486,9.65523157006083,84.0449669113224,5.807875218048335,-166.46732794643222
1724949863068787731,272,-0.7479724718692794,-0.7121742526132486,9.703666571341582,81.04354569275625,26.99006106238283,174.18960841601836
1724949863162497627,272,-0.7443034787264301,-0.7209589356416674,10.060975335466033,83.28093920780773,-19.579509632722523,-179.820367512415
1724949863162497627,0,-0.7379792849161344,-0.7589396748316882,9.893448015789243,82.73277267534732,-14.930674077690053,179.94263052686347
1724949863162497627,682,-0.6882642335265705,-0.641620392686946,9.07551152003027,88.28964603095966,12.056682919207411,-156.82172644580237
1724949863278781949,682,-0.8200733092058841,-0.7161391191637815,10.307951187081764,80.39564368939148,12.53232205377667,161.49486093413424
1724949863278781949,0,-0.7216404949325699,-0.6837843339183645,9.57865457254752,85.16505592580283,-0.9414713894420966,157.81193584265543
1724949863278781949,272,-0.7941788117439912,-0.733698753037652,10.216776694428939,84.18330077149288,4.836416216174229,176.1494402371382
1724949863435778824,682,-0.7760921684853501,-0.6762671295703176,9.842681348365087,85.94690230201407,9.934916622346122,-169.55815026320164
1724949863435778824,272,-0.7776328509429827,-0.7113924869210531,10.111546617027262,82.85117671069419,7.913855212270835,169.18191740818722
1724949863435778824,0,-0.7721810014221795,-0.7338700230070074,10.115493693560165,79.60299879323311,17.679117496484345,166.30701913801332
1724949863570311585,682,-0.7869927854682727,-0.7018568287651495,10.11129281327773,86.33132792581311,30.904558098316716,-176.70117294609204
1724949863570311585,272,-0.7175674099256486,-0.6950309891564096,9.60337485970578,78.33197797711495,11.723140776613855,152.88516771974662
1724949863570311585,0,-0.721325380557375,-0.6631922371170321,9.498777249485773,82.68978271104939,4.888721940124237,154.06169559459437
1724949863704672001,0,-0.7742925976410366,-0.6999909167288908,10.15683231889987,84.4100057924643,-8.901928410787246,175.7641904285124
1724949863704672001,682,-0.8362395916697478,-0.6940170328752422,10.544930535152172,84.39543594056703,2.28657461094093,167.17839066586595
1724949863704672001,272,-0.7728536738785656,-0.670479723365329,9.951640201101988,82.64137969856831,15.622087454495771,176.93781064197861
1724949863842993251,682,-0.8367447204966393,-0.6834300884881828,10.5664884198558,82.6566121113279,13.846792035823048,169.14905326061862
1724949863842993251,272,-0.7961857472918565,-0.6873355234013081,10.302184973329483,80.43230622936366,14.910220742866985,170.90732170447055
1724949863842993251,0,-0.7523930993816614,-0.6740190500919034,9.964286375460356,86.49727336145052,-9.729511214423665,164.89447683471278
1724949863978012105,0,-0.7989338276096869,-0.7683978334635491,10.357131135960879,83.95831158301007,-10.421743726000265,177.30698654309944
1724949863978012105,682,-0.801740330213306,-0.7072828312305972,10.036142979204422,84.08012578773615,2.0094264666524686,156.74440340793197
1724949863978012105,272,-0.813595937401208,-0.7514092729408015,10.347175984198387,82.07900231229158,7.796183088548469,163.67884378028967
1724949864137484189,0,-0.7509229260867893,-0.7395539733309194,9.827126228602882,83.69666123924844,3.3590860588327747,158.01181280731657
1724949864137484189,682,-0.8335854520194814,-0.7939749495187515,10.612066991944655,84.18773974888259,24.266062262119288,178.8664627871107
1724949864137484189,272,-0.7683006419447922,-0.776497090399074,9.991667818056392,83.54907836846638,3.0105803384486576,157.4887437861008
1724949864269005595,0,-0.7977385666914804,-0.7976686314771144,10.467279006117927,83.15710573430361,-2.4095405676539525,177.4120848394236
1724949864269005595,682,-0.8209796191749492,-0.7629600945060561,10.473338267888645,83.9506814278146,1.0273611441942858,166.7353081710896
1724949864269005595,272,-0.7965058628610517,-0.7793460461940692,10.348101579071166,82.09114481353615,7.9022932511910495,163.75673389115383
1724949864404216949,0,-0.8114024891742512,-0.7896459855108835,10.636229582271499,82.20455728293575,11.06809971516043,170.73749848962663
1724949864404216949,682,-0.8197369478146804,-0.7367673535161576,10.328015317434527,85.20579465199019,15.754346888605118,-171.05961054046358
1724949864404216949,272,-0.8067405330838394,-0.761769775190329,10.44730292351359,84.0794351037447,0.8928749000120652,166.46272904588128
1724949864542699501,0,-0.7777900787862243,-0.7719208864837925,10.183839694072645,85.89974157321913,-6.075705615223768,164.76100115370292
1724949864542699501,682,-0.8286412952781143,-0.7634204294514132,10.502717986125946,83.52679427345106,5.859729261316028,-165.8880305309403
1724949864542699501,272,-0.8136970580069832,-0.7773605545595506,10.516958351129494,82.96653961121623,-20.00675247558984,-179.8350440635921
1724949864685671949,682,-0.88641146730786,-0.8042164725588522,11.047301744617739,82.29332331065017,14.553050374773647,168.965688190813
1724949864685671949,272,-0.8278307500924347,-0.788299047812062,10.548319501484409,85.19706652529408,-11.664312574187777,171.1153860912787
1724949864685671949,0,-0.8147676037925278,-0.7939651908378047,10.580080399704382,82.67495856358173,5.417325846806325,170.22093871757218
1724949864833576116,682,-0.8800417920301845,-0.7974604925862993,10.9684701580294,83.17745325179689,6.729954106471889,-176.3233058669661
1724949864833576116,272,-0.8079937200232844,-0.7759945726788178,10.331739977301737,83.24077784900369,2.40195490361909,174.08625081943094
1724949864833576116,0,-0.8143224528345081,-0.7845949603225367,10.480157153580379,82.41113616718422,4.514876638983211,165.31155665440423
1724949864965991324,0,-0.7912549629501613,-0.7226222392197311,10.133689867365645,83.99993560714839,0.8154708510918418,157.4761739224395
1724949864965991324,682,-0.8968594191836053,-0.7818811633523177,11.08666756325214,81.64897239845726,19.443355907671425,174.88613544197744
1724949864965991324,272,-0.7947383918250702,-0.7413253135138002,10.104145249116428,80.9616380652741,-5.752179028117441,-166.28748744068383
1724949865139035178,682,-0.9134052793482075,-0.7880217957220645,10.937845542672946,82.33683130330662,0.8105411087186893,-169.66202481511823
1724949865139035178,272,-0.863872137887303,-0.7816249037620403,10.55900723432696,84.36305262097105,-2.2472676591743035,161.82190096729477
1724949865139035178,0,-0.8622906215390611,-0.8155081110677285,10.819710392583788,81.34655499671199,22.95434798692179,175.79347107179083
1724949865294155959,0,-0.8195409073690387,-0.7412643999816264,10.088419588230343,82.12625945285312,6.353456727213944,156.03066651262253
1724949865294155959,682,-0.9098077553147813,-0.7982296526267596,10.97500112452956,84.16505186459989,22.49971875383664,-176.4008216117056
1724949865294155959,272,-0.8429567257471478,-0.7866917269544014,10.403385768325808,82.2702745673252,5.727274236191143,158.70345320840218
1724949865440126011,682,-0.9188107043234762,-0.8137443205091487,11.22681201808913,83.02860583121368,-13.389342727167483,-175.985886524588
1724949865440126011,272,-0.8373414780167363,-0.7833331507888853,10.341550422297964,83.56272378734405,0.6406220797642427,155.09098817305852
1724949865440126011,0,-0.7994389497777126,-0.7537945017527945,10.24802011013845,86.1753776852255,-3.9303824066594815,158.39569533487855
1724949865594171949,0,-0.8437747671648437,-0.827287025727429,10.76327966284754,82.79450493784383,2.0573512496897712,-171.73919247782024
1724949865594171949,682,-0.8938349384424201,-0.8094100357907812,10.954957322900256,83.53969421033595,1.968123850760236,155.93442254482852
1724949865594171949,272,-0.8685303914788467,-0.8245355383522258,10.792667017976132,87.00707003165272,-9.614730098826959,163.5705808984074
1724949865746549553,0,-0.858001279349079,-0.8515738193801561,10.876113306560132,86.05617231751206,-6.391366568876559,168.66332624052924
1724949865746549553,682,-0.9053157621341454,-0.8293922910960366,10.972384453769115,84.40579263220353,7.318590551313951,159.61935435644747
1724949865746549553,272,-0.8792915371911224,-0.8335709822977212,10.79051473856626,81.98260976447743,21.589270759549045,175.44331124380048
1724949865882227001,0,-0.8971565030197219,-0.8806220542829359,11.082591122898675,82.82413952812944,15.788257076945023,-179.88454646166463
1724949865882227001,682,-0.9437943891650261,-0.8576291132811041,11.255490452864219,84.34034330229082,6.615025792779455,-176.91519916546213
1724949865882227001,272,-0.891206082061761,-0.8458914615281861,10.836999754605618,83.60444202822801,2.578829366206807,174.02274360072306
1724949866020318407,0,-0.8946567519317892,-0.8391764783950421,11.063476890085258,83.96150740405714,-9.488497273015437,178.7161583915576
1724949866020318407,682,-0.9022469209041429,-0.7763347347930081,10.762690776186638,84.65894401377804,5.61049393000271,-166.02156231996048
1724949866020318407,272,-0.8882509030590323,-0.8015476034579752,10.912637979564337,79.71882852607865,20.948399320069484,170.75326755170056
1724949866155027365,0,-0.8464754007227264,-0.7905650640006041,10.544444641799357,83.9829511187135,10.957766229879438,-163.72859485445434
1724949866155027365,682,-0.967242959110295,-0.8540268970423652,11.617223027563076,80.5706072841742,24.317851971249382,170.0371737290969
1724949866155027365,272,-0.8833325573602049,-0.8214509218243403,10.692704051989573,85.86482036925341,-3.910452165005833,158.62604957371965
1724949866294772782,0,-0.9076927208356411,-0.8308482394577898,11.156208142949396,83.90975373126864,4.0926013757575666,175.41292599832093
1724949866294772782,682,-0.9598812559089587,-0.8292936160014356,11.482947281170317,83.23062333377015,1.5936889474627804,166.62007493058027
1724949866294772782,272,-0.907286139327052,-0.8168172003142342,10.972385788928957,83.87353656547441,0.6170435868452759,159.33636889697812
1724949866438447625,0,-0.9174063507819126,-0.7682151358761536,11.027184635479111,82.06760893458842,8.638904252681929,163.63387643843856
1724949866438447625,682,-0.9666393503499424,-0.7585631689451054,11.2645260333008,83.29474667018486,16.212652166653292,-178.08147797374656
1724949866438447625,272,-0.9134322064945867,-0.7609351462723615,10.958296859325868,81.4245303235212,8.975684104873457,159.21678677433658
1724949866586086219,682,-0.9713869855593501,-0.7752481955995079,11.485734890790708,83.22311348773738,1.4351507926704532,166.64807476704976
1724949866586086219,272,-0.9368679187072607,-0.7750158909658179,11.225932430212685,83.63340509579086,0.6949282703165538,166.32736305340327
1724949866586086219,0,-0.945333908275533,-0.8163488931694904,11.626440512253168,83.3799077079308,5.446989529011057,176.1070332890553
1724949866665686427,0,-0.9041734307343382,-0.7959781409309046,11.001589108699285,81.61651521463752,9.425578830081193,161.30955915463673
1724949866665686427,682,-0.9685745103321891,-0.8061835299836388,11.496743779396152,81.70262595979234,16.699365518631833,-178.32037397700682
1724949866665686427,272,-0.9220841298697616,-0.8061790321313781,11.255279662816196,83.16713396341443,-9.661766002874021,-179.6608324061097
1724949866804836844,0,-0.8507690043792454,-0.7757354244515515,10.70982435145367,85.09031375468753,11.592938905564507,-162.17591755240295
1724949866804836844,682,-0.9436954153541801,-0.80355487432532,11.347897902644,86.1419622011076,-20.137299340845658,175.29709396813934
1724949866804836844,272,-0.9311796821913754,-0.8300214661621175,11.332306466248921,86.84258176872453,-10.118508500635704,163.37682279105263
1724949866947104136,272,-0.8687849349097193,-0.8038570510264444,10.623456111533685,85.58075713790424,-0.7764793615895886,153.09617354159153
1724949866947104136,0,-0.8826138918221964,-0.8175183512804958,11.103997436503864,84.73390070534515,0.7520293989135767,164.69766833995948
1724949867099338823,0,-0.8862914625765965,-0.8419316891922413,11.12857707390545,84.13584039714968,3.1665259548649876,163.07537568888262
1724949867099338823,682,-0.9396340926198777,-0.8373527071290072,11.434988828914529,85.01773449433854,-2.850218653596873,159.27402306603807
1724949867099338823,272,-0.9167462875452954,-0.8579336312367133,11.414941815135899,83.74844976627013,-9.317268413351812,-179.375172488145
1724949867248076792,682,-0.9298919440292749,-0.8017200615057631,11.272061196648544,84.41706033897233,5.562069078874014,-165.5930668213361
1724949867248076792,272,-0.9748097566507721,-0.8557393151707035,11.883093428542708,86.48441479587683,-14.865634404481652,173.10072247791743
1724949867248076792,0,-0.8983553249523879,-0.8446733248189946,11.356453820367852,85.44569131486348,-7.507212343876073,171.13571254005345
1724949867399199083,0,-0.8797754800552974,-0.7920716752995627,10.947515327480499,82.67170789775157,7.098048067878554,157.91290427473328
1724949867399199083,682,-0.9744995590243344,-0.8392381729641757,11.838484689138143,88.15968480233269,-9.056113386789413,167.6792001394966
1724949867399199083,272,-0.8994607162893069,-0.82184177348489,11.241100263377556,82.19075610153116,13.28760226365737,174.3683885911351
1724949867544190489,0,-0.9419541251893636,-0.8828969340711545,11.549718535530555,80.95534832555319,17.000826917279216,166.1605057429206
1724949867544190489,682,-0.9625455254583499,-0.8486906745174959,11.48122967528483,87.7178940402553,-2.136164437791499,159.1823303151071
1724949867544190489,272,-0.9314296271229194,-0.8568016697522634,11.359308418069865,83.19908909958563,4.422058849496742,161.65898427320062
1724949867692418614,0,-0.9539329127273289,-0.8881044925470853,11.595454099405927,84.05959742321544,4.901298787036251,174.5581382083715
1724949867692418614,682,-1.0360218381913768,-0.9074537562922885,12.147359133357245,81.39828831035572,15.3559210932186,167.92491839745514
1724949867692418614,272,-0.927561953598326,-0.85638626192579,11.000169067624427,84.59169827768922,6.6200137500331975,-168.61873661520562
1724949867864279969,0,-0.8835121584789308,-0.8937053411833182,11.24496492928926,85.70026137500992,-2.75148954026163,161.08560816956498
1724949867864279969,682,-0.9713125160157526,-0.9280411513660827,11.913644814770189,85.41837713798274,-12.224262628237955,174.7375896384705
1724949867864279969,272,-0.9236561576805655,-0.9123599257302182,11.503831151726013,83.02899699246106,17.810001699203667,177.12005699504618
1724949867993186531,0,-0.9448931970520491,-0.9596497557188812,11.633516208329107,83.219795546186,-11.618575289745877,-179.71887244333607
1724949867993186531,682,-0.9571781192851924,-0.911460767005774,11.551639642765398,88.16189156130156,-8.112476019357478,160.87706352138153
1724949867993186531,272,-0.9191128317426216,-0.9162544716968568,11.420543248376257,78.7294684348997,24.558206636708988,164.61144309912729
1724949868145362468,0,-0.9664592346704148,-0.9556767349032035,11.761849115931385,84.06201913566107,3.8740659827326387,173.03812969866541
1724949868145362468,682,-1.005368899863309,-0.9232360344733874,11.749215975183574,81.26997315892883,6.361372027907361,-165.8096390302678
1724949868145362468,272,-0.9736752004660324,-0.9334670125461539,11.562657033541498,84.19369523214395,8.138431579428218,-173.63259367704205
1724949868301241948,0,-0.9537901439551862,-0.9499690706299437,11.644288849853409,84.00488402560647,1.9786746224633314,167.1903345458911
1724949868301241948,682,-0.9490633478909404,-0.8892050089210117,11.269063401586179,84.3890809695762,6.159441932981304,-158.81705610216875
1724949868301241948,272,-0.978322068992368,-0.9413242442585017,11.794217135104956,84.98610731752022,-8.18313856778456,173.2767646891493
1724949868444677781,0,-0.9145050167755133,-0.8878329251720343,11.277126679652595,84.17236019823908,8.939156046432993,-163.60913757093894
1724949868444677781,682,-1.0479583516360342,-0.9724354834616445,12.493404900312541,84.85079273154645,-7.520030746233528,-178.55067763087973
1724949868444677781,272,-0.9630284411640009,-0.9457624361748795,11.711611766967902,84.59902939485247,2.848346736903541,174.054339597901
1724949868614402468,0,-0.8911433727302246,-0.9003269044951768,11.340781000795191,85.49602576519574,0.7227433160724176,159.1826058666765
1724949868614402468,682,-1.0486428311526452,-1.0073889033633492,12.852409653463774,83.01438958957459,3.1232205960076724,178.6727769420872
1724949868614402468,272,-0.9535548235789499,-0.9555434937127909,11.85297463232615,83.66891641481175,3.7840495521889594,172.81489013711322
1724949868755920281,0,-0.9207383574320112,-0.9271402012560099,11.43951994651805,82.00373462246495,6.089455601096806,159.14282271983842
1724949868755920281,682,-0.9893388753181891,-0.9538078998484457,12.073031458719363,83.57247820084238,23.88830860876117,-176.32034430912393
1724949868755920281,272,-0.9352427380654478,-0.9474006485204556,11.660587039107764,83.04894908183618,4.671100496049639,162.01753591182901
1724949868936751531,0,-0.9656091143906398,-0.9639407235886219,11.822540075047607,81.9244348641303,9.512769157907671,163.48344885580119
1724949868936751531,682,-1.019039665416775,-0.9661835259532074,12.137373155570089,84.28271598604778,17.681748169893716,-177.76401319881117
1724949868936751531,272,-0.9489060796379756,-0.9414411977733228,11.56498197825184,84.37646024097437,13.096396714124776,-171.04263648602947
1724949869086526895,0,-0.9148294425112192,-0.9769351811309223,11.782747273329992,83.5037354998186,0.7181516625307967,164.4278856171886
1724949869086526895,272,-0.8996826363182345,-0.9582958511353099,11.41572466391944,84.31788209426689,1.32036538143489,154.57948858399774
1724949869238174291,682,-1.021505329498575,-1.0390900198174966,12.421662644888913,83.75318481317655,7.20801097566912,-176.85058448156286
1724949869238174291,272,-0.9541065199887877,-1.0011466033389975,11.80303821543364,82.79111715268971,18.425538159928976,176.87644298067886
1724949869238174291,0,-0.9678573705460984,-1.05874869700647,12.169562752692084,80.57462755428115,21.480839363897296,172.65749849118302
1724949869376267937,0,-0.9416061453662898,-0.9470656821990449,11.452857814413813,79.92006102546273,9.417464813963544,156.25559783256267
1724949869376267937,682,-0.980256073747416,-0.9504258626553825,11.780054645249848,88.20510060083686,-9.242084283218402,155.28998194516797
1724949869376267937,272,-0.9654243477685504,-0.9794956019697362,11.851090691976365,83.71988651295543,3.3466022837681924,173.27445194997642
1724949869516384916,0,-0.9160126273452982,-0.9599942004905226,11.849241800687935,85.33184422700447,-10.204276515124457,170.3455948543866
1724949869516384916,682,-0.9394965864566366,-0.9149979045737323,11.800028098594895,83.01281180163961,2.8053140192381942,-161.0289668293894
1724949869516384916,272,-0.9322486322336239,-0.9415150986048834,11.926148896175182,78.11279196636667,16.826486110355916,161.79982559161232
1724949869666739135,0,-0.8723964458427713,-0.9617230499938623,11.62391042089723,86.28026547365869,-8.762246220117337,164.06059500582174
1724949869666739135,682,-1.0192296479419678,-1.0515176169749487,13.010539307308848,80.4763817056621,5.338648362815041,173.12715839281285
1724949869666739135,272,-0.9361787176122354,-0.9898206897826044,12.031531497104357,84.67126093675442,-6.058800017325072,167.8356411560954
1724949869822754864,0,-0.8484357394474926,-0.9650072985051796,11.603687012147004,84.03314297888737,15.264515292267284,-166.64901993955135
1724949869822754864,682,-0.9270458982116386,-0.9866747470549206,12.206904126755074,80.90191755829608,20.85665715312095,175.13783786332456
1724949869822754864,272,-0.9025294684832845,-0.989035928122532,12.078931513833895,83.21663026932936,-8.224823574297261,173.68667831332405
1724949869967333197,0,-0.8603761416901642,-0.9722062084499661,11.809205821691954,85.71920830347992,-8.979999379357452,166.17836834758387
1724949869967333197,682,-0.9108037350048949,-0.9465585289354799,11.93786077279011,79.41609426385467,9.135428795136944,153.38468435005262
1724949869967333197,272,-0.9052088055904992,-0.9695172642512043,11.975050358527291,80.98065885634526,24.831613353498398,173.13656324081026
1724949870096406270,0,-0.8915271064174796,-1.0104502748533022,11.972374956683295,82.35184684434324,2.8223773275542707,-174.23858748360334
1724949870096406270,682,-1.025807808349572,-1.1097878808539412,13.370485011552638,83.60621132319335,-4.445002244694256,174.3522854319327
1724949870096406270,272,-0.8958818766037946,-1.016421908992028,11.863237515363428,83.34278862531013,5.972017043379836,166.89578702407542
1724949870193361374,0,-0.8806908364445578,-0.9811102741473391,11.928872861042805,85.60844542125002,-7.022567936462324,168.69579975789017
1724949870193361374,682,-0.8793348681435771,-0.909864422313985,11.476889553752743,83.25130029631129,1.9349251240721688,148.75569055984607
1724949870193361374,272,-0.8929935302744033,-0.9579383664439081,11.878526299546298,78.82083286883515,18.111511077246732,165.28614890142146
1724949870339155332,0,-0.8398485374963203,-0.9253472660519593,11.348295519104312,84.82798920317964,12.267152800681128,-161.40268793066502
1724949870339155332,682,-0.9641722028673407,-0.9977550662560034,12.37965128071416,82.16264640762941,-13.91105132037382,-175.34298054600163
1724949870339155332,272,-0.9324590498304144,-1.005717212446425,12.104095632850663,83.77442251571205,8.776823860866228,178.99714364609684
1724949870475591061,0,-0.8812137354489042,-0.9568897063577102,11.918771780715325,83.33141627794417,16.06322638890628,-171.19591571112113
1724949870475591061,682,-0.9593858888090252,-0.9625742023547911,12.427605279633319,81.79064454379868,-7.484572832385693,-178.16254199489302
1724949870475591061,272,-0.9072668699186984,-0.9439538763585924,11.958624554810529,79.70644573984515,22.271852173002504,170.857675494458
1724949870631162259,0,-0.9075996681528662,-1.0425261835373287,12.072289785217238,82.1894069675332,4.0822993402626935,-179.82148950156756
1724949870631162259,272,-0.9071058460698992,-1.027283062641277,12.080367173344497,83.65454235590201,-14.359438054987747,179.52657749289813
1724949870631162259,682,-0.9276968931762589,-1.0145409706002195,12.120937375960684,88.35880692420983,-13.851897923294782,160.73026979938845
1724949870786802572,682,-0.9582474293553452,-1.0239305606141433,12.240066900286795,82.28470035548484,33.0483338292229,176.9236349787175
1724949870786802572,0,-0.9116354104579182,-1.0320372773935866,12.022470529414738,82.40555855656308,5.818989662608879,175.11209215075854
1724949870786802572,272,-0.8907577768557473,-1.0015410345431506,11.589162045798368,83.74628944405733,12.694128681517272,-174.4179864953932
1724949870949342155,0,-0.8488844023430581,-0.9233037365382234,11.428681278742161,83.96173854150878,11.446166620959225,-162.84220555077837
1724949870949342155,682,-0.9982636804303392,-1.0147702144007316,12.805783976862365,81.08256850974428,15.894040854001691,168.40110164887352
1724949870949342155,272,-0.933872268148759,-0.9845594462387104,12.105579443203148,85.08123434588104,-12.207760607998244,171.23438460309808
1724949871101144551,0,-0.8884427872901912,-0.960658188352236,11.815721222149838,81.44542035003313,4.907291740621254,-166.96389508965066
1724949871101144551,682,-0.9445373657960987,-0.968742069501109,12.225216220681588,83.33873471264852,26.1412912050588,178.8155375490053
1724949871101144551,272,-0.9042763308019552,-0.9733331488566467,11.944564166934269,82.56954729499351,0.48949925905673725,165.9613177380532
1724949871250958613,0,-0.8796513788728204,-0.9726253397128926,11.597091411650874,84.39851859621177,15.877130243359002,-165.12618750212522
1724949871250958613,682,-0.9888247614267627,-1.0315277548807764,12.535182226964464,85.10693660653983,-12.491192877469636,174.87706718684638
1724949871250958613,272,-0.8981000000102741,-0.9862103039113057,11.638051014099382,77.74054346130781,16.08369224748883,158.77786618287928
1724949871406169655,0,-0.93635630002802,-1.0092940884938475,11.9693049165006,80.7227512528576,12.0068990857844,167.26178651318122
1724949871406169655,272,-0.9419847932088274,-0.9722401782283564,11.633948273357513,87.74820153687874,-12.885176306823425,159.99145709435868
1724949871406169655,682,-0.9723818560824394,-0.9746752926430782,11.932089514763714,79.40531976864291,9.095290815279236,153.09661829638333
1724949871547193613,0,-0.9272101023470484,-0.9882851606286921,12.03923339210604,83.76055375232951,20.465613986100223,-173.8027964826926
1724949871547193613,682,-0.9643822001967175,-0.9465326076808944,11.933887654917909,79.41249791071745,8.989435685282166,153.14679480685214
1724949871547193613,272,-0.955747986908886,-0.9647179032462936,11.952126523842212,81.95212100994618,18.123257993407357,176.87692015665638
1724949871689899863,0,-0.9635849207966671,-1.0338384427263216,12.166263441763055,80.78558282876597,19.62234733620751,174.43742997862793
1724949871689899863,682,-0.9893145113651751,-0.9848229118219924,12.029809268168005,81.54402013634947,1.226128473659101,-169.15029283082876
1724949871689899863,272,-0.96267924756017,-0.9918929270867074,11.948087169157288,79.58036427738718,22.50151907508304,170.57919001369484
1724949871847114915,0,-1.01276151439719,-0.9836267860420056,11.941342388908646,81.1904237018927,-10.845709412060723,-178.3187313857581
1724949871847114915,682,-0.9676981458899679,-0.8782387393454356,11.22467941935947,86.61058279394902,11.593093007934511,-158.12577513326264
1724949871847114915,272,-1.0121090224452804,-0.9454262057996283,11.96416469794947,80.36138532828144,17.159422064512903,170.40258665444784
1724949872004380852,0,-0.9819668037591842,-0.9791317901153117,12.007413944305549,82.79782149262788,2.3684019080320318,167.20800151250307
1724949872004380852,682,-1.0504806029808442,-0.9847894052240199,12.423570996156538,83.75480371010303,6.867865312708954,-177.05224969350002
1724949872004380852,272,-0.9805187913369198,-0.9565785541301556,11.800141091854151,80.84312390584677,20.177794520216953,173.267586504523
1724949872166204811,0,-0.9799599463660608,-1.0093155455835001,12.02984119559199,83.54836529116866,3.1333354038190384,173.46423901533592
1724949872166204811,682,-1.0434961714525817,-1.0153459642242335,12.336631113130021,80.76286883689434,7.241685591105544,-177.40164858367456
1724949872166204811,272,-0.9993365646447963,-1.0055581489721466,11.98644988580541,82.91913941781895,2.9014924672553457,173.87775802972283
1724949872320842831,0,-1.0052038306857682,-0.9960027443856811,12.134986340457626,83.36185391540728,4.310685699934438,174.89800886352685
1724949872320842831,682,-1.003528244813967,-0.9323763992973947,11.714056815906126,80.17762081415994,3.2781616085790426,-161.72096993785638
1724949872320842831,272,-1.0232525179659517,-0.9739301776765337,12.005483923864627,83.46185242144352,-9.721419291935119,-179.66969241375537
1724949872492572571,0,-1.0127071204074165,-1.0345802553808672,12.133705066456267,79.28938153821858,22.95410275344111,170.58976983817445
1724949872492572571,272,-1.0559996110015932,-1.022072927048385,12.315472751676966,82.78911317473235,2.3368880446709586,173.96864803644243
1724949872643424238,0,-1.043582441318338,-0.9756077892413137,11.919971679848874,82.46502234991354,-6.499243575566698,178.66580452081806
1724949872643424238,272,-1.0423211045468668,-0.9545999433025183,11.826927499469635,83.33434870512458,1.043393782984008,158.70245534948586
1724949872783917310,0,-1.013285874894737,-0.9927959309646929,12.05913369438655,81.90671872990694,7.493560824082962,172.09139133256573
1724949872783917310,682,-1.0793937691701718,-0.9972815834886964,12.420111421485036,83.73906568423342,6.9612389551629965,-177.23679670267558
1724949872783917310,272,-1.0023259941241618,-0.967343376358677,11.725602686469706,82.0409186101245,12.345449171364994,179.78762722654267
1724949872922888508,0,-0.9715076688707136,-0.960839953795529,11.650268320601715,82.53919923632719,9.73772587178999,-169.15337732050546
1724949872922888508,682,-1.0752828990998082,-0.9947912337497817,12.42577282907549,82.4885483927697,-6.743718538236155,-176.54573555910926
1724949872922888508,272,-1.0144728681017223,-0.9705484076011208,11.899131390735427,80.24439643998008,18.11005750030913,176.25969574409748
1724949873060530800,0,-1.038695019055051,-1.0221366106887788,12.122157459378847,83.5812432894953,1.931104931614194,174.98886509240918
1724949873060530800,682,-1.0886276607544167,-1.023581545798088,12.332029104098178,80.73938414681895,7.301165270253301,-177.69751262069894
1724949873060530800,272,-1.0301716477212397,-0.9953807564400031,11.784561289404364,82.23873995057409,4.431295073032835,161.42308082297023
1724949873218322414,0,-1.0341911494110092,-0.986315846486857,11.764170784872519,80.10961106911695,9.14299861391391,163.14861814762116
1724949873218322414,682,-1.0983523396456427,-0.9909121881389188,12.132990720324893,83.62749538386278,-7.387922268631049,-179.38372699873557
1724949873218322414,272,-1.0506989285737784,-0.9894864152482268,11.820532661675479,82.99650649276592,2.904205785292725,173.72235587291064
1724949873377964133,0,-1.0252232757005852,-0.9917419257790443,11.744821377425556,82.65424579128262,0.41474548515946663,163.98140571216192
1724949873377964133,682,-1.0523052733846356,-0.962739574227948,11.742938719067913,81.24530401415981,6.561033574937559,-166.10584852952937
1724949873377964133,272,-1.066449954394929,-1.0043935928646641,12.056295187632903,83.38468897106343,-8.519897200148469,172.89269874982406
1724949873525078143,0,-0.9822672780828967,-0.9998923712709415,11.48230984469493,84.01266776095561,-4.772391828243051,163.157023155036
1724949873525078143,682,-1.1021752416618316,-1.0734384407453683,12.43461909927064,82.43781928804488,-17.11217768365935,179.04529978763094
1724949873525078143,272,-0.9944834033968513,-1.0097260049434282,11.34497486857855,82.46975430660022,-1.1946354410383795,152.04489742275987
1724949873621342987,0,-0.995042168267539,-1.0106116687085058,11.651577564837174,80.1762201370973,9.88567818064906,160.58723244944477
1724949873621342987,682,-1.0607797873091438,-1.0247159827521315,12.05089258523569,81.17142738898937,18.00615481218136,-178.5206586677221
1724949873621342987,272,-1.0125844683062695,-1.0208861569160783,11.75353972087904,81.12958681393208,18.464387846341303,176.5152495065043
1724949873742259758,0,-0.9999407671211478,-1.015005787160297,11.781754457289207,82.04016338153058,2.318404871624174,167.00253400880408
1724949873742259758,682,-1.0802465153474656,-1.0452550402173395,12.378418758375833,85.10080155476616,-9.126898046398686,167.21016949923617
1724949873742259758,272,-1.0373749471126774,-1.0408076973727758,12.072448645257655,81.84054175267961,-0.2466937376084408,165.92917890046553
1724949873892909341,0,-1.0068968455738556,-1.03089996311247,12.027686718603599,80.81599129121132,14.90023703446216,174.22925467954593
1724949873892909341,682,-1.0155671500199273,-0.9723689112644919,11.764824206658892,85.08225822564042,11.41276196351729,-169.1703051203118
1724949873892909341,272,-0.9851626699682,-0.9780757519649215,11.56404835239745,83.12725054723923,16.50073730646006,-175.523166518195
1724949874035606372,0,-1.0223629002907393,-1.0743538377713655,12.07538311277381,82.92206934210266,-1.6699124193530621,175.4953319496965
1724949874035606372,682,-1.065092345826531,-1.0532731914422155,12.144444785326032,81.38042936008428,15.93191071999408,168.23467006138173
1724949874035606372,272,-1.0223097297419215,-1.0472811360958536,11.87268786084192,82.75611284007876,-8.389175212339346,172.5856566968344
1724949874192100487,0,-1.0075283408554114,-1.029930417566248,11.772050325915275,81.10569590117838,-4.629870674904085,-178.7975073002823
1724949874192100487,682,-1.0467367257340345,-1.0166932332045004,11.994260576387651,84.79675833133551,-2.6146701765969484,158.62258894674036
1724949874192100487,272,-1.0113681346818792,-1.0210864784690252,11.806587875717875,81.50768078790942,-3.3380252143093347,-175.87041094447403
1724949874328235331,0,-0.9582571233939312,-0.9858773646255119,11.505063763460008,84.97000560367756,-6.803423180137096,163.64026170137694
1724949874328235331,272,-0.9946953689697585,-0.9851154871307382,11.759441363122844,82.95655064091869,-22.389602562340105,178.16909393193006
1724949874328235331,682,-1.0319611737890064,-0.9975473434380655,12.009325730706239,81.00083333530559,7.044794902563795,158.63445788078386
1724949874494997466,0,-0.9729544003974597,-1.035715719552378,11.896548372981485,82.77355154233604,16.041028128966342,-174.111121586936
1724949874494997466,682,-1.1121769115037636,-1.1004867218734895,13.005513700923709,81.35372770837519,5.020734919134218,172.5616766146171
1724949874494997466,272,-1.0152309321627182,-1.045858904033245,11.981916212445402,82.90840679093833,3.0730324719792175,173.76853976851615
1724949874645634810,0,-0.9946764710096903,-1.0678394745495603,11.956636756488214,77.88680478236184,23.25512643372231,167.43491410620013
1724949874645634810,682,-0.9882958123665411,-0.9990391704734435,11.66016068864428,83.40661183803373,14.311328385201058,-164.2457090425604
1724949874645634810,272,-0.9897310047976537,-1.041508814204613,11.968136743657421,81.87917798827964,-9.029295568798869,-179.61099018506786
1724949874798575435,682,-0.9969714057190705,-0.977906349347981,11.502962793189297,84.39195720990355,18.62850931728681,-165.9451981389477
1724949874798575435,272,-0.9790939172549398,-1.0075055635846777,11.654057913600425,77.49764970445948,21.083310198864382,163.16709042946167
1724949874798575435,0,-1.0064190547621625,-1.0365488756215895,11.752073839330391,81.35486631839244,-10.301422966060922,-178.54558178804783
1724949874952840747,0,-0.9664518781290095,-1.0082240412571384,11.605229572447653,84.93121784737632,-6.686928365085879,165.67050408208436
1724949874952840747,682,-1.0712785267232243,-1.0736811522650258,12.464513166499676,78.08012140443435,25.504967216424827,169.00800543741727
1724949874952840747,272,-0.9089748413667957,-0.9584199448499396,10.712846517909645,83.52732593260197,-0.5140292259591321,146.21498297393308
1724949875102157049,0,-0.9612438172235004,-1.091860496632499,11.832625558870621,83.57854488963645,-10.737924496910962,171.95418936919705
1724949875102157049,682,-0.9837302681737029,-1.0416765013404716,11.741179128871064,81.26262282373325,7.18940780765977,-165.74041403791713
1724949875102157049,272,-0.9753695933871412,-1.0668896213285612,11.785045144536944,82.25636578484425,4.6845556742906425,161.57639571880475
1724949875246618664,0,-1.01138163546943,-1.0524571029349425,11.762848114983298,79.5511779299269,15.088858997147902,166.3432409702608
1724949875246618664,682,-1.0389671400613822,-1.0284120687061542,11.812625040100517,84.09325052406817,6.632326405623498,-165.65831732733088
1724949875246618664,272,-1.0007664621893402,-1.0337340863440891,11.607097519664759,81.57284480251482,4.632778011405199,161.3041942492803
1724949875393308299,682,-1.0751787349723587,-1.0596248072221721,12.121719384629516,84.1826987113996,18.19904416545505,-178.00678694997538
1724949875393308299,272,-0.9772148968746858,-1.0132191195748779,11.218614258089076,82.69536284759518,3.747984247845539,156.20476666887157
1724949875393308299,0,-1.0185697434034338,-1.0483137871287096,11.72531448404702,82.51993616085967,-3.8753635242781157,175.70628969215153
1724949875528302414,682,-1.037748240012487,-1.0499100554892264,12.061213421147105,78.46892903789667,15.471723690956305,168.0013613322583
1724949875528302414,272,-1.0101832117346736,-1.0555009354573521,11.905158113274291,84.55863509060775,-12.063575251752342,170.54446679765496
1724949875528302414,0,-0.9485828913717378,-1.0317084058410382,11.488695785047833,83.11443967256238,15.019507644268783,-169.11936644546327
1724949875696093507,0,-0.916835721255288,-0.9818046521785246,11.005157334104078,85.32296186710764,-0.7743031826557387,156.03143837838988
1724949875696093507,682,-1.03067848695971,-1.0410078318461875,11.853146186609571,78.64440887063769,25.059402455948362,169.27580091468832
1724949875696093507,272,-0.9796924291115292,-1.0246078083415595,11.43652759759063,81.75434134820712,25.63290627824385,176.7668343620488
1724949875844077465,682,-1.018870954937075,-1.0884393192811472,12.126613822350683,84.25563021917257,18.30760180563736,-177.68730153123047
1724949875844077465,272,-0.9666815055581891,-1.0784333106031694,11.747802603020391,83.49963159822482,-7.705662568217761,172.96077690007874
1724949875844077465,0,-0.9455427100848104,-1.0528883549515593,11.5065644473235,82.71462966436043,2.47208311937117,166.65114438444354
1724949875993612309,0,-0.9655994933027556,-1.108884459559318,11.85592977275391,83.35462320748758,2.2509770235139888,173.91752422431716
1724949875993612309,682,-1.0250171756368591,-1.1190695067754675,12.147062042975932,81.41929304933801,16.170668535275453,168.4330196019562
1724949875993612309,272,-0.9157056308243385,-1.0471958220647497,10.97941902341343,84.73375035612754,-0.06425901115151303,152.501943264311
1724949876128219861,0,-0.9906507576986348,-1.1391149107114842,11.7864515358228,78.54917832793994,29.558732015937217,169.46616110423068
1724949876128219861,682,-0.9595863628604846,-1.032158943681058,11.163861122180439,86.44222336224159,14.121277117240867,-164.1909135970451
1724949876128219861,272,-0.9597775097840172,-1.0656595664985802,11.444211603245394,81.02788471754917,4.385881992724045,161.57320468840717
1724949876281668455,0,-0.9399283231459266,-1.0647511794888223,11.43946102029577,82.55675206677029,5.340719065935893,164.17351593116152
1724949876281668455,682,-0.9722037221354227,-1.0508852372057707,11.536266915865825,88.18323328764613,-7.5188484306244225,160.67533192430835
1724949876281668455,272,-0.9593764024025555,-1.0732522551656958,11.56814336321573,83.97422954964011,-3.514839549399751,177.93996343287574
1724949876430916736,272,-0.9152776948594727,-1.0643420072248189,11.19700263980429,82.64537240397918,4.771289281274227,161.800600779436
1724949876430916736,0,-0.9445165658498702,-1.0968869095564575,11.62725241747046,82.8233977323928,-1.1146072804140794,172.7856071009092
1724949876430916736,682,-1.01603518184208,-1.1257222387152366,12.186017457738544,80.71057296154157,21.521731927542195,174.74186865277318
1724949876565354809,0,-0.9064116773778629,-1.0662648908735568,11.197600890630348,84.40804724430981,17.516666519548636,-167.78317468821834
1724949876565354809,682,-0.9613137872863095,-1.0573375578717885,11.448402423008563,81.9336504960826,2.0869045140632005,-169.64063294636856
1724949876565354809,272,-0.9427335030613035,-1.0757105965147444,11.46835353681542,81.97445073113684,-14.80824702831888,-176.89875642204447
1724949876696575382,0,-0.9375925667627951,-1.0834419165516542,11.436363869877466,82.4438845660185,-9.032303406708081,178.23398692136325
1724949876696575382,682,-0.9742811696686069,-1.067630301586762,11.547106669848965,80.37550660386049,26.142198173813846,177.70812888655914
1724949876696575382,272,-0.9366608446896113,-1.0695991739081736,11.376372246424127,81.17236613474148,9.558568992740975,163.266516416416
1724949876838237986,0,-0.9114629862694161,-1.0851479605473675,11.410455173451464,83.24911161347315,14.849634035119413,-171.01127201883162
1724949876838237986,682,-0.9629267472242766,-1.056233288596836,11.456288418569757,78.10965964897095,21.66800250434216,164.8193558366156
1724949876838237986,272,-0.9792527363939091,-1.112641816548101,11.774028805177467,82.2648652557238,8.782030081877872,175.8262218422266
1724949876991377986,0,-0.9430278512842474,-1.098557831655634,11.464911350690901,81.99985720681957,-0.34253440344600655,-179.80607706792279
1724949876991377986,682,-0.9451978791367959,-1.0357359808143576,11.203822513750769,85.29915757425367,11.922771976426164,-169.2554742898607
1724949876991377986,272,-0.937951825053521,-1.0714485192830185,11.352109890551352,80.81303178467614,17.50218060967815,170.76544597641893
1724949877085483455,682,-0.9787918177839318,-1.056976731193981,11.185901564097488,81.63831339070434,7.528507199945458,-166.35934592192064
1724949877085483455,272,-0.979749333940448,-1.0952821152491528,11.36838101404841,81.50685514587809,-7.145182116426642,-176.16809018262177
1724949877085483455,0,-0.9518912157974809,-1.0939208950653048,11.172305986162126,84.53653770568371,-11.673740158002378,170.7601427298517
1724949877173156892,0,-0.9679372759686706,-1.100557475537434,11.227417005339417,82.81245114001483,-14.366852721207673,177.91892479378214
1724949877173156892,682,-0.9435289375279197,-1.010311856747766,10.69312434637943,86.52733133242312,0.256570110304635,151.98758873254422
1724949877173156892,272,-0.9749362668269796,-1.072693906554437,11.278063149315765,83.15772485751023,-7.679304446240996,172.2717608606153
1724949877323959809,0,-0.9648369915193851,-1.070108478080003,11.33308111390808,82.61700867559004,16.386473566919936,-176.9000429511836
1724949877323959809,682,-1.0006301236270936,-1.040214471091416,11.331196937584632,85.77017042156348,-11.014327980923953,174.02864242376845
1724949877323959809,272,-0.9664820700078576,-1.0482906572543904,11.182535133969076,80.11537128120797,17.431269636814886,170.6255385035987
1724949877463915017,0,-0.918413891569864,-1.0327205749799238,10.804939449918361,84.36014095427274,19.547714417020003,-167.02537836724954
1724949877463915017,682,-0.9988881257140914,-1.0329157648206493,11.09616971635186,80.67156336011841,-16.824417417936356,-174.37958729299527
1724949877463915017,272,-0.9839065554406453,-1.047141812587349,11.015164003122722,86.64992191499302,-12.317832202028361,159.76844658854384
1724949877603632309,0,-1.0122049764063077,-1.0903467968295315,11.342426137597093,80.97447163325691,25.049176999242032,177.6895588659693
1724949877603632309,682,-1.0147920304829328,-1.0192716452787625,10.939912069093197,81.86223274647246,17.859562022571346,-178.73083592271104
1724949877603632309,272,-0.9964971346451368,-1.0358248023118275,11.022597749356313,79.4285891110469,17.131869390790392,170.16549323894714
1724949877744947413,682,-0.9559047748732817,-0.9268925526660666,10.279173629870229,85.95548014381174,-6.072289370436465,150.5456344390462
1724949877744947413,272,-0.9946374038435133,-0.9962172389961386,10.972978741702102,76.97783481443324,29.166776750645628,169.0945805204833
1724949877744947413,0,-1.0131430001517674,-1.0463296670846567,11.10465916745062,82.47223368096503,-2.9004837247913775,175.49997134669348
1724949877882076319,0,-0.9967003425493512,-0.9974004929388386,10.840357876652845,80.68912908944138,2.002319074245774,-170.739101259366
1724949877882076319,682,-1.0264670465430368,-0.9831432044736051,10.960008064022423,82.51880788210858,22.832993680587336,-172.328464569011
1724949877882076319,272,-1.0217038348411096,-1.0250483779353128,11.186708973414776,81.88843638758992,3.2001226811224295,173.31744505687948
1724949878013126579,0,-0.9922035044877888,-1.0697773962370904,11.311925164142497,82.23999369169648,24.933994931652727,-179.55549251305303
1724949878013126579,272,-0.9863346254705903,-1.0190528225453928,10.939683955745302,82.15904969319786,-2.664013409986885,-176.6888516476834
1724949878013126579,682,-1.019157491563164,-1.0176562823495117,11.126726213084845,80.33453108644889,6.801136440543741,158.9074535480591
1724949878163051996,0,-0.9895838743992722,-1.0413041703471793,11.007429157444179,82.80107770508882,-0.4520973172179713,171.7326874644309
1724949878163051996,682,-1.0421293964814686,-1.031472834302239,11.243989172661612,82.73549036807208,-6.0078409163807445,-179.8128128823391
1724949878163051996,272,-1.0046026723201034,-1.0450020327722147,11.073961472763187,82.65033202970606,-8.57577645644152,179.29574884363498
1724949878314088715,0,-0.9977285589083839,-1.0250934705561696,10.806675809927444,84.97832441851547,-6.005597098056872,165.38084791004127
1724949878314088715,682,-1.0528985840394696,-1.014047942212339,10.960879740022111,80.20439563741314,-4.578904751591444,-172.6494618198797
1724949878314088715,272,-1.0377405345302757,-1.0362227442810843,10.954535485334246,84.70379912443103,-5.76812131545166,166.55857176599466
1724949878466835537,0,-1.0703382119379152,-1.1105227357446585,11.560906921840767,83.17301506781287,4.159057583923715,174.99889824119154
1724949878466835537,682,-1.0000838347784602,-0.9648427130265647,10.38405534957374,80.85794628375083,7.496707425031947,147.85607155901334
1724949878466835537,272,-1.06440359158985,-1.0502300596463003,11.159355606231689,82.76193201740487,0.37849063704949054,172.09574908938288
1724949878616528194,0,-1.0233453476802243,-1.0330799834224025,10.806819148217388,82.65557823120534,14.188363857400685,-174.22160530142725
1724949878616528194,682,-1.0723630592834088,-1.0055702903733685,10.898421574319594,81.76388616031825,7.247332557091981,158.72726486567095
1724949878616528194,272,-1.0260090941358329,-1.0043725547858275,10.562724447622283,84.43767487813086,19.50828728759825,-173.3255469105135
1724949878749375954,272,-1.008868779308185,-1.0029576936110955,10.436595712286431,82.23144458717594,0.2630114496825905,-172.13717663969285
1724949878749375954,0,-1.0162578106268862,-0.9811308232379472,10.509778025755738,82.2266666921959,6.3554807138808815,158.7897489558046
1724949878894882985,0,-1.0320571770740012,-1.071914978852192,10.920335624996593,83.63715165042755,-5.154684108176067,173.12777020749093
1724949878894882985,682,-1.051902429551689,-1.036488163234209,10.875042626978404,85.35372922742336,-1.8049396867442755,158.65015635574164
1724949878894882985,272,-1.0277212674336564,-1.0504070935066347,10.807485839970987,82.86308858535881,-7.98806740978095,178.909871029729
1724949879027343871,682,-1.052735630261457,-0.9762467239453266,10.628296003170943,86.45811248634381,-13.606362206623931,165.31166759717215
1724949879027343871,272,-1.0419529238160132,-1.0101716040361317,10.807433197331408,82.88296047153747,-8.258298675582404,178.9150320522302
1724949879027343871,0,-1.042324219854623,-1.0147956289891866,10.751891519135667,80.41280206537121,14.384898044388903,166.40580964115796
1724949879192484548,682,-1.0373571041646898,-0.9348294648806146,10.360452184880998,87.02319004194354,-3.809264080820447,154.0332203312166
1724949879192484548,272,-1.0450224190519375,-0.9876113128217475,10.665403542413186,80.25425015328581,13.24719146547605,162.55382484397242
1724949879192484548,0,-1.0577355324915099,-1.0000024231570577,10.711645046063676,81.67333478931263,-4.7430146108113105,-174.35597529443677
1724949879330387725,0,-1.0228184235259674,-1.0014463874867046,10.606626518391124,85.25647944753351,-8.412966561937,169.01763086960764
1724949879330387725,682,-1.0132570060877248,-0.932428396316753,10.22864495693725,82.28485083113091,7.159822958974266,-161.15803372960286
1724949879330387725,272,-1.079076108067593,-1.031789774194505,11.073707756544476,83.3288627335377,3.7762597588388576,172.95319852916646
1724949879461272360,0,-1.0149714615104017,-1.0200815900469886,10.678343217413452,84.47950737423017,-11.375621419505741,174.76950577469566
1724949879461272360,682,-1.0376342902728952,-0.9830046574848169,10.693961762225069,85.94067085864104,-7.651682798797063,166.77020195266908
1724949879461272360,272,-0.9964943903565184,-0.9904288747148486,10.527541602826119,81.65791792027318,-15.703462643991896,-174.63546515948062
1724949879613686266,0,-1.0459885379416185,-1.0053012767392382,10.749241278841016,81.74776917123744,17.761937900674553,176.269385241967
1724949879613686266,682,-1.097658099793838,-0.9976581855214753,10.940533555809374,81.71341304341342,-6.282736648155781,179.31223273775456
1724949879613686266,272,-0.9808188204533177,-0.9389460021323303,9.955311004762406,83.67667607632865,7.076612909549996,-166.58244342750103
1724949879771440589,0,-1.0729393696781673,-1.0242890864454166,10.795817956761764,82.58782049907045,24.69819397111756,177.82554521716
1724949879771440589,682,-1.0327978519093683,-0.8978218084973089,9.98660647202577,82.60523950143836,5.4467844140989685,151.71094459591384
1724949879771440589,272,-1.0603202265625402,-0.9534841224208065,10.448707092125405,80.57166156508866,27.877684690465674,174.60491483964316
1724949879931572360,0,-1.0152192147509096,-0.9675826368959984,10.466643408190468,82.54187153399754,7.369540442549426,162.23435700211618
1724949879931572360,682,-1.0807383651301918,-0.9813852282785339,10.80184346390213,86.16287271604962,-10.791814109512885,173.29214623538894
1724949879931572360,272,-1.0274057393196963,-0.9781915472420397,10.416046696757402,86.07940149007784,-3.2588135480810467,157.89822454951735
1724949880083207099,0,-0.9968955997521779,-0.9726676801995134,10.55157083150323,83.42308489083042,15.98140343273669,-174.8147836071648
1724949880083207099,682,-1.0208217450585662,-0.924732581477325,10.424453690369253,87.79964680846835,-13.356903949533114,165.4585177180695
1724949880083207099,272,-1.0053594867603326,-0.9576655546438105,10.513928964986249,81.4702158809647,24.009048514563887,172.33390506161405
1724949880227317724,0,-1.0018893207841677,-0.9390316997780215,10.206568568177824,84.57857062153055,-0.5884730587985777,159.63712325256014
1724949880227317724,682,-1.0677138360647243,-0.9647794964323649,10.537638182958888,85.76626001639765,-21.332637747129993,177.03670168216286
1724949880227317724,272,-1.011115241191733,-0.9635831586293772,10.197644494786173,82.42275786954724,0.14178309383312448,-172.45818809048262
1724949880373688558,682,-1.062567280093201,-1.0004325015054614,10.578461448623976,80.20858573922632,-0.008386521314493346,-166.2156767538109
1724949880373688558,0,-0.9900794956474956,-1.0060156334408794,10.360691327075,84.48732925699333,18.840202244900684,-171.03355736206603
1724949880373688558,272,-1.0263718278963507,-1.0244674235493836,10.445283104662236,85.74241808859232,3.9454260594343777,173.28097013291358
1724949880506023714,0,-0.9832174838598534,-0.9565120273076897,10.198597405744012,83.96389880748815,2.335327010152702,160.52147461523924
1724949880506023714,682,-1.050904532608596,-0.9741986219446904,10.565383803476266,80.95440499666407,24.371840740027874,169.628555907477
1724949880506023714,272,-1.0155304805509118,-0.9936523119220912,10.427330067974344,83.74408589740891,3.4575090560257875,173.21404443561903
1724949880577812724,682,-1.0742631776440077,-0.975950376107573,10.664024426845513,81.8455749720082,8.038447941693631,-178.48547040908002
1724949880577812724,272,-1.0203604949784213,-0.9631380989597489,10.26883023305233,82.99081038926111,19.815563403487534,-179.70098713603457
1724949880577812724,0,-0.9660328983086781,-0.9264910803834341,9.951331291507804,85.9976237834609,-2.4039921939872713,158.99194915915248
1724949880688636995,682,-1.0526204466940376,-0.9739418854087984,10.440021819739215,83.9020028193708,2.096824484564066,165.73459298263214
1724949880688636995,272,-1.0025589177929881,-0.9726583722290871,10.114676075119498,81.63846793630476,-3.82464947409758,-170.596217117128
1724949880688636995,0,-1.023028560974812,-1.0013699760393535,10.350872099208676,84.69263678081374,-10.101816287828393,172.788456222093
1724949880830550172,682,-1.0474879492351643,-0.9851279180233764,10.56734402883031,83.63063521106565,25.401092134638212,177.67513235915803
1724949880830550172,272,-0.9772099264921545,-0.9793245791939936,10.12099306407951,81.59637631582576,7.558615186915621,155.1944027138767
1724949880830550172,0,-0.9793838980222209,-0.9618677671759149,10.101111077587165,82.24441183970721,5.9177218204882225,-172.01396580952058
1724949880976248505,0,-0.9392556083904907,-0.9661132934067713,9.953546152473052,85.40783628138625,0.7551566773613666,157.50313160065775
1724949880976248505,682,-1.0342834736115654,-1.0287353330120854,10.573140054829615,79.76868064072595,31.01309538880032,169.4257961967997
1724949880976248505,272,-0.9358425821699918,-0.9805952957728493,9.737411983526037,82.51983807726306,3.060355089398476,152.75611768630696
1724949881473110276,0,-0.9436599748568907,-0.9735376676013809,9.901034533908946,84.56506782399292,12.477405913068937,-165.0921165730285
1724949881473110276,682,-1.0483178586292863,-1.039339184660177,10.570316956070242,79.72002292745003,31.065589631969157,169.3394686535057
1724949881473110276,272,-0.9478969508677643,-0.998596009685802,9.753170345324945,83.32694896462525,1.557119371662432,151.13670857610884
1724949881604576734,0,-0.9229753403941265,-0.9757672662614469,9.74960728046917,88.63419302481158,-12.070300426525426,160.09628459590394
1724949881604576734,682,-1.029481150777485,-1.0209730850225487,10.431284977609124,82.52646086320287,-11.485116689924178,-177.7493830305155
1724949881604576734,272,-1.0189859748932037,-1.0410918824912814,10.410465833786251,83.85719883677388,6.834528143842645,175.0417933880967
1724949881737950692,0,-0.9444206717394497,-1.0184627392497945,10.125396103556117,86.42891236328737,-10.961360044654214,167.96794072555147
1724949881737950692,682,-0.9628554469474715,-0.9719067458561826,9.98725655126048,82.6212053625803,5.845545311882467,151.97928500989585
1724949881737950692,272,-0.9597802760977839,-1.0011285319092678,10.124969417303372,82.07537217841121,17.8801768221942,176.12394200779488
1724949881873721213,0,-0.9680959698054435,-1.0040753770840594,9.959681518393168,82.52787377994639,3.974912373430709,-168.8223277097775
1724949881873721213,682,-1.0352663157758721,-1.0347573237279064,10.419237433743614,84.84554036636321,-7.555427708437281,166.67460447153698
1724949881873721213,272,-1.0035378949537632,-1.0499700223239627,10.303322245734915,82.46765057686699,9.756034854470476,168.96983610883777
1724949882028464911,0,-0.9657137281874573,-1.0728993667424316,10.04785841695886,83.63586900624378,13.405153047709096,-171.36570786767246
1724949882028464911,682,-1.0223035895922399,-1.0704993528670566,10.276956346761882,86.7636292065799,-14.394001548789904,169.79968398506008
1724949882028464911,272,-1.0050105820464215,-1.0998439732720608,10.261212774700342,85.25748410728724,-6.5559559058181405,171.17065207133535
1724949882165136838,682,-1.0195855863362102,-1.059332663950637,10.17823400640364,81.49592175764275,-10.83051098524281,-178.1223112216499
1724949882165136838,272,-0.9806048264079142,-1.0637776410210589,9.937346965373965,83.4285417757201,4.862851757250317,161.59250412060055
1724949882165136838,0,-0.9725460925881431,-1.0715670315835677,10.043168283346233,85.43042405376481,-5.316158451630901,169.5194685618866
1724949882300949703,0,-0.9626188278960501,-1.052992221930279,9.858887461025372,84.42796095946024,14.228184913426654,-169.77811550924034
1724949882300949703,682,-1.045254737716777,-1.0823505624260354,10.261843277136284,84.44369406774177,-17.482479007966525,-179.891900472409
1724949882300949703,272,-0.9886780634959987,-1.0700302798121133,9.866778284288024,86.01795482204616,-5.478920517885438,158.97645166651927
1724949882441800900,682,-1.049941021712331,-1.0981622354371796,10.273351735094538,81.20696337498055,15.413624831525844,168.18643399889208
1724949882441800900,272,-1.0225936864902174,-1.1111718656201994,10.161390980178288,84.53693451045272,0.5438751531870486,165.21531908771547
1724949882568051265,682,-1.0645970268290927,-1.0826593236987672,10.150020659212064,86.76818288090477,-12.378681399393288,164.74955829205348
1724949882568051265,272,-0.985649732245063,-1.0610568446594486,9.72043861472677,80.93185683902887,9.857337665145891,159.32736152896035
1724949882712766005,0,-0.9874006029831411,-1.0291409679621963,9.749566353837954,84.73228002024177,1.3689828466762501,161.45316343081248
1724949882712766005,682,-1.069952193323107,-1.073554700324738,10.268771123799688,86.85501091048357,-14.443330766010252,169.51561909076761
1724949882712766005,272,-0.9989060118285298,-1.0557607190978902,9.809736402783301,82.82046952033386,4.948381306061439,161.2861147374829
1724949882852109338,0,-0.9768873965344391,-1.0485459779411528,9.853749640881903,85.48274350062279,-4.45152019571025,167.06410046822552
1724949882852109338,682,-1.0329739016233586,-1.0542005700181438,10.10260417677334,81.88882639598474,20.665311437216637,174.41596951131353
1724949882852109338,272,-1.002148462812203,-1.0669033245017943,9.989751844794746,83.72383699834938,-9.246492046720357,-177.29250682332173
1724949883000375327,0,-0.979738782639432,-1.0620298379808804,9.835252660276469,85.14009685115396,-5.02471410357575,169.51721430592417
1724949883000375327,682,-1.0311613763170642,-1.0419263599095732,10.018076969886556,83.6259881747977,7.909112361812552,-167.9221170961166
1724949883000375327,272,-1.0553178089091177,-1.1111901787299578,10.411096099441043,84.57335355374593,0.8114929362676644,172.01450980231903
1724949883143129546,0,-0.9881011305198808,-1.061566933586143,9.934456788378597,84.24985464374014,18.983546608108625,-173.10708661091752
1724949883143129546,682,-1.0431448816727207,-1.049978282077193,10.084861239868356,85.5989743247292,-13.637437785711121,176.96766015773565
1724949883143129546,272,-1.0055036943048752,-1.0626368987391577,9.87347836860374,84.2549194805334,-1.8380154263302906,176.21197875130784
1724949883274883765,682,-1.0863534886359494,-1.0684499134909033,10.226446392569072,84.06492569834661,-10.826757171810538,-178.54715968084258
1724949883274883765,272,-0.9915535507205704,-1.0228325937882337,9.493368945974916,83.63497884002906,13.749518181776358,-173.85673607704686
1724949883419944806,682,-1.0523526803781775,-1.0684901406739997,10.073678114166405,85.29136406697262,-9.631258670579063,172.7672671991941
1724949883419944806,272,-1.017856756407173,-1.0866597768778339,9.947416660559503,83.96210044674926,4.162420607568547,172.67216594029642
1724949883568656108,682,-0.9955804927337015,-0.9918231795377426,9.522582276991523,80.67777736136435,5.372893523818894,151.89644655679666
1724949883568656108,272,-0.9895143038479994,-1.0104379524834404,9.625364692040012,81.04042026157961,24.394715695907795,175.40192653950342
1724949883568656108,0,-0.9726435811205261,-1.0272556683942664,9.64526586613321,84.71513145084793,-2.2206847262388196,164.49034826099523
1724949883724280952,0,-1.0349647395139663,-1.0330887911541204,9.853167777420106,81.0847698184654,15.209620006767693,175.03766362493786
1724949883724280952,682,-1.0523761771201197,-0.9917881262612888,9.747935655472787,83.19121303304651,12.406994705710353,-171.865900809707
1724949883724280952,272,-1.0296888702546576,-1.0170504621542564,9.735003332641588,83.08523246914781,-1.7096250078137971,-178.63971255030918
1724949883825036890,0,-0.9985384172461544,-1.0122708797442996,9.656408504490615,83.74303504553076,-11.100878917085229,175.16978359941393
1724949883825036890,682,-1.033302494365689,-0.9993531289527811,9.791636541803788,82.5457779042553,7.7799512495153005,-168.51063530048313
1724949883825036890,272,-0.9884666689858943,-0.9957705767581261,9.507343611240696,81.66649675363888,0.9393213306507875,-173.53073050577834
1724949883938302723,0,-0.9143706276909013,-0.9262416602264086,9.212043080248524,83.11222965012722,12.280235710683836,-164.0481751016371
1724949883938302723,682,-1.0702647631861935,-1.0434793669924072,10.46878269718163,79.73912454057482,15.261045797314871,168.11977853590332
1724949883938302723,272,-0.9217947150580064,-0.9591456884785965,9.247223558976016,81.16989149577842,-3.024170499010827,-171.57009504469517
1724949884054937775,0,-0.9342062625786651,-0.9417321930179288,9.4965572237334,82.99438598048779,1.7302475141787024,163.71270548024282
1724949884054937775,682,-0.9957433573670698,-0.9483832331497407,9.784096989289356,82.46165956421979,8.496978929186229,-178.41973246572192
1724949884054937775,272,-0.9425324713923466,-0.9414946461453628,9.49988986323689,81.88083166480128,12.925389665456079,-177.3658515214322
1724949884197391577,0,-0.9499025207469435,-0.9701799290250318,9.814543744750118,81.64413940637797,14.297292089793299,174.8470366089802
1724949884197391577,682,-0.9822799225918737,-0.938924110918777,9.756310934802096,81.48970643097778,6.803212806421689,159.3996131819129
1724949884197391577,272,-0.9343348794083846,-0.9339854176467528,9.425997419216062,83.84851904709924,-0.8565579308097687,156.8611169172161
1724949884335152566,0,-0.885935914676524,-0.8918825153241569,9.216436537518119,82.34215401992542,9.448464219245283,-163.175290918626
1724949884335152566,682,-0.9748683590840184,-0.9406695748292759,9.807265431440886,87.24822133536472,-18.298173599843512,167.84688329407518
1724949884335152566,272,-0.8571767695460244,-0.8852495990213312,8.881255825942397,80.37889339365123,1.4353875383782575,-164.2801101279248
1724949884470306421,0,-0.8992779517400846,-0.9109620804434666,9.38537460804088,84.5303263190175,-3.261264833754572,163.25723562910719
1724949884470306421,682,-0.9889230431352208,-0.9594829808610535,10.040829982223126,80.22649433165563,14.776991093109626,168.48642106913368
1724949884470306421,272,-0.9132671061793607,-0.9270478271204232,9.410655770246033,80.67546982873114,9.024131483663385,159.4815240594289
1724949884610231629,0,-0.957247350530656,-0.9763923787568166,10.055593951102285,83.08972890146569,10.387321732084818,178.1981829167519
1724949884610231629,272,-0.9400974309035872,-0.8970586586443844,9.499824775620878,87.8945403856994,-22.06265615658659,165.8156527320089
1724949884610231629,682,-0.9353324696010117,-0.8771517943070133,9.345925660469938,81.37273485192938,0.38547306845714097,-167.20282569955742
1724949884748218556,682,-0.944512553736757,-0.8838633151087205,9.416864197576745,88.06950640818252,-11.37062534252062,160.87912627738035
1724949884748218556,272,-0.9401064207675788,-0.9190054398261621,9.614371794834323,82.25115269065945,-18.777262374765805,-178.5478833698476
1724949884748218556,0,-0.9391528681775758,-0.9340670776202757,9.524997659043402,82.1766622689828,-10.064767489014663,176.895621623769
1724949884884002150,0,-0.9287832885510512,-0.9313739123973276,9.507423142229584,81.4978779111187,-12.35588258043568,179.3654262472464
1724949884884002150,682,-0.8950727986808833,-0.8449815889853538,9.037588868995204,84.82251762330165,12.173616866453543,-161.66843658893328
1724949884884002150,272,-0.8979080816318182,-0.8913719761064935,9.342233474363743,76.33328840247997,19.36209404356822,157.7841179531648
1724949885017481577,682,-0.9692728004083677,-0.8778986427657974,9.63097252685345,82.74360350352318,-5.177508824295008,178.86917361552432
1724949885017481577,272,-0.9447702697640663,-0.8947912833306676,9.589569312787289,83.70797932003362,-12.540876202870395,172.38427826513959
1724949885017481577,0,-0.9111183130444006,-0.893735609014431,9.416822898847524,83.95288464895867,-7.569967782169485,169.5262187652765
1724949885156886629,0,-0.9369229611399383,-0.8660721679361508,9.175591838734734,83.9687167719354,-3.7217965219812608,161.4588081553181
1724949885156886629,682,-1.0056165405374777,-0.8836919429259025,9.512078661115389,81.27670818087867,-15.313346384417933,-176.37039408215034
1724949885156886629,272,-0.9653115281704557,-0.8880711748535257,9.26636926142119,81.37840367698503,8.61332239429814,-176.60231059252746
1724949885293489754,0,-0.9555363212470946,-0.8679162790242183,9.261333866742856,81.99239652414012,3.065947626128286,162.3591098038118
1724949885293489754,682,-1.036221128199729,-0.9037361472129599,9.763315236436439,81.9615048759822,-11.221066613460762,-178.4820307000033
1724949885293489754,272,-0.9280147116630669,-0.8557203519634775,8.913518903204082,81.55466545890086,5.206676393756174,-170.27406007205542
1724949885440411941,0,-0.9561740961780513,-0.8737767782840382,9.318321282975212,83.95655751180131,-11.706018140562772,169.46412405624346
1724949885440411941,682,-0.9881557142959099,-0.8415734611809019,9.334657894387364,80.00297735250172,2.649142823284332,-172.6278729878493
1724949885440411941,272,-1.015526311897972,-0.8943371887487213,9.68061994007544,82.12548255626909,2.8721111472615273,172.1359502966323
1724949885595081212,0,-0.9465684989706211,-0.8681248139372357,9.31518336511558,82.89742380237007,19.89089623022397,-170.6655429932651
1724949885595081212,682,-1.0034436005649705,-0.8484966753393384,9.365135893641378,73.5846151015953,20.348460957256986,153.96016521092855
1724949885595081212,272,-0.9298642440841149,-0.8339340901005428,8.7688378650083,83.25431981980631,14.08935063830907,-169.7989399877754
1724949885769828503,0,-0.9487085735473446,-0.8089168926043757,9.061475294109025,83.90994773017655,-1.9585819059313385,160.89195224432092
1724949885769828503,682,-1.0459158138167013,-0.8456576422239405,9.583293967834981,76.28015364364067,17.564210197073205,159.363249523381
1724949885769828503,272,-0.9417572056672683,-0.7971246385414549,8.721478417838153,82.4278243021387,11.756117270973318,-169.1928527688399
1724949885887847722,0,-0.9881179756497367,-0.8623029890198259,9.221058526967969,82.8498980448411,16.8859695815039,-170.49681430295013
1724949885887847722,682,-1.065492902894243,-0.8704608553330981,9.503379433313189,81.39868614594063,-15.508649200857247,-176.752365395556
1724949885887847722,272,-1.0270539697202468,-0.8769612793497894,9.235807040871443,84.62209078385807,-5.854648426126225,162.11548405665
1724949886035251628,0,-0.9974906252052884,-0.9236029562836139,9.284981191776632,81.59326503884886,-15.383777026008536,177.58445203462654
1724949886035251628,682,-0.9087766232014066,-0.7789484916768484,8.327104839787484,84.69374302977681,15.186269288554248,-157.91734893249605
1724949886035251628,272,-0.9800911627876036,-0.8681161304131697,9.203250007715338,76.86245713569284,25.24975252972583,167.07772840334906
1724949886183247618,682,-0.9810494731443655,-0.8789123362042164,9.361951004475472,80.58181817296908,7.353526053073254,-168.99716907333715
1724949886183247618,272,-0.9479032754202497,-0.8880188681579293,9.243255444610227,78.96085476061351,15.82726330640035,169.89225334482484
1724949886183247618,0,-0.9262373132345582,-0.8724015130011239,9.087381541957239,81.76617747243407,3.299523490302753,162.66334041883505
1724949886309763712,0,-0.9084846218885454,-0.8614930570693665,8.970776210203628,81.84659561918352,3.5874879129008628,159.8595030020584
1724949886309763712,682,-0.9662819449932781,-0.8833393023013872,9.305919507547932,80.74279395379641,29.737338121468174,175.16388267540975
1724949886309763712,272,-0.9385692265100452,-0.908973284210485,9.267032993614722,80.08289433948835,9.309085845158085,169.53450523356003
1724949886443412253,682,-0.9509821383832184,-0.9545886479431142,9.483607161938405,81.17837462986019,19.994484927697584,174.36726749408982
1724949886443412253,272,-0.8730210216039944,-0.9287817484486232,8.913426212800925,81.22169612672003,4.629167771812857,154.72804815333433
1724949886443412253,0,-0.8847216014693262,-0.9266711867735501,9.092209859440734,81.32450837257144,4.962012381923488,164.0416938267264
1724949886591490118,0,-0.9212030571720199,-1.0014252467054838,9.411007024734042,79.39351169425828,25.63929463659974,174.55003727216197
1724949886591490118,682,-0.9185525853069461,-0.9203411933256838,9.052883138315119,83.11634502226752,7.763594742841116,-168.71107546505215
1724949886591490118,272,-0.8992913347694966,-0.9372636882894955,9.099493734780046,78.0689566538456,24.500577021211267,172.74005224333663
1724949886749907045,682,-0.9464760873226862,-0.9163525197252587,9.220369057693002,76.82595242544761,18.06832014229511,160.04760086412836
1724949886749907045,272,-0.9025107388740987,-0.9296371143956305,9.015653560804015,82.78597933994804,3.5097248121066884,173.13672526650947
1724949886749907045,0,-0.8709157531818805,-0.9223883456035822,9.022095500316086,83.30634731230091,19.190313190135345,-168.6886690304165
1724949886893678451,682,-0.9027680112665423,-0.8802783190185877,8.959437854398278,82.40663705973539,14.054488591187944,-167.588521025685
1724949886893678451,272,-0.9088062717196213,-0.9179362172069861,9.262968314002542,82.45494152761317,-15.836446970323138,176.46777007009584
1724949886893678451,0,-0.9064129435963948,-0.9477116740905833,9.29808841395412,79.35494168610671,18.706963842266802,174.4188775266142
1724949887055327253,682,-0.8728830843567621,-0.8709502681417735,8.722040486697672,84.31747795359226,17.791904524059127,-168.71723622940115
1724949887055327253,272,-0.8739927239201931,-0.9059564908792771,8.952309360810565,78.3971684162346,23.765209709854155,169.635438610732
1724949887055327253,0,-0.8900384554860672,-0.933204347742495,9.034714506738556,79.46686730177817,-2.147556877280781,-173.4876287936753
1724949887202392305,0,-0.8554623549154041,-0.903092070428078,8.952531180935186,83.79084976680723,-11.15619547708876,171.08263350379457
1724949887202392305,682,-0.8161300533117382,-0.7956884371947761,8.251294091369607,81.90841707947853,5.847825021569191,-156.58796836359735
1724949887202392305,272,-0.8581983918966195,-0.8582131516846917,8.836664236351131,79.401539400233,28.616818174910676,173.6537668766277
1724949887312031888,0,-0.8545786517508811,-0.8786480214184275,9.19126373054317,80.96130991370205,9.121272255718884,-179.16798723720163
1724949887312031888,682,-0.8831915834317927,-0.852244583625773,9.175026154380529,85.90508000760131,-12.185993263096794,165.82069660567691
1724949887312031888,272,-0.8193420534450816,-0.8476884958340225,8.820319427093189,78.02695642937358,14.168394824261897,159.76387077754424
1724949887404553763,0,-0.804463162852815,-0.8240081406129098,8.799260816029925,82.09552591399519,2.2710759872743376,161.47479274058307
1724949887404553763,682,-0.9013573314164139,-0.8808205259593678,9.548680543083897,81.43035380516564,7.505344376382061,170.861486425405
1724949887404553763,272,-0.8367442104045707,-0.8466943228577621,8.968511271173988,84.04989724114792,-5.332546244304578,162.79232093756855
1724949887539446315,272,-0.8533322752406675,-0.8557565400810456,9.174315055429403,82.54472892479174,-9.64158877151139,174.7001309032706
1724949887539446315,0,-0.826938820555366,-0.8631819217262761,9.01845378558127,82.94184104681372,-10.45036556261289,175.92154439944645
1724949887539446315,682,-0.8341767296590166,-0.8167243310003863,8.844327268259713,82.86813700320887,11.405849143289359,-171.3637068911364
1724949887688560430,682,-0.8235845079873454,-0.8055341891632603,8.606014298465368,79.11430913138665,8.290260532669544,155.29576941532216
1724949887688560430,272,-0.8572560752089924,-0.8583355981801871,9.04572368161882,86.10934954881937,-20.933263285778867,168.99375470332708
1724949887688560430,0,-0.8230844526113376,-0.8778336677506842,8.960566455765846,83.70345154121846,-11.291547822218849,171.51647149902405
1724949887831822773,0,-0.8493691888206119,-0.8663517285786219,8.814685943415927,78.68773642380143,13.557076189393214,160.99040096022645
1724949887831822773,682,-0.8765527739781289,-0.8567784852199839,8.872985970965454,81.04354220664175,30.662354616301293,-179.68307947681978
1724949887831822773,272,-0.8097520824069772,-0.8507980715310308,8.53024740184501,80.56651182623065,-1.4352435887834876,-168.66546675707272
1724949887977760846,0,-0.8707329008230962,-0.8898398274655792,9.072099780482645,81.17373391167084,8.587597440672596,175.10498133334548
1724949887977760846,682,-0.9357876697983576,-0.8964620099636681,9.350009041461677,80.49401878304002,8.451537471059682,-178.55465131459107
1724949887977760846,272,-0.8142236409095478,-0.8372453126823292,8.409509227143191,82.03812714679744,5.3553024847165425,-170.24163045616913
1724949888113775482,682,-0.9105537686526572,-0.8391928123994398,9.039408475781155,82.54526773160639,-10.275270820969974,-178.51441362934023
1724949888113775482,272,-0.8471228593201029,-0.8267965478349301,8.65206214238152,81.9740376265353,3.0174383114357792,173.65957876882894
1724949888113775482,0,-0.8497541536733305,-0.8333181032620658,8.796540596143727,84.03443821091413,-6.627406991534479,169.24021791253725
1724949888250305482,0,-0.865638456063625,-0.8586367761621495,8.866216905294026,83.5135479558876,-4.955545672002811,170.30255606950396
1724949888250305482,682,-0.9126409768624277,-0.8384752012289395,9.000319005190908,80.84578229707292,8.240688526182819,-178.60762985568041
1724949888250305482,272,-0.8854479465058636,-0.8550328677552688,8.870624506293089,84.12976557993957,-5.0124521562628725,166.55160073077522
1724949888385168086,682,-0.9441102370907046,-0.9126832071174771,9.036019321166593,82.97435885096148,8.862978087553854,-178.49831162228315
1724949888385168086,272,-0.9076122926853459,-0.9247204109053728,8.908677146090357,81.76894466809723,-10.07259572423579,178.9520016334213
1724949888522289023,0,-0.8941261484657886,-0.864070019534334,8.666021535184498,80.410142012256,11.593337734485155,162.56208371939314
1724949888522289023,682,-0.9271074307463251,-0.8614749124808743,8.761943909482616,85.87208388716049,-21.00419800536239,173.8285148514691
1724949888522289023,272,-0.833149917603439,-0.8360318907687114,8.076175825393827,81.57658427558289,3.015698537953831,-164.68416518437002
1724949888659325846,0,-0.9392201538797412,-0.9272243245368361,9.067122751780621,82.13824941904436,4.019210715648643,174.27315646684823
1724949888659325846,682,-0.9229408172430816,-0.8436502614577899,8.53100245579757,81.72262424538168,4.712508553014944,-166.243718291382
1724949888659325846,272,-0.9091785644952018,-0.8618661304088755,8.628567103383105,80.17090036994468,24.755730723214064,175.808656716564
1724949888791495481,682,-0.9436589192098268,-0.9015849419105262,8.575077155906438,85.37127425052837,25.642321038338405,-173.38466754047417
1724949888791495481,272,-0.8920389515740357,-0.9027730600362769,8.450835171181188,75.56108959704613,21.469787854459256,158.96816145367507
1724949888928372044,682,-0.9145084234604334,-0.880341528383875,8.169402693409898,84.73612680751394,15.782124370743048,-165.10224217605264
1724949888928372044,272,-0.9505383787757011,-0.950422680558133,8.756946442279261,82.62379425746123,-15.540963759603112,178.67137285717178
1724949889064803085,682,-0.9453978058004417,-0.8714704012574479,8.397642814471327,89.52504815515286,-9.729317888576944,156.73647011466704
1724949889064803085,272,-0.9506819855667806,-0.9262703749528407,8.65223306066111,80.11190239716245,12.474487412786376,163.1820012206581
1724949889226892096,682,-1.0322074781341568,-0.9750379575481011,8.962217187851058,80.9705043576647,6.263192462173468,171.54860036893595
1724949889226892096,272,-0.9992543408700841,-0.9858675733960509,8.827698508489195,83.6617870651931,6.484570193309796,172.1124525651232
1724949889384478971,682,-0.9657204459929778,-0.96460981060474,8.669083533916348,83.83049355872856,12.810767083109074,-172.51532840027937
1724949889384478971,272,-0.9216121321045951,-0.9692589930806019,8.5320724080106,82.85111858682946,-10.0568819875374,-175.72806151313299
1724949889527952460,682,-0.9419109882350055,-0.9860622693451744,8.64430819201775,89.89639886492425,-13.944703026877551,163.5689049902691
1724949889527952460,272,-0.8506809316089277,-0.9627256077174298,8.110386845446072,78.74399014919044,11.747631491480533,148.655506787402
1724949889678133762,682,-0.9436341341701785,-1.0068500772704543,8.60027081110845,81.42844880703208,-16.082612947786863,-175.83377637226727
1724949889678133762,272,-0.8712502842509371,-0.9947716785679357,8.191282079787898,84.90609158231112,4.651123681929336,172.45197549836922
1724949889822419960,682,-0.9178107320523884,-0.983760754537095,8.5612856567759,88.93962999296087,-15.402594676692498,167.3565207621997
1724949889822419960,272,-0.8634783498452547,-0.9923087129255621,8.349042745726075,80.53058305323086,12.693912277408625,157.51109431592607
1724949889969440273,682,-0.9515656770853899,-1.0437075410138483,8.782313918016273,81.00790874197769,23.757202776799186,169.88075317664857
1724949889969440273,272,-0.8825273562360294,-1.0191187328350446,8.283082401108098,85.81462005373905,-0.6640824051028916,154.93688217479206
1724949890143278033,682,-0.8646855721558319,-1.010246407688207,8.532637339060033,85.0717429989861,3.1574857148204907,165.28800097388248
1724949890143278033,272,-0.8952621800653875,-1.0667248948848456,8.82313703394633,86.4441932374201,-6.829740661248575,169.5357017770959
1724949890299568658,682,-0.8478689166304507,-1.015673546961744,8.390857637870296,82.84509078646037,6.278638507327198,-165.95390691758556
1724949890299568658,272,-0.8352635904175318,-1.0451098506726206,8.493647019329782,83.12648695280042,4.551203112760315,172.4514904415694
1724949890421790741,272,-0.8290502958892338,-0.8802768776761605,8.149619705518937,86.53590838558935,-2.328721089405953,153.52676371397743
1724949890421790741,682,-0.8720492549631764,-0.883944881152821,8.501973112179149,77.27518843398813,26.806538742750444,161.34573076638256
1724949890553607616,682,-0.8020123786428205,-0.9463248444009611,8.244327203150052,83.2186313620895,3.7076884572901565,-162.63108309003377
1724949890553607616,272,-0.8194353561045047,-0.9909777676322018,8.524963665314448,87.34640080198375,-16.22155710407053,167.73067960623453
1724949890696385324,682,-0.8324167544508768,-1.086086269585434,8.639629193255498,83.09336724867408,20.493219434856353,175.5847557559291
1724949890696385324,272,-0.7987039542228863,-1.082366837432481,8.47113575987255,84.00342288213909,-4.726520125448816,170.19641630539897
1724949890797115168,682,-0.8844787724686874,-1.043192674343626,8.980052796441152,81.40859659026016,8.092792242646084,170.2641376475106
1724949890797115168,272,-0.8075448359336774,-0.9915870097404598,8.354701042606113,84.3433730784039,4.395788489708254,172.79195117662437
1724949890898461574,682,-0.7891477789901912,-0.9722811285173398,8.263270793383759,89.2938555608208,-8.514011385847782,161.40132642862335
1724949890898461574,272,-0.7793230602487062,-1.0107729580747238,8.398672874380875,81.4863910891472,14.069018684079044,167.7955642871585
1724949891027462251,682,-0.7921380247968208,-1.0778471188142817,8.595155298159293,83.41373191874769,-1.5891174519637767,178.18891044869065
1724949891027462251,272,-0.7119257866415761,-1.0279141628102617,7.945912459135478,81.48955816537682,6.803360353844189,153.79519464697074
1724949891177866470,682,-0.8139233311915229,-0.9471320759006489,8.26292757266219,89.33578377204951,-8.709120279109664,161.2777937807382
1724949891177866470,272,-0.7291678885969687,-0.922392546680827,7.708254515663763,80.8765927965394,-3.803721312856354,-164.91188401806863
1724949891341017564,682,-0.6848560717198808,-0.9205232665716675,7.910045556626919,85.2019057491449,16.23662795303174,-163.6843730245103
1724949891341017564,272,-0.6938775759500462,-0.9815290958881773,8.364600028079712,84.10504941813831,-19.485551310932742,178.88047856428477
1724949891464082824,682,-0.6770882660778988,-0.9738749113100541,8.144727586155016,79.56083875814738,11.144469269734376,152.54516858690207
1724949891464082824,272,-0.6452057390050595,-0.9812705303564357,7.995588099365191,83.71119669548021,21.172642688971255,-176.2784996848117
1724949891602231157,682,-0.6845075788520457,-1.0882333467250476,8.109769802544655,83.81644540534397,10.229636324394987,-168.14463868026945
1724949891602231157,272,-0.6704899953807628,-1.116956788366937,8.195108723290314,78.91420452612077,24.68791966008202,167.72983705591642
1724949891734373293,272,-0.6967528384605718,-1.1325877766062975,8.108294075889104,80.56866099409116,25.261294479152532,174.1966179560347
1724949891734373293,682,-0.7464932604871853,-1.1721149469891792,8.451362822973485,84.89490220576083,-5.59252977752562,172.62231237855
1724949891886409595,682,-0.6928095925495434,-0.976792576771268,8.304134669193813,81.16667898090373,13.258951555628427,162.40363053412878
1724949891886409595,272,-0.662763058592364,-0.9944613933307005,8.20486798092426,81.35590109734721,17.166249651789155,176.83529808932025
1724949892040150688,682,-0.7320244581363138,-1.0060150614813452,8.3529425480187,81.5402956530262,7.688055718980338,171.9394812266539
1724949892040150688,272,-0.6953787545803853,-1.0011134045057122,8.085204547968225,81.71117629231249,25.355073975490377,177.46549241333295
1724949892195666313,682,-0.7406079233886889,-1.1610565428838604,8.45019584389544,79.52590687657077,24.006835592842492,170.82030317775997
1724949892195666313,272,-0.6587756868182393,-1.1016135366870476,7.734658991303472,83.07209781622774,15.679302522139416,-171.44944758259192
1724949892360604855,682,-0.7126890022677307,-1.1280733207333937,8.357397369758075,77.306096170511,24.637765509876996,164.06293824866847
1724949892360604855,272,-0.6765783923905858,-1.1393163125014885,8.205881559866846,82.55639053687958,4.009724741908304,171.3399248007664
1724949892503190792,682,-0.6900717237623727,-0.972507105290994,7.75948094037346,84.2360472005263,16.806873887768152,-164.22578603796126
1724949892503190792,272,-0.696869825272349,-1.0339003396793185,8.167253147365555,79.70497646511203,-8.532321928168393,-174.88855265675144
1724949892635048553,272,-0.7262348455912657,-0.8804065103720826,8.191798461262788,83.00000680944872,-15.685993414893332,174.5639091917649
1724949892635048553,682,-0.7035327837465266,-0.8244837185360049,7.73431973510644,86.1173669332772,-3.7593128173428325,153.41955254149667
1724949892766754230,682,-0.7680923105906928,-0.8406209411115396,8.2776422468914,79.98553818786121,13.501209267658432,169.62073471826886
1724949892766754230,272,-0.7458336159022336,-0.8668172342283125,8.174262475623964,81.86970423200323,3.585283140607328,172.87389347059184
1724949892926270949,682,-0.7746456402965289,-0.8938526357780067,8.021661220007802,80.39760906026892,12.784514987832276,-172.44272252453894
1724949892926270949,272,-0.7571105410282454,-0.9028340320177104,8.01331119682571,82.22341576477848,-15.462766549726041,174.23359000164677
1724949893084745376,682,-0.8261791402536989,-0.9285025362656607,8.336112304661395,80.22892751747078,6.170809788924824,172.08653691703807
1724949893084745376,272,-0.7565637154106208,-0.8892458042867836,7.799585370203408,80.07018095438539,18.39808241706261,179.03994672430508
1724949893227481105,272,-0.7398035353775769,-0.8960177735806968,7.905075985993077,74.97659394169752,27.973314152599492,166.1370946823599
1724949893227481105,682,-0.7077361141442531,-0.8235601419127814,7.30339704940712,82.86849789702094,14.084808246113376,-157.80566950592498
1724949893359808136,682,-0.7961241022658484,-0.8761457362455811,8.057446627412046,85.52199416855639,-10.187995784747113,165.84403913732848
1724949893359808136,272,-0.7354383918429677,-0.8741590388115235,7.727578553286699,77.59519684381189,-6.820425215867933,-171.2976724454887
1724949893496960428,682,-0.8557067554993038,-0.8761554739433198,8.1345870156973,78.45997139042689,28.487537887055648,174.62949295097812
1724949893496960428,272,-0.7745912702784824,-0.8414684199209581,7.547234715755513,78.56045565195306,4.787137648902704,153.43574747031687
1724949893650530792,682,-0.8570769535690632,-0.8667918538882179,8.0410014844837,79.91649367545932,-14.738104229449357,179.14167895534283
1724949893650530792,272,-0.7656661571911921,-0.841184475712616,7.465316948519185,79.02102950520549,1.6320832853807066,-169.830402589029
1724949893799984229,682,-0.8525679015356189,-0.8668158776887572,7.991261926425095,71.90987054171498,23.691078382037315,157.304128211822
1724949893799984229,272,-0.7778663943029775,-0.8378602724569657,7.379068805338616,81.5568177726264,20.0901692442335,-170.93340371264327
1724949893944507615,682,-0.8095366447815545,-0.8347818553335462,7.746211254097678,88.29616942964054,-16.665634252931937,163.3831898727326
1724949893944507615,272,-0.7575347695298531,-0.832170925833325,7.509772018771926,75.06061297724861,10.862028913073539,151.20652842527142
1724949894082121677,682,-0.8125626504644079,-0.8085660777958458,7.728157342444996,80.53055319845933,31.135508136215314,-176.60821217853254
1724949894082121677,272,-0.7570327280094673,-0.8035839250352406,7.50572598397663,75.92715587499362,8.778018732790157,152.98267071205356
1724949894216839177,682,-0.8688538392314645,-0.8237696917419594,7.999724911886706,77.04384474376171,29.863374077878127,171.23935578553247
1724949894216839177,272,-0.7704602944835118,-0.788519849221945,7.381927405328323,76.12071998408047,8.708067802977906,152.98942732128546
1724949894294411469,682,-0.8700540300157819,-0.8595093198285196,7.817224190294404,84.07904988760987,-11.823969917866439,169.28786680014923
1724949894294411469,272,-0.8369590751922109,-0.8698504328533249,7.7126171558225725,80.21734470940294,-10.347266167010172,-178.9145662183242
1724949894412945479,682,-0.9023891087447594,-0.8958910489610349,7.835897412857755,77.601475419901,17.472444156315728,160.84497156362963
1724949894412945479,272,-0.8535778793690968,-0.9017980295242176,7.620109752528381,79.62711962564211,-0.25101754518929564,178.7298198108394
1724949894559619125,682,-0.9467455032929383,-0.9024987094541379,8.03736153097867,78.8372933146509,6.7641845160612215,169.34813004690534
1724949894559619125,272,-0.8549358965421885,-0.8553831088606317,7.3153713621528675,80.70497457451255,15.872998842960296,-174.99802148913298
1724949894707230062,682,-0.8516675660687936,-0.7737346101765785,7.289887899479683,81.89837168890664,12.805997838650722,-165.42753087032125
1724949894707230062,272,-0.8761655255235381,-0.8329001581189667,7.674720564454681,81.43899367806026,-10.90036022239939,174.7310584147026
1724949894827466365,682,-0.9080608984963865,-0.8726968031901511,7.694439093527536,82.98636645874855,-7.56769331957118,171.1086384569394
1724949894827466365,272,-0.8475982035284697,-0.8655872354618712,7.4373556674855585,75.84482933261455,16.431871230586147,161.1322946533794
1724949894965502510,682,-0.882252406011301,-0.8770614917301797,7.447131525940874,86.8406310179019,-16.261838554815395,162.7516819727509
1724949894965502510,272,-0.8511393612612037,-0.8821750222960847,7.428015656672522,74.6473798288724,21.299422238523984,160.69670288777132
1724949895120451416,682,-0.933902080447303,-0.907268441170908,7.838694543485077,83.76741759223627,-7.328573050916898,171.2051581323381
1724949895120451416,272,-0.8513226037809296,-0.8708202466631387,7.341205262571855,79.0481708104877,6.1834113224457266,156.04140178494114
1724949895257995010,682,-0.8804832304534826,-0.8656630461142109,7.609595968890088,77.8413740336069,32.32536463555855,172.80339720091524
1724949895257995010,272,-0.7951781079127243,-0.8449980676179691,7.053749856657477,80.76771639049056,6.280637153198646,-169.99937167882925
1724949895402045948,682,-0.838640304206006,-0.8574902807935116,7.458467887933432,77.43073579554047,21.635076131939165,169.59697229179372
1724949895402045948,272,-0.797846905928126,-0.8637432683337479,7.275026233033841,81.78035644677786,4.634753884903816,-174.34207518876397
1724949895541601625,272,-0.792196216670145,-0.8560472619425177,7.520665090058867,84.60691460015069,-21.111621552751355,174.64886314583438
1724949895541601625,682,-0.7484371601914135,-0.7794713849448812,6.967136232728271,83.63455894858762,1.4000451128703304,150.13302736732427
1724949895677846625,682,-0.7987482931513781,-0.8358316021432693,7.518688798557663,83.34954606951938,-0.7710409312777775,-175.580407168349
1724949895677846625,272,-0.7769801117051984,-0.8571518894094845,7.42865605845457,82.7791868016691,-0.4814475456441851,170.8423021540497
1724949895813898187,682,-0.7873850632563233,-0.8266936578207658,7.341121120036024,84.428108417655,-10.873412296416555,169.4551707683362
1724949895813898187,272,-0.77369655948987,-0.8461671718666418,7.284673626502385,85.3006917001674,-7.054328451581167,162.86933727684985
1724949895947711260,272,-0.7200832403204427,-0.8282896473855594,7.039872008359757,78.30328000605446,10.949523990596468,155.9550290588918
1724949895947711260,682,-0.8055916348663008,-0.8621037720622886,7.528681193961396,80.8171318346667,25.20265142515516,173.33434905717309
1724949896081528708,682,-0.7682379985935798,-0.8102900788631819,7.185955126584123,82.17127227206183,12.469522590275078,-173.1524557725511
1724949896081528708,272,-0.762289937316455,-0.8405760684073957,7.303374512899946,84.16946544253149,-9.913537186682642,171.1061011467512
1724949896214905739,682,-0.7628306962681022,-0.8537467625323647,7.129721988569436,80.3594407319726,13.063222179878286,157.63400400738203
1724949896214905739,272,-0.7675086920539781,-0.9010134027009327,7.289541970916078,83.03293813473954,4.805112268897824,172.1722837841067
1724949896351505999,682,-0.7560543427366018,-0.8815830178668538,7.10357277250254,83.2729814356831,11.95216448789223,-167.49391725423186
1724949896351505999,272,-0.7157884064104949,-0.9006312906512832,7.008407513655992,81.7953304465286,-2.8008270995970515,-177.6237122585463
1724949896485733083,272,-0.6926641978415914,-1.0260248033737178,7.059699911855495,79.74342275776954,21.81998303690068,168.81251459206266
1724949896621371885,272,-0.7092177233381542,-1.0080593884151707,6.893336994615604,82.5485377737802,4.034319577391073,158.0989983965197
1724949896756342249,272,-0.7493592446181732,-0.8617820364336168,6.977555872924075,78.22921565503202,20.82926036677971,164.9432165424062
1724949896756342249,682,-0.7893351603967808,-0.8622533625421752,7.08130046249599,83.06899161674826,13.220136518827584,-173.44619667649025
1724949896907309385,682,-0.7866132156911504,-0.85443618521391,7.080201659709955,80.31815069908299,29.616603730311326,172.36992194255185
1724949896907309385,272,-0.7211401368525928,-0.8473500943669792,6.783173806607591,79.0949195034389,13.480013796515967,158.41641132826373
1724949897053627457,682,-0.7347660575819969,-0.8402693447084114,6.719062174867903,85.31655572743091,18.05248340591897,-170.50054026598403
1724949897053627457,272,-0.7424439815255222,-0.8751035606247669,6.991135361858697,84.7210644453847,-19.608960648891344,174.1332637760655
1724949897208417614,682,-0.7356001479232639,-0.8664454430632131,6.80345057404562,84.4096401933196,18.36227245089718,-170.45827913896437
1724949897208417614,272,-0.7431824504437142,-0.901540061591434,7.031587676889029,84.77278502667163,-16.135908916894962,175.42036965351645
1724949897388020009,682,-0.7071510381681723,-0.8578559286639328,6.71104922959829,83.09630808560561,9.58360069892744,-165.75075273885423
1724949897388020009,272,-0.7055667340625968,-0.9013630366121317,6.893621874151437,83.77293533659731,-6.245392741167817,172.54782478693252
1724949897515220947,682,-0.7179189227432151,-0.8233953915592375,6.709755096217722,83.07899599640518,9.435573822532927,-170.95210759086785
1724949897515220947,272,-0.7019216345860189,-0.8273687388364167,6.707582924651618,79.66149044275254,27.107201773003936,171.73003036143788
1724949897658253134,682,-0.7559972984596287,-0.8543489560377231,6.955717741990748,82.30480678185283,13.085911687573077,169.7826032377887
1724949897658253134,272,-0.7166299043642876,-0.8569147514662534,6.731251826817276,82.63520840671923,9.236149402466511,171.60888703958278
1724949897756576988,682,-0.7625837690625067,-0.8359958637270154,6.6779114096158425,83.39547831801505,13.379932120075932,-173.76703778566494
1724949897756576988,272,-0.7573647695787408,-0.8717910476218215,6.7574457606039235,85.1841403423585,-12.046585589696539,170.6757969475589
1724949897865072457,272,-0.7573752202927497,-0.8791224553291408,6.616246497861632,81.40637482700477,21.028561141482736,176.38010439530075
1724949897865072457,682,-0.7535739157364924,-0.84555240680686,6.488786964775432,82.85659471507334,6.383843723074224,154.78663458230602
1724949898002046676,682,-0.7750537074881139,-0.901452218638936,6.7723621726426675,81.49779258316809,3.9410210173133247,-178.59445135870232
1724949898002046676,272,-0.7250390363358407,-0.8863831999169662,6.470516980535619,83.10404758696431,18.083384702438508,-179.28572605471533
1724949898154159697,272,-0.7313518552446232,-0.8983944528281175,6.679225596492159,83.22358017059267,10.198326535284513,175.54195288187867
1724949898154159697,682,-0.6742408992224456,-0.7837108922136382,6.062879024952557,83.55384818408558,4.302581557572127,149.4232338152503
1724949898304028447,682,-0.7417791090051239,-0.8358513856092111,6.641720668386502,84.17913563392749,-8.248437617032607,174.93523858967967
1724949898304028447,272,-0.7016770585244774,-0.846802879685742,6.479245767613436,82.95961521095447,4.443342236577774,172.183636305831
1724949898456105842,682,-0.7372173719903423,-0.8188333774851636,6.5518793764186976,79.60522387988624,16.925161094535426,162.20515398710717
1724949898456105842,272,-0.7133417801957683,-0.8322248858081696,6.390085342436305,83.55573332320064,13.01734989654528,-176.6877416877574
1724949898603453655,682,-0.7402469215961974,-0.8270839359305537,6.478569661531919,74.47107313796296,25.73296057034577,157.90180914671583
1724949898603453655,272,-0.6820640248235909,-0.8227119206439129,6.1583241233121955,84.78318235596963,-1.070035536131035,152.4050807823771
1724949898759452717,682,-0.7195668975726187,-0.8464348926499512,6.655489552110762,82.09926547243019,22.789980354883152,177.25597695853045
1724949898759452717,272,-0.6406723983457014,-0.8219509709310301,6.250341938105975,78.70495654199617,13.119855816079376,155.00065591973961
1724949898925905894,682,-0.6934770022005209,-0.8900493015111755,6.46848036365023,82.32966419102222,23.10629989691815,177.72670654773418
1724949898925905894,272,-0.629178278604981,-0.8767384451224023,6.229599276642604,74.88639724580132,26.059384890824553,158.8989103949309
1724949899049838655,272,-0.7022715088482754,-0.9334885764208333,6.36539865747959,84.20484880716714,-21.46482159176134,176.85625857897443
1724949899203383290,272,-0.6974105074554136,-0.982113506953796,6.233637371123176,79.84179364697427,16.075913772440085,166.40323599109757
1724949899333584279,272,-0.7080427762055043,-1.016112984139897,6.131093173871658,81.54974425252976,7.898537455608627,157.4006031200195
1724949899466487873,272,-0.7099714169600544,-1.0243815687882338,6.164086432446272,82.40084595675626,7.452064148652575,163.74713213065516
1724949899598734956,272,-0.6976968875125703,-0.9921850781305118,6.0583850530026755,78.68375376044443,27.724138649481894,168.97910494377373
1724949900639022769,272,-0.6998505066578582,-0.971169158376172,6.055134891461872,80.12557331074028,19.660041193773697,166.9481205522714
1724949900786442039,272,-0.6563555810250331,-0.8744904628679783,5.716897789017823,83.04654396725965,5.7730210762832845,-169.61123799913813
1724949900934402404,272,-0.6848517407774166,-0.8662247744016092,5.879077029442838,83.01905187037161,11.535337892182461,-176.8509680161158
1724949901027840373,682,-0.6960431872717961,-0.7411893609488782,5.902589971852507,81.66115410322963,8.939698550001024,157.3295996485797
1724949901027840373,272,-0.6269256495334473,-0.7328380314576719,5.485648289975422,83.27708519607123,7.414492434084137,-164.9949330206456
1724949901117663706,682,-0.6784291838776917,-0.17119174136007725,5.855404940442742,79.96683319184454,17.784227653346576,172.56707613999865
1724949901117663706,272,-0.6451311326014791,-0.1928909014025834,5.687259312697906,84.11170689796165,-7.800114255089204,161.39154524218276
1724949901117663706,0,-0.6419164989636613,-0.18840785211850541,5.78748465570745,81.90822203425557,3.1272775301442484,173.44062468675065
1724949901248976727,0,-0.657860510651213,-0.19938351144973893,5.712479788982361,82.03451340654145,-1.7644446768447781,-178.7303657107542
1724949901248976727,682,-0.6909259940718179,-0.18257396231172934,5.720493175933706,82.18201600071147,1.1228011699372538,175.55584099212484
1724949901248976727,272,-0.6407125833328733,-0.18990676155404007,5.595795346768249,75.67537426759574,21.768479283239383,163.33610081033314
1724949901413069591,0,-0.6668546928828083,-0.37698931489357396,5.581893505354405,83.47277886109988,-5.1524071927917765,171.4163594741598
1724949901413069591,682,-0.6902901147866166,-0.35148000339816926,5.531975137583301,82.34565432837329,5.375131706346533,-173.0209159570003
1724949901413069591,272,-0.6578403242577228,-0.38935157812992466,5.45918889532459,81.99236777364244,1.8003894397164824,-175.15859705158582
1724949901533875424,682,-0.6831047723389957,-0.35937108086389524,5.426258314968909,87.32505942826639,-7.736469074743058,153.6836337486361
1724949901533875424,272,-0.7005664344693526,-0.3966451594155832,5.676016530026696,84.37088494389002,-7.534123611053784,170.02365925740614
1724949901533875424,0,-0.6831472273608964,-0.407350076507858,5.670691502539668,82.07971131451873,11.515187544192509,-177.30713153222933
1724949901682203081,0,-0.6894718267823361,-0.3257089477120063,5.440745772884088,82.08824393684898,3.0371924495705445,-169.81495131082033
1724949901682203081,682,-0.6905658383772275,-0.3022870115458204,5.291480624588126,83.10725831501327,1.544469354270503,-165.0639741288623
1724949901682203081,272,-0.7044419274901564,-0.3334435246757256,5.472264446038729,82.32479053092165,13.365934796469656,179.96332780632986
1724949901836296935,682,-0.7567477529663994,-0.2630854296076292,5.615350178400793,86.28336111782203,-12.133741956015177,169.27673315665527
1724949901836296935,272,-0.6866297009850195,-0.29083411996532854,5.3095406938443235,81.98039965756767,-6.214208297202231,-171.66142320618783
1724949901836296935,0,-0.7229279271347016,-0.2915125512805649,5.564619834771892,82.71407249357901,3.194748431304525,171.9968172775533
1724949901979914956,272,-0.7044272894647468,-0.2723165119179949,5.5188462726753365,81.63774940032897,4.64619412942797,163.02828131162974
1724949901979914956,0,-0.6923123940481589,-0.2647260849109191,5.446591207470926,84.0373901614975,-6.0432775001408485,167.55985725510288
1724949901979914956,682,-0.7268434144248543,-0.24239943281592335,5.490625072140046,87.21476273577143,-20.19550796725792,170.95863915639654
1724949902134031205,272,-0.6911357976807475,-0.3075735998443486,5.30576141974878,86.4883473618203,-7.443927463074349,153.49772699672312
1724949902134031205,0,-0.6825822488481437,-0.2996629467266368,5.380883907715639,83.50471109189645,-2.7654153166873012,167.58410469039342
1724949902134031205,682,-0.7209161039967521,-0.28434657519806633,5.485973094194617,85.58704909900625,-17.925715031952624,172.79388716108232
1724949902270067560,682,-0.7303530900186102,-0.23349522735726022,5.372072252747718,75.94192625801793,21.95752591750563,157.96896845545035
1724949902270067560,272,-0.6558807952752155,-0.2641800033644986,5.009372815346032,81.96271683288471,-0.2564798382215025,146.387137877833
1724949902270067560,0,-0.6985804769635827,-0.2602464869544507,5.318770655471614,81.96012966272313,2.6408431249514632,164.63208409308848
1724949902397461882,272,-0.7294070213246453,-0.2749726232678765,5.412456382438258,83.16122535701787,-16.913167994080453,178.3292156155843
1724949902397461882,0,-0.7289022136396246,-0.2824812924282498,5.358575227181718,82.40465263902301,-7.271986642036815,176.26394960875444
1724949902397461882,682,-0.7640601045077127,-0.2577976873115692,5.463680369563548,85.81246831504723,-6.407595019045609,166.39621272550798
1724949902533969591,682,-0.7896462064432859,-0.28058063410333356,5.431452802367796,78.35849213696935,25.942534587255462,166.59537977519201
1724949902533969591,272,-0.7284819950901655,-0.3004000627438697,5.203505219670903,79.53167012420064,6.819038831367423,155.98590146002857
1724949902533969591,0,-0.7464419321683482,-0.3019417040633004,5.324863646575476,82.41180427928161,-2.5290041698762256,170.7746196905897
1724949902664346101,272,-0.7107421205598248,-0.2934520646104646,4.855763188872766,82.4139312242956,-2.2813520113433214,-167.25909275820368
1724949902664346101,0,-0.7541771115659552,-0.27478410529479763,5.143319514934651,82.08440363794406,5.975337336996747,161.39875654782008
1724949902664346101,682,-0.7779181694880329,-0.2567365528040191,5.124490263479409,81.9010167839472,-2.3170819654649106,-171.54213581705946
1724949902800050164,272,-0.7575834705688443,-0.27621549855015876,5.349391076495551,86.0952152781807,-13.536202455286064,162.68826100855387
1724949902800050164,0,-0.7355669644496249,-0.27542426328669734,5.242057470839365,82.91947755341465,-2.1741309126165667,172.40106733043845
1724949902800050164,682,-0.7231920118434559,-0.2403162231226703,5.025644091180626,89.26979844888879,-10.492240833592263,151.8219359713981
1724949902933181257,272,-0.7059029312504126,-0.28647062091249387,5.175179791736783,81.89917551404936,5.777567047422065,174.13007100743374
1724949902933181257,0,-0.7009158768127426,-0.2711645282177625,5.177439149159939,81.61987320742337,8.84261820310599,164.50887337075764
1724949902933181257,682,-0.691827895169168,-0.245586282006088,4.943949755445628,82.67566484123296,7.515014634824613,-166.5268495486337
1724949903077906934,272,-0.7159884696052076,-0.2819412776801335,5.166043970223851,81.07478460227432,11.278116597441528,174.47672165115944
1724949903077906934,0,-0.7136418265522972,-0.2800585634261454,5.176969039156845,82.22074331075717,-1.7559189304043243,179.96097261505963
1724949903077906934,682,-0.6743297066359386,-0.2364012639499044,4.759020166867147,84.57318642618182,8.226615949246655,-162.46952293322983
1724949903228683809,272,-0.7011705902715064,-0.3058378633659711,5.1151521699269225,80.08643208307222,5.01096018118013,158.14108465608632
1724949903228683809,0,-0.7030728746170825,-0.2915410294451707,5.091012432971638,82.06447101600332,-3.5259337121677534,176.6658752754943
1724949903228683809,682,-0.7247432038288872,-0.2706255552303589,5.115983679601835,80.9871282143155,8.326462337491707,162.62925037348563
1724949903366650528,272,-0.6963519678440249,-0.34117719728340234,5.045548493548517,80.90132924535838,11.42726288330856,176.20816414749686
1724949903366650528,0,-0.6909849379691447,-0.33688041325712353,5.039423482699761,82.79559824473276,-4.523044135516348,171.1028583079233
1724949903366650528,682,-0.7383043678720165,-0.3296627139121677,5.211704715495565,81.93581492530485,-3.670241602780275,175.56494838050858
1724949903509330267,0,-0.6988367671992763,-0.2634462484324864,5.033799022928374,81.82537683194415,5.95163760030996,-171.39790306259465
1724949903509330267,682,-0.7229292682217118,-0.24511041594550675,5.000091351174388,82.48433484311963,11.802379643858954,-175.13839069433735
1724949903509330267,272,-0.693473979344595,-0.27415086562602603,4.905058696401869,82.15164202781371,3.8704226445871557,-176.00636432325942
1724949903658675215,272,-0.7190682500858335,-0.24212225248218788,5.0120947835225,79.25231119487222,5.9547976851992965,159.90412429443145
1724949903658675215,0,-0.7175360052158284,-0.23882590299127915,5.034208425644064,82.04404809030599,-0.088419856334326,171.42934229787534
1724949903658675215,682,-0.7598978753702419,-0.22453116596715955,5.107996044066065,81.99800656475134,0.917912747586866,175.93190490056085
1724949903803482038,272,-0.7765528845539154,-0.22982801872930617,5.100145036388581,85.26932233486167,-20.399324865137807,170.10686413318948
1724949903803482038,0,-0.7491690227883039,-0.24018266413720768,5.008277056229881,82.43786521853407,-4.526371202432725,171.9120004326747
1724949903803482038,682,-0.7530187827933603,-0.2093333239137199,4.860979028931113,83.21723563306472,21.336980743204133,-174.25965388062778
1724949903935580215,272,-0.7847800996956898,-0.26880842124251936,4.997294716287097,84.80645021255923,-10.081177834989475,160.60938653955225
1724949903935580215,0,-0.7391422676507329,-0.24686735820531325,4.842545691192543,83.63904402022082,-3.7557693177883733,163.10413184275677
1724949903935580215,682,-0.7901104064520819,-0.239713234164526,4.948634488279975,79.59312513632986,22.30493114207715,173.38546982345932
1724949904065133028,682,-0.7820315391739691,-0.2824990024129866,4.927074564117396,77.55959061962142,20.15388389891025,164.24121807744208
1724949904065133028,272,-0.7428002325009678,-0.31122883902468057,4.760147531651015,83.95652170440628,-5.129747914746614,150.02668270865962
1724949904065133028,0,-0.7392550932866928,-0.30359703331688803,4.809929627800978,82.67620689584223,-6.733440379697382,167.94041154076515
1724949904199164955,272,-0.7414009381810476,-0.2854173786990925,4.738231621608732,81.13833773595887,-9.300563909928266,-175.6055722561093
1724949904199164955,0,-0.759337206773617,-0.2842433890723741,4.819434130483341,81.66785194514391,-5.627280969665236,177.0088695261996
1724949904199164955,682,-0.7414505535908608,-0.24493302209804035,4.548401006718206,80.72110380518318,0.951273506163408,149.15622565525007
1724949904357495996,272,-0.7648277667606663,-0.22902522090545413,4.695119267839302,81.10080435970792,6.073791543655386,-179.8102844923827
1724949904357495996,0,-0.7571634176695734,-0.21387361308150865,4.72209102885078,81.97357308429527,2.3637454266542406,161.00638977908758
1724949904357495996,682,-0.7684724541253567,-0.19685993426542361,4.616170326467469,83.47761204472978,10.600968477844475,-171.20543472341154
1724949904477858132,272,-0.7806883484400886,-0.2114702030618342,4.739177279460995,81.60696004033552,4.809299669699866,172.45650533530804
1724949904477858132,0,-0.7779966245042189,-0.20218784460504063,4.78832062195539,82.52148583659128,-0.6376696691352514,170.6546877761153
1724949904477858132,682,-0.7820752124166,-0.17428220051593074,4.640254517112164,82.3776631834262,3.233566430821379,-172.61111716831635
1724949904582300892,682,-0.8007527257370027,-0.18852233583576314,4.703588186721235,82.4815257154882,-19.31865580160266,-179.16851657635902
1724949904582300892,272,-0.750247840780697,-0.2103220068859114,4.640259973331801,77.26196555550543,10.594895513184502,157.83817031280648
1724949904582300892,0,-0.7569286380448488,-0.2080151526720384,4.621108278355563,83.28577069876383,-7.880916657680735,169.19147502944443
1724949904703288704,272,-0.7693964122112663,-0.2203752668216498,4.64031769673778,78.57696179893328,7.836087811354569,157.16061538658877
1724949904703288704,0,-0.7708157088296692,-0.2195301036947896,4.607884132392827,83.71896896104734,-9.398919216570789,173.79388957366083
1724949904703288704,682,-0.7979786938179143,-0.1916313772815666,4.613798152771267,79.74062855481671,8.176344398779062,155.00219437721086
1724949904843435892,272,-0.7830096181594643,-0.2326813976655405,4.604188725374143,80.62619902461117,11.068988859545874,169.47832316057804
1724949904843435892,0,-0.768718545903624,-0.21924915942015588,4.534651454553021,83.93962848454652,-3.284775297061632,163.80148593828696
1724949904843435892,682,-0.8181904666680406,-0.21287528728201038,4.674234985359725,86.5162184616216,-20.47677026077201,173.4377864673347
1724949904990380631,682,-0.7652887901705662,-0.19446920881717,4.440830912646308,85.78644520866409,-2.3213251166226767,150.4511187473088
1724949904990380631,272,-0.735057473333001,-0.24167259121147375,4.330831261600241,84.75333095808996,3.9591468517175348,-172.99289191898725
1724949904990380631,0,-0.7779705314239396,-0.23033589940250054,4.6567879519342785,83.34298715010738,4.3473952316780675,179.1017254338581
1724949905157980371,682,-0.7746750025232426,-0.1979496776112681,4.598274969731681,89.43756241349406,-24.098531367415013,169.31514687702253
1724949905157980371,272,-0.7444622650702383,-0.2098729811564841,4.5690790939718395,80.04446336877905,13.834156177009623,165.63702820348522
1724949905157980371,0,-0.7451388701772379,-0.21462413339108471,4.589980049873268,83.37716160404652,3.4296461352539556,167.9636075806565
1724949905300015111,682,-0.7648489062050597,-0.18383755068496982,4.5427242659198575,88.35585084737698,-20.47494887144657,167.69641892262652
1724949905300015111,272,-0.7689954534973665,-0.20314477097246905,4.682911726621925,87.25139754938124,-19.07385587810392,168.10867605355983
1724949905300015111,0,-0.7329207641118285,-0.21130377816846074,4.509901109922883,84.72275629446999,-7.505446580230014,172.66263371463702
1724949905459732819,272,-0.7257887699735687,-0.22274016030414323,4.425152374528707,82.24343466390322,15.95086498817673,174.10805436501184
1724949905459732819,0,-0.7415918006559737,-0.22708144084839416,4.620252562582382,83.90666678599435,4.576652342591794,173.14661108526536
1724949905459732819,682,-0.738545814141859,-0.20165826870733472,4.412894604902334,85.01494505748698,18.68695473944712,-175.272895374453
1724949905568260579,272,-0.6862790760690334,-0.237599248848595,4.387076768110128,82.57269814619708,1.0353228174131255,153.23541409840146
1724949905568260579,0,-0.7018140755294833,-0.22752688831689,4.481364991887483,84.4081868370138,-1.6620385402041251,173.1051952720833
1724949905568260579,682,-0.7046490337511009,-0.19704532596204744,4.341470186255222,82.8768341913013,0.18476262090190707,-172.33283813744066
1724949905696276412,272,-0.7147960956452184,-0.22308419959661127,4.572542781810919,87.10211979620735,-19.592500571827056,167.68749252576026
1724949905696276412,0,-0.6711656712072076,-0.23027497801923363,4.358916844645878,85.00012282777703,-9.394294380603451,169.3836851370182
1724949905696276412,682,-0.7171749737967585,-0.2092731702348891,4.474678988399088,83.63528027965846,17.38101082371832,177.65235406506534
1724949905837139277,0,-0.6746048433203659,-0.23780562476802458,4.36298657363677,84.11872449924472,-4.877231618870047,169.06684874382347
1724949905837139277,682,-0.6932519461665795,-0.21106013187609388,4.304207531255289,82.41165331068835,-7.125503317801615,-172.26639975974246
1724949905837139277,272,-0.6570021046306482,-0.239780625834462,4.314549105705832,77.91412028259596,11.70943031193998,157.18859838013304
1724949905964670319,682,-0.6448692182670128,-0.23063907496565147,4.259089449498734,85.17633138242368,17.095036081576605,-172.33171924972117
1724949905964670319,272,-0.6227668426276968,-0.2609979973745799,4.20358652122261,82.96439597130538,11.217058572537612,-178.89383239660987
1724949906107562558,682,-0.5546023295342429,-0.3665516101546096,4.388754966672878,87.3940524493839,-15.962172300857752,167.86448331788043
1724949906107562558,272,-0.5173473300643259,-0.38742393723754676,4.308128918797419,80.70321572166019,14.526036847314563,172.390996390079
1724949906244718860,682,-0.544466177481492,-0.34905375249585363,4.317874228131104,78.40772746608901,17.62750688669784,162.2438211221876
1724949906244718860,272,-0.4855164788780525,-0.35646616886881116,4.042650517159412,81.42519342632535,-1.8489531482317807,-170.43878970723455
1724949906396481412,272,-0.5925541804252666,-0.26783104888233594,4.120496548117019,78.6530462762045,6.55954979937509,151.95651531920353
1724949906396481412,682,-0.5606018483649994,-0.206167804544582,3.7228755429522775,81.78160797009673,2.5355881816702475,140.908020880019
1724949906520838860,272,-0.6013916797576558,-0.2803179419906418,4.103222240498719,79.58641110199864,4.936134306178225,155.51573132698607
1724949906520838860,682,-0.6251352182767747,-0.2357969371922605,4.04981980900002,77.60629942791655,10.995837876471615,152.68674107183784
1724949906651016933,682,-0.57870772903073,-0.24766718170061275,3.9825337306073814,81.91762871355074,5.297531151931226,-166.42871863613775
1724949906651016933,272,-0.5742651353869983,-0.2928023507445937,4.101385242460153,82.67258436569455,-1.6530584891723294,155.93615524477872
1724949906779899797,272,-0.5667207773561341,-0.26840032484600257,4.023531040044992,80.01833090406205,2.6548749345098113,153.7816024987354
1724949906779899797,682,-0.5894090033207606,-0.23051534874427054,3.9860879602092143,77.87032488034443,10.981859724760389,153.15387671539256
1724949906921081516,682,-0.6201739160698696,-0.20855602146787666,4.158530115071728,81.26710075744796,6.4397373796216275,162.83923760461784
1724949906921081516,272,-0.6013977482377717,-0.22841828864954322,4.1866123256158625,84.18476371462201,-14.763797385633946,170.03036432048611
1724949907078907662,272,-0.5747008700906,-0.20890116723745386,4.005411359174143,81.64604766347013,6.674214747965969,177.8269609266751
1724949907078907662,682,-0.6092504673688868,-0.18626034976231284,4.114731519581631,81.17214926876325,13.772991036720525,177.36264305574534
1724949907239510631,0,-0.5733096656280657,-0.18424425187274734,4.109176214939197,82.61828913920128,-0.19608707030422595,175.74420929309258
1724949907239510631,682,-0.5823796190392999,-0.14852520316358628,3.9626894323022888,79.92656529132428,7.458340508284553,157.365359745247
1724949907239510631,272,-0.5577015316774817,-0.1828776108235794,4.009093215892554,80.27105174583949,3.0529340553801227,162.28977745388863
1724949907359178756,0,-0.541833536479215,-0.143114450442071,3.917185172622002,83.16557736888316,-0.28368968438107167,165.8414721132524
1724949907359178756,682,-0.5846007005022817,-0.13307707580466388,4.010355869608401,85.62772548392505,-23.912596041141747,172.66830707917248
1724949907359178756,272,-0.5748331331512944,-0.15180938508498365,4.060181853513609,85.10632159039011,-13.067839924546375,161.95006192051383
1724949907503988912,0,-0.5523437136668103,-0.12011239821890274,3.9901233579966555,81.50730669084011,9.788513593567252,-170.94439732469633
1724949907503988912,682,-0.5936656375116725,-0.09368345035861766,4.04248486158374,79.25946800910182,21.007214456022034,170.57657721771193
1724949907503988912,272,-0.5524541252482138,-0.11147326657084693,3.9369547119173496,81.57955276852122,-2.3020178242319247,176.63453410354435
1724949907651503703,0,-0.5542415867284094,-0.06381892269936301,3.964898591134823,81.99990620678861,-2.259144535185905,175.6584257155622
1724949907651503703,682,-0.5730157772115334,-0.03422213881801313,3.93105630533894,82.16187788921907,1.7297260355887325,162.11701895916693
1724949907651503703,272,-0.5432568988241944,-0.06605715396678546,3.9088632225713456,79.81806434379688,3.9380053779336937,162.0546552025354
1724949907783442037,272,-0.5516927125508418,-0.10193363109642417,3.913732195094576,82.17428464077403,-2.6064338538959912,162.87612013790573
1724949907783442037,0,-0.544903870988408,-0.08678139614216668,3.903117803416121,82.524610208592,-1.787930072778227,171.83457528738094
1724949907783442037,682,-0.5640605185723746,-0.06715676109128652,3.849112937553261,82.17527992037202,0.16157413440525895,-173.7912279367675
1724949907908008443,0,-0.5415979559874038,-0.14504728570844055,3.8897557738316344,82.16118290876639,-0.3426083493526846,-179.92779270873692
1724949907908008443,682,-0.5683361668604057,-0.12257843132583036,3.8872622134722317,76.69664893189902,24.62700333336956,163.84758541279157
1724949907908008443,272,-0.5304796907888674,-0.14535026687205316,3.82568215918319,79.60632678997989,7.340081772811333,167.10835080078883
1724949907992206047,0,-0.5373420015575416,-0.14716967543355808,3.7732629933845905,83.47886166527033,-3.457530377716929,170.4482892077149
1724949907992206047,682,-0.5770650617747486,-0.13104098994445845,3.8477007654324353,76.67012953037988,20.55737696666662,160.70334902309892
1724949907992206047,272,-0.5700061687261504,-0.1394861745054087,3.9345548009056843,86.31663339158126,-21.59728820486676,168.09101572033487
1724949908082754276,0,-0.5798940782453119,-0.21206871748594974,4.3393311737577385,81.91261309783954,3.918041870994454,174.58162657551082
1724949908082754276,682,-0.5690717181672296,-0.12910793092296668,3.8390434141687906,78.71146997833532,20.937577973422382,167.83637812942067
1724949908082754276,272,-0.5335155767792807,-0.14715142834622447,3.7672851375297194,81.01507824804736,6.18722603734108,174.22384495832102
1724949908234342349,272,-0.5376794006137159,-0.1232005879306612,3.7518188809266464,79.73032057297932,9.415529436658968,167.1608243652239
1724949908234342349,0,-0.5394721992798597,-0.1262477858467767,3.780699713910945,82.72721636293582,-1.5010044781338248,171.62111600746354
1724949908234342349,682,-0.5512868832972173,-0.09518036677736,3.6769258118438204,82.90408039017372,4.205840842015766,-171.18998366982413
1724949908376575526,0,-0.5322359704321176,-0.12874500961022062,3.713689684132385,83.02171011413239,-5.121795908108612,173.90123324501207
1724949908376575526,682,-0.5559753358616163,-0.10527160201010763,3.7170532305116084,84.69166662839059,-23.236025465232494,177.07247082329155
1724949908376575526,272,-0.5512774272112726,-0.12691955415964143,3.8066868214251732,85.3042412789291,-13.427462550002222,163.11008207122742
1724949908515153391,0,-0.5149824232321808,-0.13196380786610534,3.6363029962486153,83.50363820088315,-6.449842624309136,170.02661150981533
1724949908515153391,682,-0.5562865899396047,-0.11224827388473424,3.7556527004896374,84.28758564700713,-15.55945809007236,175.4935885128389
1724949908515153391,272,-0.5417293150498126,-0.13617613653786778,3.7941869501493772,82.76939379208045,-3.785286001180792,170.28290338511664
1724949908660883390,0,-0.5608367882195038,-0.18576692732976618,4.196628600337892,81.80882111604524,7.077321107042087,178.27512100027664
1724949908660883390,682,-0.5481464683701217,-0.11111368630307608,3.685329919767978,81.68326346358428,24.688634583731638,177.5178406181604
1724949908660883390,272,-0.5280561142345183,-0.13512722729465015,3.669013874006151,82.54602860585167,-0.45043927817874524,179.50547765795304
1724949908785906307,272,-0.5314082715472777,-0.11468792880834673,3.6857922968589687,79.82140961441617,6.981400334954162,168.9941151936853
1724949908785906307,0,-0.5210988359897128,-0.107292280865813,3.6453089150270808,82.77342334614755,2.364006266450148,165.8886535295105
1724949908785906307,682,-0.5584292628655604,-0.09437243562058237,3.6789208084387712,81.86749213550476,-12.683878932960734,-178.79215539062668
1724949908922541672,272,-0.5419930869551757,-0.10548210708564781,3.674408918610686,83.54498597157222,-7.989230650447626,160.4311398004405
1724949908922541672,0,-0.5248553486956764,-0.09320712988399349,3.6051869393462503,82.33095511805331,-2.703904321543203,168.99889279862538
1724949908922541672,682,-0.5465257615899295,-0.07169795101272688,3.5822387302694847,82.26921654969253,0.24322960081052455,-174.49817308614178
1724949909046368390,272,-0.5327237473095945,-0.10930481072602662,3.6311827575110422,80.56211441718084,0.9301041280620417,164.56604776760423
1724949909046368390,0,-0.5267284411204166,-0.10773050884898899,3.6692882060629444,81.18817689981668,9.155441381723739,-172.91386335150204
1724949909046368390,682,-0.5647319423721786,-0.08627021008751265,3.6815300617717313,79.505203870352,15.715168150231431,169.3673895294587
1724949909190485630,0,-0.5312402350549517,-0.11020777792914532,3.5783512263504664,81.79894578360279,-1.9709499353713658,169.6567078195127
1724949909190485630,682,-0.5555062497391988,-0.08597998494449913,3.5534343344570263,82.80490409664986,-3.194863962281218,162.1237291275371
1724949909190485630,272,-0.5391608637943142,-0.11895808643917104,3.5998564474650463,80.95451578078165,-2.3522820127464894,161.2937701206846
1724949909320810838,0,-0.5323868137460874,-0.10814451858785462,3.5309963964639186,82.30488215841368,-7.263825881505873,173.01325401904555
1724949909320810838,682,-0.57312401250955,-0.08441903767824324,3.627800990029232,83.43102671153156,-12.635284424715211,175.27187289611993
1724949909320810838,272,-0.5339135763287604,-0.11161992741482499,3.52277163101018,80.3730317094485,3.5262322179337016,177.47415519443868
1724949909447425369,272,-0.5414790503049125,-0.11054273851898144,3.5407340932095006,79.59848027684484,2.893433804678742,163.5975841585606
1724949909447425369,0,-0.5447976794580327,-0.10402177516600997,3.5794068142240807,80.68425492225273,2.328654605532731,-179.7221581271435
1724949909447425369,682,-0.5680674268474079,-0.08214394095528577,3.5406889660702947,77.96176748630789,10.551048984174164,159.94069848100898
1724949909576199328,682,-0.5530835221880641,-0.0970048420591754,3.397021061161692,81.91142399053365,5.4387653436077334,-171.2337979477647
1724949909576199328,272,-0.5494336892933385,-0.13263169824823057,3.5220465851549028,79.77270577820178,3.1767005118219562,166.3671917378342
1724949909705492765,682,-0.5644987387867499,-0.09893287731351502,3.4684885787926163,82.67118386846563,-3.5144198678910374,162.2390464925351
1724949909705492765,272,-0.5339535951477385,-0.13369296594877583,3.383516962021895,82.34938805378549,1.3199786242385836,-178.85188002791173
1724949909839264536,682,-0.5365893445127594,-0.07190909905447265,3.254478226414284,81.36507970897452,0.5338836590185789,-166.85489778296264
1724949909839264536,272,-0.5460638938319895,-0.11014462572089531,3.4636242823084222,81.14046110221858,-2.157179943051736,158.06943697568315
1724949909970460838,272,-0.5503621718149365,-0.10231672170362813,3.3552770029289825,82.11546475231367,-4.922108225510234,179.34597476680904
1724949909970460838,0,-0.5653596550071378,-0.09758003592432629,3.4782711808278797,80.45053795137638,6.663089638671582,-178.93697404107743
1724949909970460838,682,-0.5876494535872332,-0.06885649209461853,3.4402315729796804,81.23748372932462,8.29058813294159,175.27917023143274
1724949910112789796,272,-0.5551620563288434,-0.08372022605164203,3.346028706666732,81.41496758314823,1.9224139087252161,177.16131331276767
1724949910112789796,0,-0.5386750854597986,-0.0672356937635169,3.276506218703447,82.95251590254682,-2.7491331073076797,163.53575110518094
1724949910112789796,682,-0.5458247494928938,-0.0461428609730815,3.162801743592421,82.38338752177377,-0.39898576262332025,148.18484763063847
1724949910260451254,0,-0.5200687642941189,-0.0016875269782778424,3.205385231074094,83.24597022599423,-2.0964388672903382,160.8260053520256
1724949910260451254,682,-0.561712617340795,0.015812114967732018,3.3057921508049732,83.05357254361684,7.861804606851452,-174.46083923583294
1724949910411356827,0,-0.5379192613782764,0.07410471554677794,3.3486980604848795,82.26475158611787,2.193968174262483,174.17680708289282
1724949910411356827,682,-0.5588978310516508,0.09834729375256955,3.302247011766957,84.68803646561425,-6.117656941817463,159.83069783407333
1724949910548185786,0,-0.5394924053118801,0.08702771758954067,3.2544200026290353,82.28177224840016,-1.2853987526601542,167.9365216039438
1724949910548185786,682,-0.5658770565716882,0.10817665241249265,3.254128382189973,83.08221690074625,-0.2523121289023768,-176.34462412386975
1724949910680770629,0,-0.5578155542679961,0.07041001422077497,3.2399047645656363,82.75317528252073,-4.645123321469431,172.47441139385683
1724949910680770629,682,-0.5906582514371739,0.09093497082702771,3.2738745443942814,81.00669714279674,6.465980351147206,168.93953800698216
1724949910804494223,0,-0.5392036514826583,0.04204574162904212,3.200912849544225,83.19723743486416,-8.078135168737916,172.92855012507704
1724949910804494223,682,-0.5786221630051734,0.06786940715216679,3.28351916623099,83.96904495746024,-14.638164670694403,175.41026867635887
1724949910932637035,0,-0.5358600924999524,0.0036546682540485875,3.1686521300448427,82.75117483393318,-3.1150843145032194,170.7070161911494
1724949910932637035,682,-0.5619752547610165,0.02257149163894396,3.166043695713917,83.04865088158391,-0.30779605055768366,-179.021767394007
1724949911062271671,0,-0.5268357493792055,-0.03178849526074373,3.1012438185459517,82.5654884591076,0.5082352953803645,166.01553411377614
1724949911062271671,682,-0.536881913840046,-0.012417009666555616,3.0172857096839603,81.91052698942931,1.9271552135662617,152.27492511980157
1724949911062271671,272,-0.5604800146296207,-0.038637031681441475,3.248991655947644,85.52993121253171,-15.444931593026672,162.86275777657775
1724949911193241775,0,-0.5638865258703225,-0.07626789951158791,3.3996273453064885,82.39956412439103,1.3550776540873208,163.7013677741335
1724949911193241775,682,-0.5508350320359205,-0.02037228099364472,3.0096957398139845,79.96300040243106,6.623142872506161,152.4202483386716
1724949911193241775,272,-0.5442598935257779,-0.05115524332542498,3.117225845268565,80.8035778482128,4.447918080096585,171.50177236987534
1724949911325488754,272,-0.5470898621706793,-0.05942939601311048,3.064253362024991,81.65000843563826,0.7495486023688751,172.8800763818572
1724949911325488754,682,-0.5808946242355482,-0.030850739872743824,3.1090617848206117,81.16806024520133,12.790360159815588,169.28511302160214
1724949911435352348,272,-0.5804352177590739,-0.06464154812806644,3.1772558121559373,86.2898064265884,-15.367218130155157,162.3937641098382
1724949911435352348,682,-0.5726203816075158,-0.04249965029586991,3.050266159172023,84.00219039667073,-13.477477989194412,176.53082092292507
1724949911504838233,272,-0.5448571760371935,-0.096872668887791,3.023543316671424,79.66549801865162,6.88208955769905,163.31472461089012
1724949911504838233,682,-0.5711884603238714,-0.06925297236460243,3.013406150343897,82.67604000580975,4.805130601834288,177.95444008001593
1724949911613194848,682,-0.5517093151531982,-0.07322470134068057,2.8811515686318327,85.10744031620865,-3.4254911980705547,152.40406373333585
1724949911613194848,272,-0.5482755203725298,-0.1125567188544061,2.9850981182452743,82.06874408096232,-2.0938773078967348,153.74472032376167
1724949911743610941,682,-0.555412981050141,-0.06997061404060184,2.8115490947232,84.22068484860164,-1.432223261591754,150.294106047526
1724949911743610941,272,-0.5574893499558733,-0.10157835896682407,2.956125441472573,80.98334984654515,1.6412374684895907,170.89264635529975
1724949911875295212,272,-0.5506183260432844,-0.09997547026131734,2.8798235423892806,82.47059634811953,4.528940441269016,176.5053595543705
1724949911875295212,682,-0.5815041621512357,-0.07094448430418515,2.926925002233148,78.20854350607922,13.941452629558118,158.38361598450746
1724949912013333858,272,-0.5514306349384198,-0.10304652222441271,2.9085854744630204,81.22348837023301,5.282272912217539,166.2557250862542
1724949912013333858,682,-0.5722348481483686,-0.07240634665058246,2.8915406627180804,83.85293206972969,9.339828119754701,-178.9858657333321
1724949912139356722,272,-0.5646374332978366,-0.1067296876898428,2.9332799559002223,84.59496279422908,-6.471986729738624,155.8692186811317
1724949912139356722,682,-0.5777437543216356,-0.07531731201485448,2.8992342888300624,82.20958851192988,13.623351612188609,174.51417531951992
1724949912270716045,272,-0.5515326986506313,-0.09560210125037502,2.8499703923548183,82.16961777897271,4.212109038270493,168.74094578301407
1724949912270716045,682,-0.5777052685947418,-0.06974932874551862,2.854701082154789,84.13517633580717,2.501448611928757,178.0366972911018
1724949912396782347,272,-0.5685734767680343,-0.0819689185542467,2.90525588439514,87.08016592888146,-11.646105438986524,156.17476158768392
1724949912396782347,682,-0.5721722321691848,-0.05916340938953715,2.8457558889867554,82.56479797407229,16.91694149599568,175.03389332646884
1724949912531258493,272,-0.5401030704913532,-0.11636366832293903,2.810935325376025,82.81888582121636,3.9143995517425134,166.70615390551183
1724949912531258493,682,-0.5643085612360019,-0.08720916892609733,2.8177187686548506,80.62948680276867,23.938126427821633,168.73404908723833
1724949912680114170,682,-0.5292861209814205,-0.07529835800747747,2.685132642545613,84.9325928360958,3.971791275506443,-174.0841839743648
1724949912680114170,272,-0.5070827344178277,-0.10514766052030633,2.6744261100618445,83.04410374784878,6.46494351612167,177.4451125643445
1724949912818823962,682,-0.5223967995340265,-0.0055232033170669464,2.593918425420447,84.87640182845736,4.040832614166977,-172.27784518899526
1724949912961758181,0,-0.5040105165282827,0.08049281788106613,2.5460211440235287,83.98117236657194,1.9174305901855062,158.46689085505946
1724949912961758181,682,-0.5340984765361106,0.09654033867472359,2.5727180502192613,85.38575136487988,-5.773248222013776,153.2332329624116
1724949913099386774,0,-0.4952614636728292,0.10636981889327829,2.572086395624951,84.87112028522634,-7.612710941145774,167.68217085346643
1724949913099386774,682,-0.5383556504061765,0.13196622847493203,2.6714579824575053,81.71802711283816,8.577246916516106,167.99168642556157
1724949913230393389,0,-0.47509560235933207,0.07691138463925495,2.5402702145197043,83.97796688910033,-10.062659296136601,173.12089308755566
1724949913230393389,682,-0.5160996349810081,0.1012960016966341,2.6393255242593896,81.47912661671799,7.56300061767922,166.61977938710902
1724949913350936774,0,-0.506490636218662,0.05550036156676072,2.555507660850702,82.27936036454332,-3.5173305592096784,178.90120694310758
1724949913350936774,682,-0.5403178834054999,0.07375671317471197,2.5760859933288773,84.44782460814953,-19.25505272161038,172.8584059148887
1724949913503664326,0,-0.5582344032971127,0.019873625923505278,2.7463633187903143,82.13524427161866,-0.46790030078127814,177.78479672767278
1724949913503664326,682,-0.5548157304816504,0.060291931842462815,2.4923917214258875,86.6776681685023,-14.04890362478178,160.59316087226483
1724949913629860836,682,-0.5404911057632966,0.06163314660909334,2.486571627632582,80.44217329296661,15.918340519139019,172.81311065288338
1724949913763611566,0,-0.4773349052461205,0.06544593504544027,2.3793482825677073,83.37617894765985,-1.460602575820163,165.15600205815736
1724949913763611566,682,-0.5187042982434711,0.08420801308594358,2.440661431591386,85.14520488050259,-13.500561718603372,166.78211410476027
1724949913910411409,0,-0.49903288365079357,0.07912531388212735,2.4506781209541995,81.78450043017281,3.0245796602327,-176.38524643693313
1724949913910411409,682,-0.5250370488885308,0.10386142420866101,2.4162644377479183,80.71539549418571,2.510471048730565,161.16482164172555
1724949914053205941,0,-0.5055548323328818,0.10331443492122241,2.3559293502948866,82.72374867563336,-2.1686965968696486,172.78296359849017
1724949914053205941,682,-0.5362182463960894,0.12137550193914703,2.372305798280087,79.29927198275341,18.61756298199527,170.34845051766587
1724949914188160888,0,-0.4904607544513819,0.08529884317826353,2.284556507421575,83.58309484309233,-6.8067317643126675,170.0279508007238
1724949914188160888,682,-0.5208895872380186,0.1088394092519942,2.319690456551412,83.41951764410658,3.598352096449865,179.34381775644974
1724949914310899638,682,-0.5153907180422422,0.09354862186542615,2.295484069272635,80.54818984528107,6.421577575284517,163.10670936130413
1724949914443922763,682,-0.4955522032465476,0.10352675500219427,2.1655823670488683,84.82120329600453,-4.436220168492129,151.17773877445413
1724949914568880992,682,-0.5284239963781674,0.09266581618650294,2.2283568228777457,82.5355239691705,10.558093940019218,174.43860941592573
1724949914697234013,682,-0.5456036004349999,0.05622539600371841,2.208611127857879,83.32841058191794,5.186283292867681,169.7359641264664
1724949914823285107,682,-0.5403287269968803,0.0019356320929512158,2.1260874370888967,85.10787428297927,-5.123853538324699,177.79241182443596
1724949915539422346,682,-0.5081635103142069,0.0729274523902139,2.010952607906172,85.48436336760868,0.9768727941867817,-172.52121061612718
1724949915664254742,682,-0.5146295678151007,0.13209183774625155,2.040590124879675,85.18064211882576,5.118837393150304,-178.47213209788706
1724949915800693075,0,-0.47289609193444365,0.14960752736643446,1.9856461392476008,85.1306589091065,0.4126219902348053,163.69246895260824
1724949915800693075,682,-0.49611594477045384,0.16585771348138106,1.9735156996735703,85.24611724807328,-0.9537245059583228,-176.43698549165262
1724949915941346356,0,-0.47716738110807255,0.14607401354074653,1.9566436290252214,85.93319563246823,-8.793925075695496,174.17920404910967
1724949915941346356,682,-0.5115260116506937,0.1660148704661748,1.9913192981093497,86.99403147675892,-15.846375266974142,171.53463615185794
1724949916076945158,682,-0.49274674020085,0.09782605557514537,1.8096896517520205,80.79498395205388,6.156874901826577,159.9483820721787
1724949916207742815,682,-0.4941046077659028,0.10698540647670171,1.7523117325901092,84.09131773978497,-5.26539626595459,176.01716942282454
1724949916354705002,682,-0.5012837960880742,0.1042587764467168,1.76141900046516,82.24800839704699,9.29663196169645,173.94955364689633
1724949916473476148,682,-0.4829942952374155,0.09999118953096442,1.7025139076276903,81.64719662090181,7.37674682896207,170.75589347628576
1724949916591214117,682,-0.45533735409508486,0.10880017576023063,1.6306298407997506,82.76611494049179,-0.1254188118442069,178.0221633431406
1724949916727968492,682,-0.44693741169160806,0.10896487491412223,1.620629829198698,82.26559705682459,4.516345613852472,177.8868519744102
1724949916843546825,682,-0.441876733824813,0.08419736542617395,1.5896110453613925,82.19186709341118,2.7602475045209984,178.57148535871332
1724949916974958960,682,-0.4113469379155374,0.09044008834406712,1.4863983670183825,85.06324436539057,-7.926085612394017,150.23171621780725
1724949917146498804,682,-0.4241593832674092,0.09394841521465537,1.5012788074687025,83.55176351957792,-8.086686177925756,171.755276251844
1724949917255582189,682,-0.4093758929322937,0.08920833409802009,1.448222566862421,82.92207972838149,-0.3325193005583117,-179.67618586838918
1724949917386387450,682,-0.4086648297415847,0.1047716971907845,1.4313974871105,82.28910756880465,-1.7375994625854487,176.2661011982779
1724949917526459585,682,-0.38613032497732136,0.1118685022933628,1.3971625562106336,81.35010567051003,6.3521222530228,172.60846080644765
